case_id,query,claim_type,risk_tier,difficulty,document_id,chunk_id,document_title,document_text,relevance,evidence_span,annotation_reason,authority_tier,confidence,annotator_id,review_timestamp
v3.1h-001,How does metformin inhibit hepatic gluconeogenesis?,Pharmacology,R1,MECHANISM,27148747,chunk-27148747-001,"Alendronate Sodium as Enteric Coated Solid Lipid Nanoparticles; Preparation, Optimization, and In Vivo Evaluation to Enhance Its Oral Bioavailability.","Alendronate Sodium as Enteric Coated Solid Lipid Nanoparticles; Preparation, Optimization, and In Vivo Evaluation to Enhance Its Oral Bioavailability.",PENDING,,,PubMed_Central,,,
v3.1h-001,How does metformin inhibit hepatic gluconeogenesis?,Pharmacology,R1,MECHANISM,27956102,chunk-27956102-001,Pharyngolaryngeal ulcers associated with the improper use of alendronate.,Pharyngolaryngeal ulcers associated with the improper use of alendronate.,PENDING,,,PubMed_Central,,,
v3.1h-001,How does metformin inhibit hepatic gluconeogenesis?,Pharmacology,R1,MECHANISM,28520369,chunk-28520369-001,Celecoxib Therapy and CYP2C9 Genotype.,Celecoxib Therapy and CYP2C9 Genotype.,PENDING,,,PubMed_Central,,,
v3.1h-001,How does metformin inhibit hepatic gluconeogenesis?,Pharmacology,R1,MECHANISM,28520381,chunk-28520381-001,Metoprolol Therapy and CYP2D6 Genotype.,Metoprolol Therapy and CYP2D6 Genotype.,PENDING,,,PubMed_Central,,,
v3.1h-001,How does metformin inhibit hepatic gluconeogenesis?,Pharmacology,R1,MECHANISM,29262813,chunk-29262813-001,Renoprotective RAAS inhibition does not affect the association between worse renal function and higher plasma aldosterone levels.,Renoprotective RAAS inhibition does not affect the association between worse renal function and higher plasma aldosterone levels.,PENDING,,,PubMed_Central,,,
v3.1h-001,How does metformin inhibit hepatic gluconeogenesis?,Pharmacology,R1,MECHANISM,29856752,chunk-29856752-001,Quality by design approach to optimize the formulation variables influencing the characteristics of biodegradable intramuscular in-situ gel loaded with alendronate sodium for osteoporosis.,Quality by design approach to optimize the formulation variables influencing the characteristics of biodegradable intramuscular in-situ gel loaded with alendronate sodium for osteoporosis.,PENDING,,,PubMed_Central,,,
v3.1h-001,How does metformin inhibit hepatic gluconeogenesis?,Pharmacology,R1,MECHANISM,30422511,chunk-30422511-001,Vitamin A Toxicity.,Vitamin A Toxicity.,PENDING,,,PubMed_Central,,,
v3.1h-001,How does metformin inhibit hepatic gluconeogenesis?,Pharmacology,R1,MECHANISM,30626809,chunk-30626809-001,Symptoms and Upper Gastrointestinal Mucosal Injury Associated with Bisphosphonate Therapy.,Symptoms and Upper Gastrointestinal Mucosal Injury Associated with Bisphosphonate Therapy.,PENDING,,,PubMed_Central,,,
v3.1h-001,How does metformin inhibit hepatic gluconeogenesis?,Pharmacology,R1,MECHANISM,31583609,chunk-31583609-001,Physiologically Based Pharmacokinetic Modelling to Identify Pharmacokinetic Parameters Driving Drug Exposure Changes in the Elderly.,Physiologically Based Pharmacokinetic Modelling to Identify Pharmacokinetic Parameters Driving Drug Exposure Changes in the Elderly.,PENDING,,,PubMed_Central,,,
v3.1h-001,How does metformin inhibit hepatic gluconeogenesis?,Pharmacology,R1,MECHANISM,32666144,chunk-32666144-001,Upper gastrointestinal safety of oral bisphosphonate in hospitalized patients.,Upper gastrointestinal safety of oral bisphosphonate in hospitalized patients.,PENDING,,,PubMed_Central,,,
v3.1h-001,How does metformin inhibit hepatic gluconeogenesis?,Pharmacology,R1,MECHANISM,32699722,chunk-32699722-001,Metformin Associated Lactic Acidosis in the Intensive Care Unit: A Rare Condition Mimicking Sepsis.,Metformin Associated Lactic Acidosis in the Intensive Care Unit: A Rare Condition Mimicking Sepsis.,PENDING,,,PubMed_Central,,,
v3.1h-001,How does metformin inhibit hepatic gluconeogenesis?,Pharmacology,R1,MECHANISM,33048477,chunk-33048477-001,Impact of Green Tea Catechin Ingestion on the Pharmacokinetics of Lisinopril in Healthy Volunteers.,Impact of Green Tea Catechin Ingestion on the Pharmacokinetics of Lisinopril in Healthy Volunteers.,PENDING,,,PubMed_Central,,,
v3.1h-001,How does metformin inhibit hepatic gluconeogenesis?,Pharmacology,R1,MECHANISM,33777146,chunk-33777146-001,Severe Oral Mucosal Ulceration Associated with Oral Bisphosphonate Use: The Importance of Imparting Proper Instructions on Medication Administration and Intake.,Severe Oral Mucosal Ulceration Associated with Oral Bisphosphonate Use: The Importance of Imparting Proper Instructions on Medication Administration and Intake.,PENDING,,,PubMed_Central,,,
v3.1h-001,How does metformin inhibit hepatic gluconeogenesis?,Pharmacology,R1,MECHANISM,33986677,chunk-33986677-001,"Radiation Increases Bioavailability of Lisinopril, a Mitigator of Radiation-Induced Toxicities.","Radiation Increases Bioavailability of Lisinopril, a Mitigator of Radiation-Induced Toxicities.",PENDING,,,PubMed_Central,,,
v3.1h-001,How does metformin inhibit hepatic gluconeogenesis?,Pharmacology,R1,MECHANISM,34258506,chunk-34258506-001,A Prospective Open-Label Observational Study of a Buffered Soluble 70 mg Alendronate Effervescent Tablet on Upper Gastrointestinal Safety and Medication Errors: The GastroPASS Study.,A Prospective Open-Label Observational Study of a Buffered Soluble 70 mg Alendronate Effervescent Tablet on Upper Gastrointestinal Safety and Medication Errors: The GastroPASS Study.,PENDING,,,PubMed_Central,,,
v3.1h-001,How does metformin inhibit hepatic gluconeogenesis?,Pharmacology,R1,MECHANISM,36300543,chunk-36300543-001,"The effect of diminazene, an angiotensin-converting enzyme 2 activator, on adenine-induced chronic kidney disease in rats.","The effect of diminazene, an angiotensin-converting enzyme 2 activator, on adenine-induced chronic kidney disease in rats.",PENDING,,,PubMed_Central,,,
v3.1h-001,How does metformin inhibit hepatic gluconeogenesis?,Pharmacology,R1,MECHANISM,37539955,chunk-37539955-001,Interventions for chronic kidney disease in people with sickle cell disease.,Interventions for chronic kidney disease in people with sickle cell disease.,PENDING,,,PubMed_Central,,,
v3.1h-001,How does metformin inhibit hepatic gluconeogenesis?,Pharmacology,R1,MECHANISM,37715904,chunk-37715904-001,Associations of metal mixtures with thyroid function and potential interactions with iodine status: results from a cross-sectional study in MEWHC.,Associations of metal mixtures with thyroid function and potential interactions with iodine status: results from a cross-sectional study in MEWHC.,PENDING,,,PubMed_Central,,,
v3.1h-001,How does metformin inhibit hepatic gluconeogenesis?,Pharmacology,R1,MECHANISM,37746873,chunk-37746873-001,Longitudinal Trajectory of Opioid Prescribing and its Associated Serious Adverse Events: A Population-Wide Cohort Study in Taiwan.,Longitudinal Trajectory of Opioid Prescribing and its Associated Serious Adverse Events: A Population-Wide Cohort Study in Taiwan.,PENDING,,,PubMed_Central,,,
v3.1h-001,How does metformin inhibit hepatic gluconeogenesis?,Pharmacology,R1,MECHANISM,38006536,chunk-38006536-001,Clinical and Laboratory Factors Related to Seizure and Serotonin Toxicity in Tramadol Intoxication: An Egyptian Study.,Clinical and Laboratory Factors Related to Seizure and Serotonin Toxicity in Tramadol Intoxication: An Egyptian Study.,PENDING,,,PubMed_Central,,,
v3.1h-001,How does metformin inhibit hepatic gluconeogenesis?,Pharmacology,R1,MECHANISM,38053572,chunk-38053572-001,Nephroprotective effects of diminazene on doxorubicin-induced acute kidney injury in rats.,Nephroprotective effects of diminazene on doxorubicin-induced acute kidney injury in rats.,PENDING,,,PubMed_Central,,,
v3.1h-001,How does metformin inhibit hepatic gluconeogenesis?,Pharmacology,R1,MECHANISM,38374855,chunk-38374855-001,An Unusual Presentation of Cobblestone Esophagus From Bisphosphonate Use.,An Unusual Presentation of Cobblestone Esophagus From Bisphosphonate Use.,PENDING,,,PubMed_Central,,,
v3.1h-001,How does metformin inhibit hepatic gluconeogenesis?,Pharmacology,R1,MECHANISM,38676494,chunk-38676494-001,"A Review of the Association between Infections, Seizures, and Drugs.","A Review of the Association between Infections, Seizures, and Drugs.",PENDING,,,PubMed_Central,,,
v3.1h-001,How does metformin inhibit hepatic gluconeogenesis?,Pharmacology,R1,MECHANISM,38710058,chunk-38710058-001,"The Salutary Effects of Diminazene, Lisinopril or Valsartan on Cisplatin - Induced Acute Kidney Injury in Rats: A Comparative Study.","The Salutary Effects of Diminazene, Lisinopril or Valsartan on Cisplatin - Induced Acute Kidney Injury in Rats: A Comparative Study.",PENDING,,,PubMed_Central,,,
v3.1h-001,How does metformin inhibit hepatic gluconeogenesis?,Pharmacology,R1,MECHANISM,38758406,chunk-38758406-001,Screening for ferroptosis genes related to endometrial carcinoma and predicting of targeted drugs based on bioinformatics.,Screening for ferroptosis genes related to endometrial carcinoma and predicting of targeted drugs based on bioinformatics.,PENDING,,,PubMed_Central,,,
v3.1h-001,How does metformin inhibit hepatic gluconeogenesis?,Pharmacology,R1,MECHANISM,38832136,chunk-38832136-001,From pill to pain: Alendronate-induced esophageal injury-A case report and review.,From pill to pain: Alendronate-induced esophageal injury-A case report and review.,PENDING,,,PubMed_Central,,,
v3.1h-001,How does metformin inhibit hepatic gluconeogenesis?,Pharmacology,R1,MECHANISM,39074188,chunk-39074188-001,Sex Differences in Physiological Responses to a National Collegiate Athletic Association Division I Soccer Season.,Sex Differences in Physiological Responses to a National Collegiate Athletic Association Division I Soccer Season.,PENDING,,,PubMed_Central,,,
v3.1h-001,How does metformin inhibit hepatic gluconeogenesis?,Pharmacology,R1,MECHANISM,39114562,chunk-39114562-001,A network meta-analysis: evaluating the efficacy and safety of concurrent proton pump inhibitors and clopidogrel therapy in post-PCI patients.,A network meta-analysis: evaluating the efficacy and safety of concurrent proton pump inhibitors and clopidogrel therapy in post-PCI patients.,PENDING,,,PubMed_Central,,,
v3.1h-001,How does metformin inhibit hepatic gluconeogenesis?,Pharmacology,R1,MECHANISM,39430173,chunk-39430173-001,Prospective Trial on the Pharmacokinetics of Clopidogrel in Hemodialysis Patients.,Prospective Trial on the Pharmacokinetics of Clopidogrel in Hemodialysis Patients.,PENDING,,,PubMed_Central,,,
v3.1h-001,How does metformin inhibit hepatic gluconeogenesis?,Pharmacology,R1,MECHANISM,39817374,chunk-39817374-001,Delineating CYP2C19-mediated Interactions: Network Pharmacology Investigation of Ilaprazole and Clopidogrel versus Conventional Proton Pump Inhibitors.,Delineating CYP2C19-mediated Interactions: Network Pharmacology Investigation of Ilaprazole and Clopidogrel versus Conventional Proton Pump Inhibitors.,PENDING,,,PubMed_Central,,,
v3.1h-001,How does metformin inhibit hepatic gluconeogenesis?,Pharmacology,R1,MECHANISM,40149400,chunk-40149400-001,The Association Between Statin Drugs and Rhabdomyolysis: An Analysis of FDA Adverse Event Reporting System (FAERS) Data and Transcriptomic Profiles.,The Association Between Statin Drugs and Rhabdomyolysis: An Analysis of FDA Adverse Event Reporting System (FAERS) Data and Transcriptomic Profiles.,PENDING,,,PubMed_Central,,,
v3.1h-001,How does metformin inhibit hepatic gluconeogenesis?,Pharmacology,R1,MECHANISM,40198642,chunk-40198642-001,Impact of Ginkgo biloba drug interactions on bleeding risk and coagulation profiles: A comprehensive analysis.,Impact of Ginkgo biloba drug interactions on bleeding risk and coagulation profiles: A comprehensive analysis.,PENDING,,,PubMed_Central,,,
v3.1h-001,How does metformin inhibit hepatic gluconeogenesis?,Pharmacology,R1,MECHANISM,40242084,chunk-40242084-001,Tramadol use and risk of seizure: A report of two cases and a review of recent literature.,Tramadol use and risk of seizure: A report of two cases and a review of recent literature.,PENDING,,,PubMed_Central,,,
v3.1h-001,How does metformin inhibit hepatic gluconeogenesis?,Pharmacology,R1,MECHANISM,40272900,chunk-40272900-001,In vitro seizure risk assessment using a microelectrode array and comparison with an in vivo rat study.,In vitro seizure risk assessment using a microelectrode array and comparison with an in vivo rat study.,PENDING,,,PubMed_Central,,,
v3.1h-001,How does metformin inhibit hepatic gluconeogenesis?,Pharmacology,R1,MECHANISM,40289797,chunk-40289797-001,Association of Biomarkers With Intracerebral Hematoma Expansion and Arterial Thromboembolic Events in Patients With Acute Intracranial Hemorrhage: The ANNEXA-I Biomarker Substudy.,Association of Biomarkers With Intracerebral Hematoma Expansion and Arterial Thromboembolic Events in Patients With Acute Intracranial Hemorrhage: The ANNEXA-I Biomarker Substudy.,PENDING,,,PubMed_Central,,,
v3.1h-001,How does metformin inhibit hepatic gluconeogenesis?,Pharmacology,R1,MECHANISM,40357791,chunk-40357791-001,Antiplatelet-Proton Pump Inhibitor Interactions and Arterial Thrombotic Events: A Pharmacovigilance Assessment using Disproportionality and Interaction Analysis.,Antiplatelet-Proton Pump Inhibitor Interactions and Arterial Thrombotic Events: A Pharmacovigilance Assessment using Disproportionality and Interaction Analysis.,PENDING,,,PubMed_Central,,,
v3.1h-001,How does metformin inhibit hepatic gluconeogenesis?,Pharmacology,R1,MECHANISM,40406172,chunk-40406172-001,Digoxin for Fetal Tachyarrhythmia: Toxicity in an Underweight Mother.,Digoxin for Fetal Tachyarrhythmia: Toxicity in an Underweight Mother.,PENDING,,,PubMed_Central,,,
v3.1h-001,How does metformin inhibit hepatic gluconeogenesis?,Pharmacology,R1,MECHANISM,40618353,chunk-40618353-001,[Management of emergencies in direct oral anticoagulant-treated patients: practice pearls].,[Management of emergencies in direct oral anticoagulant-treated patients: practice pearls].,PENDING,,,PubMed_Central,,,
v3.1h-001,How does metformin inhibit hepatic gluconeogenesis?,Pharmacology,R1,MECHANISM,40685887,chunk-40685887-001,Efficacy and Safety of Clopidogrel With and Without a Proton Pump Inhibitor: A Systematic Review and Meta-Analysis.,Efficacy and Safety of Clopidogrel With and Without a Proton Pump Inhibitor: A Systematic Review and Meta-Analysis.,PENDING,,,PubMed_Central,,,
v3.1h-001,How does metformin inhibit hepatic gluconeogenesis?,Pharmacology,R1,MECHANISM,40749454,chunk-40749454-001,Drug-Related epileptic seizures and Age-Specific Differences: A Real-World study based on the FAERS database.,Drug-Related epileptic seizures and Age-Specific Differences: A Real-World study based on the FAERS database.,PENDING,,,PubMed_Central,,,
v3.1h-001,How does metformin inhibit hepatic gluconeogenesis?,Pharmacology,R1,MECHANISM,40771914,chunk-40771914-001,"Pharmacodynamics, pharmacokinetics, interactions with other drugs, toxicity and clinical effectiveness of proton pump inhibitors.","Pharmacodynamics, pharmacokinetics, interactions with other drugs, toxicity and clinical effectiveness of proton pump inhibitors.",PENDING,,,PubMed_Central,,,
v3.1h-001,How does metformin inhibit hepatic gluconeogenesis?,Pharmacology,R1,MECHANISM,40825054,chunk-40825054-001,"Analysis of hemorrhagic transformation and intracerebral hemorrhage under combination therapy with alteplase and antiplatelets or anticoagulants, using the Japanese Adverse Drug Event Report database.","Analysis of hemorrhagic transformation and intracerebral hemorrhage under combination therapy with alteplase and antiplatelets or anticoagulants, using the Japanese Adverse Drug Event Report database.",PENDING,,,PubMed_Central,,,
v3.1h-001,How does metformin inhibit hepatic gluconeogenesis?,Pharmacology,R1,MECHANISM,40828441,chunk-40828441-001,Oral anticoagulants-related bleeding: what happens in the emergency room? The Galeno study.,Oral anticoagulants-related bleeding: what happens in the emergency room? The Galeno study.,PENDING,,,PubMed_Central,,,
v3.1h-001,How does metformin inhibit hepatic gluconeogenesis?,Pharmacology,R1,MECHANISM,40845290,chunk-40845290-001,The Effects of a Semester of Preprofessional Dance Training on Biomarkers and Performance Variables in Elite Adolescent Ballet Dancers.,The Effects of a Semester of Preprofessional Dance Training on Biomarkers and Performance Variables in Elite Adolescent Ballet Dancers.,PENDING,,,PubMed_Central,,,
v3.1h-001,How does metformin inhibit hepatic gluconeogenesis?,Pharmacology,R1,MECHANISM,40881144,chunk-40881144-001,A Description of QT-Interval Prolonging Drug Interactions with Fluoroquinolones in Older Women with Uncomplicated Urinary Tract Infections.,A Description of QT-Interval Prolonging Drug Interactions with Fluoroquinolones in Older Women with Uncomplicated Urinary Tract Infections.,PENDING,,,PubMed_Central,,,
v3.1h-001,How does metformin inhibit hepatic gluconeogenesis?,Pharmacology,R1,MECHANISM,40910969,chunk-40910969-001,The Risk of Breakthrough Cardiac Events Associated With Psychiatric Medications in Patients With Diagnosed and Clinically Treated Long QT Syndrome.,The Risk of Breakthrough Cardiac Events Associated With Psychiatric Medications in Patients With Diagnosed and Clinically Treated Long QT Syndrome.,PENDING,,,PubMed_Central,,,
v3.1h-001,How does metformin inhibit hepatic gluconeogenesis?,Pharmacology,R1,MECHANISM,40915652,chunk-40915652-001,Nonsteroidal Anti-Inflammatory Drugs and Risk of Gastrointestinal Bleeding: A Systematic Review and Meta-Analysis.,Nonsteroidal Anti-Inflammatory Drugs and Risk of Gastrointestinal Bleeding: A Systematic Review and Meta-Analysis.,PENDING,,,PubMed_Central,,,
v3.1h-001,How does metformin inhibit hepatic gluconeogenesis?,Pharmacology,R1,MECHANISM,40978465,chunk-40978465-001,Abnormal Ca(2+) handling and reduced I(to) contribute to citalopram-induced QT prolongation and cardiac arrhythmias.,Abnormal Ca(2+) handling and reduced I(to) contribute to citalopram-induced QT prolongation and cardiac arrhythmias.,PENDING,,,PubMed_Central,,,
v3.1h-001,How does metformin inhibit hepatic gluconeogenesis?,Pharmacology,R1,MECHANISM,40988289,chunk-40988289-001,Drug-drug interactions: A descriptive analysis of FDA adverse event reporting system.,Drug-drug interactions: A descriptive analysis of FDA adverse event reporting system.,PENDING,,,PubMed_Central,,,
v3.1h-001,How does metformin inhibit hepatic gluconeogenesis?,Pharmacology,R1,MECHANISM,41004670,chunk-41004670-001,"Correlation Between Escitalopram, Sertraline, and Fluoxetine Serum Levels and QTc Interval Prolongation in Children and Adolescents.","Correlation Between Escitalopram, Sertraline, and Fluoxetine Serum Levels and QTc Interval Prolongation in Children and Adolescents.",PENDING,,,PubMed_Central,,,
v3.1h-001,How does metformin inhibit hepatic gluconeogenesis?,Pharmacology,R1,MECHANISM,41017291,chunk-41017291-001,Use of Drugs With Actionable Pharmacogenetic Biomarkers and Possible Prescribing Changes Among Older People.,Use of Drugs With Actionable Pharmacogenetic Biomarkers and Possible Prescribing Changes Among Older People.,PENDING,,,PubMed_Central,,,
v3.1h-001,How does metformin inhibit hepatic gluconeogenesis?,Pharmacology,R1,MECHANISM,41061201,chunk-41061201-001,Risk of Seizure Associated With Concomitant Use of Tramadol and Antidepressants in Older Nursing Home Residents.,Risk of Seizure Associated With Concomitant Use of Tramadol and Antidepressants in Older Nursing Home Residents.,PENDING,,,PubMed_Central,,,
v3.1h-001,How does metformin inhibit hepatic gluconeogenesis?,Pharmacology,R1,MECHANISM,41075377,chunk-41075377-001,Interpretation of the association between thyroid peroxidase antibodies and thyroid function during pregnancy: An individual participant data meta-analysis.,Interpretation of the association between thyroid peroxidase antibodies and thyroid function during pregnancy: An individual participant data meta-analysis.,PENDING,,,PubMed_Central,,,
v3.1h-001,How does metformin inhibit hepatic gluconeogenesis?,Pharmacology,R1,MECHANISM,41077316,chunk-41077316-001,Metabolic enzyme-mediated pharmacokinetic and pharmacodynamic interactions between Danshen Yin and clopidogrel in normal and acute myocardial infarction rats.,Metabolic enzyme-mediated pharmacokinetic and pharmacodynamic interactions between Danshen Yin and clopidogrel in normal and acute myocardial infarction rats.,PENDING,,,PubMed_Central,,,
v3.1h-001,How does metformin inhibit hepatic gluconeogenesis?,Pharmacology,R1,MECHANISM,41085374,chunk-41085374-001,Assessing Impact of Concomitant Use of Proton Pump Inhibitors and Clopidogrel on Incidence of Major Adverse Cardiovascular Events: A Retrospective Cohort Study.,Assessing Impact of Concomitant Use of Proton Pump Inhibitors and Clopidogrel on Incidence of Major Adverse Cardiovascular Events: A Retrospective Cohort Study.,PENDING,,,PubMed_Central,,,
v3.1h-001,How does metformin inhibit hepatic gluconeogenesis?,Pharmacology,R1,MECHANISM,41089323,chunk-41089323-001,Arrhythmic events pertinent with antidepressants: a Bayesian disproportional analysis mining the FDA Adverse Event Reporting System database.,Arrhythmic events pertinent with antidepressants: a Bayesian disproportional analysis mining the FDA Adverse Event Reporting System database.,PENDING,,,PubMed_Central,,,
v3.1h-001,How does metformin inhibit hepatic gluconeogenesis?,Pharmacology,R1,MECHANISM,41098965,chunk-41098965-001,Procoagulant off-target effect of the direct oral anticoagulant reversal agent Andexanet alfa.,Procoagulant off-target effect of the direct oral anticoagulant reversal agent Andexanet alfa.,PENDING,,,PubMed_Central,,,
v3.1h-001,How does metformin inhibit hepatic gluconeogenesis?,Pharmacology,R1,MECHANISM,41100334,chunk-41100334-001,Review of Safety and Efficacy of Polmacoxib: A Novel Dual Inhibitor of Cyclo-oxygenase 2 and Carbonic Anhydrase in Osteoarthritis and Acute Painful Conditions.,Review of Safety and Efficacy of Polmacoxib: A Novel Dual Inhibitor of Cyclo-oxygenase 2 and Carbonic Anhydrase in Osteoarthritis and Acute Painful Conditions.,PENDING,,,PubMed_Central,,,
v3.1h-001,How does metformin inhibit hepatic gluconeogenesis?,Pharmacology,R1,MECHANISM,41109285,chunk-41109285-001,Challenges in the treatment of hypothyroidism: malabsorption and pseudo-malabsorption of levothyroxine.,Challenges in the treatment of hypothyroidism: malabsorption and pseudo-malabsorption of levothyroxine.,PENDING,,,PubMed_Central,,,
v3.1h-001,How does metformin inhibit hepatic gluconeogenesis?,Pharmacology,R1,MECHANISM,41112691,chunk-41112691-001,"Risk Factors Associated with Thrombus Development Following Pharmacologic Anticoagulation Reversal with Coagulation Factor Xa [Recombinant], Inactivated-zhzo.","Risk Factors Associated with Thrombus Development Following Pharmacologic Anticoagulation Reversal with Coagulation Factor Xa [Recombinant], Inactivated-zhzo.",PENDING,,,PubMed_Central,,,
v3.1h-001,How does metformin inhibit hepatic gluconeogenesis?,Pharmacology,R1,MECHANISM,41141842,chunk-41141842-001,Andexanet alfa for the reversal of the low-molecular-weight heparin enoxaparin.,Andexanet alfa for the reversal of the low-molecular-weight heparin enoxaparin.,PENDING,,,PubMed_Central,,,
v3.1h-001,How does metformin inhibit hepatic gluconeogenesis?,Pharmacology,R1,MECHANISM,41158891,chunk-41158891-001,Seizures Following Single-Dose Intravenous Tramadol for Postsurgical Pain: A Report of Two Cases.,Seizures Following Single-Dose Intravenous Tramadol for Postsurgical Pain: A Report of Two Cases.,PENDING,,,PubMed_Central,,,
v3.1h-001,How does metformin inhibit hepatic gluconeogenesis?,Pharmacology,R1,MECHANISM,41177211,chunk-41177211-001,Biomedical pharmacology study on metformin and glucose (PMID 41177211),Metformin decreases hepatic glucose production and decreases intestinal absorption of glucose.,PENDING,,,PubMed_Central,,,
v3.1h-001,How does metformin inhibit hepatic gluconeogenesis?,Pharmacology,R1,MECHANISM,41225655,chunk-41225655-001,TNF-α inhibitor etanercept improves cerebrovascular function in elderly RA patients: findings from a randomized controlled trial.,TNF-α inhibitor etanercept improves cerebrovascular function in elderly RA patients: findings from a randomized controlled trial.,PENDING,,,PubMed_Central,,,
v3.1h-001,How does metformin inhibit hepatic gluconeogenesis?,Pharmacology,R1,MECHANISM,41266704,chunk-41266704-001,Andexanet Alfa in Emergency Cranial Neurosurgical Procedures: A Bicentric Analysis of Efficacy and Safety.,Andexanet Alfa in Emergency Cranial Neurosurgical Procedures: A Bicentric Analysis of Efficacy and Safety.,PENDING,,,PubMed_Central,,,
v3.1h-001,How does metformin inhibit hepatic gluconeogenesis?,Pharmacology,R1,MECHANISM,41278442,chunk-41278442-001,Pharmacological management of major complications following left ventricular assist device implantation in type 2 diabetes mellitus.,Pharmacological management of major complications following left ventricular assist device implantation in type 2 diabetes mellitus.,PENDING,,,PubMed_Central,,,
v3.1h-001,How does metformin inhibit hepatic gluconeogenesis?,Pharmacology,R1,MECHANISM,41323006,chunk-41323006-001,"Randomized, Double-Blind, Placebo-Controlled, Dose-Ranging Comparison of the Analgesic Efficacy and Safety of Intravenous Ketoprofen, Tramadol, and Morphine After Bony Impacted Mandibular Third Molar Surgery.","Randomized, Double-Blind, Placebo-Controlled, Dose-Ranging Comparison of the Analgesic Efficacy and Safety of Intravenous Ketoprofen, Tramadol, and Morphine After Bony Impacted Mandibular Third Molar Surgery.",PENDING,,,PubMed_Central,,,
v3.1h-001,How does metformin inhibit hepatic gluconeogenesis?,Pharmacology,R1,MECHANISM,41347947,chunk-41347947-001,"Navigating complementary and alternative medicine use, medication adherence, and herb-drug interaction risks among gout patients: a multicenter cross-sectional study in indonesia.","Navigating complementary and alternative medicine use, medication adherence, and herb-drug interaction risks among gout patients: a multicenter cross-sectional study in indonesia.",PENDING,,,PubMed_Central,,,
v3.1h-001,How does metformin inhibit hepatic gluconeogenesis?,Pharmacology,R1,MECHANISM,41397500,chunk-41397500-001,Exploring the link between antipsychotic and antidepressant use and severe QT prolongation: Impacts on ventricular arrhythmias and sudden cardiac death.,Exploring the link between antipsychotic and antidepressant use and severe QT prolongation: Impacts on ventricular arrhythmias and sudden cardiac death.,PENDING,,,PubMed_Central,,,
v3.1h-001,How does metformin inhibit hepatic gluconeogenesis?,Pharmacology,R1,MECHANISM,41406988,chunk-41406988-001,Trends and variation in the use of andexanet alfa for the reversal of direct oral anticoagulants in NHS trusts in England.,Trends and variation in the use of andexanet alfa for the reversal of direct oral anticoagulants in NHS trusts in England.,PENDING,,,PubMed_Central,,,
v3.1h-001,How does metformin inhibit hepatic gluconeogenesis?,Pharmacology,R1,MECHANISM,41428604,chunk-41428604-001,The Stability of Drugs Commonly Used in Intensive Care Units Co-Administered via Feeding Tube and Its Dependence on pH: An in vitro Study.,The Stability of Drugs Commonly Used in Intensive Care Units Co-Administered via Feeding Tube and Its Dependence on pH: An in vitro Study.,PENDING,,,PubMed_Central,,,
v3.1h-001,How does metformin inhibit hepatic gluconeogenesis?,Pharmacology,R1,MECHANISM,41452043,chunk-41452043-001,Rising Escitalopram Use in British Columbia: Is it Rational and Evidence-Informed?,Rising Escitalopram Use in British Columbia: Is it Rational and Evidence-Informed?,PENDING,,,PubMed_Central,,,
v3.1h-001,How does metformin inhibit hepatic gluconeogenesis?,Pharmacology,R1,MECHANISM,41459594,chunk-41459594-001,Degree of Cyclooxygenase-2 Inhibition Modulates Blood Pressure Response.,Degree of Cyclooxygenase-2 Inhibition Modulates Blood Pressure Response.,PENDING,,,PubMed_Central,,,
v3.1h-001,How does metformin inhibit hepatic gluconeogenesis?,Pharmacology,R1,MECHANISM,41463106,chunk-41463106-001,Reconsidering Digoxin in Atrial Fibrillation: From Historical Controversy to Physiologically Guided and Personalized Rate Control.,Reconsidering Digoxin in Atrial Fibrillation: From Historical Controversy to Physiologically Guided and Personalized Rate Control.,PENDING,,,PubMed_Central,,,
v3.1h-001,How does metformin inhibit hepatic gluconeogenesis?,Pharmacology,R1,MECHANISM,41489241,chunk-41489241-001,The role of a fixed combination of ibuprofen/paracetamol in the management of acute pain: an Italian expert narrative review.,The role of a fixed combination of ibuprofen/paracetamol in the management of acute pain: an Italian expert narrative review.,PENDING,,,PubMed_Central,,,
v3.1h-001,How does metformin inhibit hepatic gluconeogenesis?,Pharmacology,R1,MECHANISM,41496228,chunk-41496228-001,The impact of prenatal maternal-fetal metal levels and placental transfer efficiency of metals on neonatal thyroid function: The modulatory role of maternal vitamin D levels in pregnancy.,The impact of prenatal maternal-fetal metal levels and placental transfer efficiency of metals on neonatal thyroid function: The modulatory role of maternal vitamin D levels in pregnancy.,PENDING,,,PubMed_Central,,,
v3.1h-001,How does metformin inhibit hepatic gluconeogenesis?,Pharmacology,R1,MECHANISM,41733550,chunk-41733550-001,Cyclooxygenase-2 Inhibition and Anti-Platelet Aggregation Activity of Astaxanthin-Hydrogel in Comparison to Celecoxib Against Rheumatoid Arthritis in Wistar Rat Model.,Cyclooxygenase-2 Inhibition and Anti-Platelet Aggregation Activity of Astaxanthin-Hydrogel in Comparison to Celecoxib Against Rheumatoid Arthritis in Wistar Rat Model.,PENDING,,,PubMed_Central,,,
v3.1h-001,How does metformin inhibit hepatic gluconeogenesis?,Pharmacology,R1,MECHANISM,41748094,chunk-41748094-001,Heart Rate-Corrected QT Interval Dynamics Following Antidepressant Switching from Escitalopram to High-Dose Venlafaxine: Cardiac Safety Insights from the Early Medication Change Cohort.,Heart Rate-Corrected QT Interval Dynamics Following Antidepressant Switching from Escitalopram to High-Dose Venlafaxine: Cardiac Safety Insights from the Early Medication Change Cohort.,PENDING,,,PubMed_Central,,,
v3.1h-001,How does metformin inhibit hepatic gluconeogenesis?,Pharmacology,R1,MECHANISM,41754906,chunk-41754906-001,"An Overview of Anticoagulant Drugs Pharmacology, Therapeutic Approaches, Limitations and Perspectives.","An Overview of Anticoagulant Drugs Pharmacology, Therapeutic Approaches, Limitations and Perspectives.",PENDING,,,PubMed_Central,,,
v3.1h-001,How does metformin inhibit hepatic gluconeogenesis?,Pharmacology,R1,MECHANISM,41766537,chunk-41766537-001,Increased Risk of Ischemic Events in Patients With Stroke Treated With Clopidogrel and a P-CAB or PPI.,Increased Risk of Ischemic Events in Patients With Stroke Treated With Clopidogrel and a P-CAB or PPI.,PENDING,,,PubMed_Central,,,
v3.1h-001,How does metformin inhibit hepatic gluconeogenesis?,Pharmacology,R1,MECHANISM,41776019,chunk-41776019-001,Andexanet alfa Reduces Hematoma Expansion Following Controlled Cortical Impact in Mice Pretreated with Rivaroxaban.,Andexanet alfa Reduces Hematoma Expansion Following Controlled Cortical Impact in Mice Pretreated with Rivaroxaban.,PENDING,,,PubMed_Central,,,
v3.1h-001,How does metformin inhibit hepatic gluconeogenesis?,Pharmacology,R1,MECHANISM,41791695,chunk-41791695-001,"Harnessing the gut-heart axis for cardiovascular drug innovation: microbiome, metabolites, and personalized treatment strategies.","Harnessing the gut-heart axis for cardiovascular drug innovation: microbiome, metabolites, and personalized treatment strategies.",PENDING,,,PubMed_Central,,,
v3.1h-001,How does metformin inhibit hepatic gluconeogenesis?,Pharmacology,R1,MECHANISM,41808861,chunk-41808861-001,Network toxicology reveals key genes of amiodarone induced pulmonary fibrosis: based on machine learning and SHAP analysis.,Network toxicology reveals key genes of amiodarone induced pulmonary fibrosis: based on machine learning and SHAP analysis.,PENDING,,,PubMed_Central,,,
v3.1h-001,How does metformin inhibit hepatic gluconeogenesis?,Pharmacology,R1,MECHANISM,41811250,chunk-41811250-001,Influence of transporter polymorphisms on digoxin serum concentrations: a systematic review and meta-analysis.,Influence of transporter polymorphisms on digoxin serum concentrations: a systematic review and meta-analysis.,PENDING,,,PubMed_Central,,,
v3.1h-001,How does metformin inhibit hepatic gluconeogenesis?,Pharmacology,R1,MECHANISM,41818114,chunk-41818114-001,Dabigatran-induced Gastrointestinal Bleed Treated by 4-factor Prothrombin Complex Concentrate in a Tertiary Care Hospital in Sikkim.,Dabigatran-induced Gastrointestinal Bleed Treated by 4-factor Prothrombin Complex Concentrate in a Tertiary Care Hospital in Sikkim.,PENDING,,,PubMed_Central,,,
v3.1h-001,How does metformin inhibit hepatic gluconeogenesis?,Pharmacology,R1,MECHANISM,41828566,chunk-41828566-001,"Integrating Network Toxicology, Machine Learning, and Molecular Dynamics to Explore the Molecular Network of Triclosan-Induced Acute Myocardial Infarction.","Integrating Network Toxicology, Machine Learning, and Molecular Dynamics to Explore the Molecular Network of Triclosan-Induced Acute Myocardial Infarction.",PENDING,,,PubMed_Central,,,
v3.1h-001,How does metformin inhibit hepatic gluconeogenesis?,Pharmacology,R1,MECHANISM,41833262,chunk-41833262-001,Pearls and Pitfalls for the Emergency Clinician: Beta Blocker and Calcium Channel Blocker Toxicity.,Pearls and Pitfalls for the Emergency Clinician: Beta Blocker and Calcium Channel Blocker Toxicity.,PENDING,,,PubMed_Central,,,
v3.1h-001,How does metformin inhibit hepatic gluconeogenesis?,Pharmacology,R1,MECHANISM,41839242,chunk-41839242-001,ABI3BP protects against cerebral ischemia-reperfusion injury by preserving blood-brain barrier integrity and activating PI3K/Akt signaling.,ABI3BP protects against cerebral ischemia-reperfusion injury by preserving blood-brain barrier integrity and activating PI3K/Akt signaling.,PENDING,,,PubMed_Central,,,
v3.1h-001,How does metformin inhibit hepatic gluconeogenesis?,Pharmacology,R1,MECHANISM,41840835,chunk-41840835-001,Signal detection of drug-induced esophageal ulcer across 20 years of real-world study: Focus on 49 high-risk medicines.,Signal detection of drug-induced esophageal ulcer across 20 years of real-world study: Focus on 49 high-risk medicines.,PENDING,,,PubMed_Central,,,
v3.1h-001,How does metformin inhibit hepatic gluconeogenesis?,Pharmacology,R1,MECHANISM,41846702,chunk-41846702-001,Acute Myocardial Infarction Secondary to Triple Vessel Coronary Artery Disease in a 31-year-old Female with Systemic Lupus Erythematosus: Case Report and Review of Literature.,Acute Myocardial Infarction Secondary to Triple Vessel Coronary Artery Disease in a 31-year-old Female with Systemic Lupus Erythematosus: Case Report and Review of Literature.,PENDING,,,PubMed_Central,,,
v3.1h-001,How does metformin inhibit hepatic gluconeogenesis?,Pharmacology,R1,MECHANISM,41848246,chunk-41848246-001,[Nausea and dystonia in a woman with psychiatric illness].,[Nausea and dystonia in a woman with psychiatric illness].,PENDING,,,PubMed_Central,,,
v3.1h-001,How does metformin inhibit hepatic gluconeogenesis?,Pharmacology,R1,MECHANISM,41858685,chunk-41858685-001,Impact of nutrition education intervention on dietary intake among pregnant women with hypothyroidism - A randomized controlled trial.,Impact of nutrition education intervention on dietary intake among pregnant women with hypothyroidism - A randomized controlled trial.,PENDING,,,PubMed_Central,,,
v3.1h-001,How does metformin inhibit hepatic gluconeogenesis?,Pharmacology,R1,MECHANISM,41873481,chunk-41873481-001,Acceptance of recommendations by a pharmacogenetics clinic.,Acceptance of recommendations by a pharmacogenetics clinic.,PENDING,,,PubMed_Central,,,
v3.1h-001,How does metformin inhibit hepatic gluconeogenesis?,Pharmacology,R1,MECHANISM,41924710,chunk-41924710-001,"DXM, CYP2D6-inhibiting antidepressants, piracetam, and glutamine: proposing a ketamine-class antidepressant regimen with existing drugs.","DXM, CYP2D6-inhibiting antidepressants, piracetam, and glutamine: proposing a ketamine-class antidepressant regimen with existing drugs.",PENDING,,,PubMed_Central,,,
v3.1h-001,How does metformin inhibit hepatic gluconeogenesis?,Pharmacology,R1,MECHANISM,41976898,chunk-41976898-001,Anticoagulation Stewardship Program in the DOAC Era.,Anticoagulation Stewardship Program in the DOAC Era.,PENDING,,,PubMed_Central,,,
v3.1h-001,How does metformin inhibit hepatic gluconeogenesis?,Pharmacology,R1,MECHANISM,41977337,chunk-41977337-001,Pharmacological Management of Thrombosis: Current State and Future Strategies.,Pharmacological Management of Thrombosis: Current State and Future Strategies.,PENDING,,,PubMed_Central,,,
v3.1h-001,How does metformin inhibit hepatic gluconeogenesis?,Pharmacology,R1,MECHANISM,42005166,chunk-42005166-001,Inhibitor-Free Variant of the Cheung Regimen: Successful Adjunctive Therapy in Long-Standing Hypochondriasis With Prominent Somatic Features.,Inhibitor-Free Variant of the Cheung Regimen: Successful Adjunctive Therapy in Long-Standing Hypochondriasis With Prominent Somatic Features.,PENDING,,,PubMed_Central,,,
v3.1h-001,How does metformin inhibit hepatic gluconeogenesis?,Pharmacology,R1,MECHANISM,42007940,chunk-42007940-001,Acute pharmaceutical poisoning as a cause of seizure events: a database analysis (2011-2023).,Acute pharmaceutical poisoning as a cause of seizure events: a database analysis (2011-2023).,PENDING,,,PubMed_Central,,,
v3.1h-001,How does metformin inhibit hepatic gluconeogenesis?,Pharmacology,R1,MECHANISM,42034022,chunk-42034022-001,Lower dosing of Loxoprofen in type two diabetics with bone fractures/surgeries; Distinction from common NSAIDs.,Lower dosing of Loxoprofen in type two diabetics with bone fractures/surgeries; Distinction from common NSAIDs.,PENDING,,,PubMed_Central,,,
v3.1h-001,How does metformin inhibit hepatic gluconeogenesis?,Pharmacology,R1,MECHANISM,42045358,chunk-42045358-001,Prevalence of drug-induced interstitial lung disease in Saudi Arabia: a real-world data study.,Prevalence of drug-induced interstitial lung disease in Saudi Arabia: a real-world data study.,PENDING,,,PubMed_Central,,,
v3.1h-001,How does metformin inhibit hepatic gluconeogenesis?,Pharmacology,R1,MECHANISM,42055120,chunk-42055120-001,"Impact of Fluoxetine Brain Concentrations, Plasma Exposure, and Neurometabolism on Depressive and Anxiety Symptoms in Adolescents: A Multimodal Fluorine and Proton Magnetic Resonance Spectroscopy Study.","Impact of Fluoxetine Brain Concentrations, Plasma Exposure, and Neurometabolism on Depressive and Anxiety Symptoms in Adolescents: A Multimodal Fluorine and Proton Magnetic Resonance Spectroscopy Study.",PENDING,,,PubMed_Central,,,
v3.1h-001,How does metformin inhibit hepatic gluconeogenesis?,Pharmacology,R1,MECHANISM,42063765,chunk-42063765-001,Evaluation of community pharmacists' knowledge and real-world practices in drug interaction management: a cross-sectional study.,Evaluation of community pharmacists' knowledge and real-world practices in drug interaction management: a cross-sectional study.,PENDING,,,PubMed_Central,,,
v3.1h-001,How does metformin inhibit hepatic gluconeogenesis?,Pharmacology,R1,MECHANISM,42087312,chunk-42087312-001,Anticoagulation in Patients With Gastrointestinal Disease.,Anticoagulation in Patients With Gastrointestinal Disease.,PENDING,,,PubMed_Central,,,
v3.1h-001,How does metformin inhibit hepatic gluconeogenesis?,Pharmacology,R1,MECHANISM,42121128,chunk-42121128-001,Evaluation of drugs and risk factors requiring therapeutic drug monitoring in the Neonatal Intensive Care Unit: a retrospective study.,Evaluation of drugs and risk factors requiring therapeutic drug monitoring in the Neonatal Intensive Care Unit: a retrospective study.,PENDING,,,PubMed_Central,,,
v3.1h-001,How does metformin inhibit hepatic gluconeogenesis?,Pharmacology,R1,MECHANISM,42125454,chunk-42125454-001,Milnacipran continuation during pregnancy in a patient with severe post-traumatic stress disorder and psychotic depression: a case report with 3-year pediatric follow-up.,Milnacipran continuation during pregnancy in a patient with severe post-traumatic stress disorder and psychotic depression: a case report with 3-year pediatric follow-up.,PENDING,,,PubMed_Central,,,
v3.1h-001,How does metformin inhibit hepatic gluconeogenesis?,Pharmacology,R1,MECHANISM,42128628,chunk-42128628-001,Comparative efficacy and safety of apixaban and rivaroxaban versus warfarin in atrial fibrillation patients with end-stage renal disease: a systematic review and meta-analysis.,Comparative efficacy and safety of apixaban and rivaroxaban versus warfarin in atrial fibrillation patients with end-stage renal disease: a systematic review and meta-analysis.,PENDING,,,PubMed_Central,,,
v3.1h-001,How does metformin inhibit hepatic gluconeogenesis?,Pharmacology,R1,MECHANISM,42128899,chunk-42128899-001,Cilostazol mitigates amiodarone-induced pulmonary toxicity and fibrosis by regulating the cAMP/TGF-β1 pathway-mediated epithelial-to-mesenchymal transition in rats.,Cilostazol mitigates amiodarone-induced pulmonary toxicity and fibrosis by regulating the cAMP/TGF-β1 pathway-mediated epithelial-to-mesenchymal transition in rats.,PENDING,,,PubMed_Central,,,
v3.1h-001,How does metformin inhibit hepatic gluconeogenesis?,Pharmacology,R1,MECHANISM,42150307,chunk-42150307-001,Metabolomic signatures of SSRI exposure during neural differentiation and correlation of lysophosphatidylcholines with early symptoms of neurodevelopmental disorders.,Metabolomic signatures of SSRI exposure during neural differentiation and correlation of lysophosphatidylcholines with early symptoms of neurodevelopmental disorders.,PENDING,,,PubMed_Central,,,
v3.1h-001,How does metformin inhibit hepatic gluconeogenesis?,Pharmacology,R1,MECHANISM,42159622,chunk-42159622-001,The hidden impact of renal impairment on ribociclib exposure and co-medications: a case report.,The hidden impact of renal impairment on ribociclib exposure and co-medications: a case report.,PENDING,,,PubMed_Central,,,
v3.1h-001,How does metformin inhibit hepatic gluconeogenesis?,Pharmacology,R1,MECHANISM,42181774,chunk-42181774-001,Transient abnormal acylcarnitine profile in newborn screening mimicking multiple acyl-Coenzyme A dehydrogenase deficiency associated with maternal sertraline use.,Transient abnormal acylcarnitine profile in newborn screening mimicking multiple acyl-Coenzyme A dehydrogenase deficiency associated with maternal sertraline use.,PENDING,,,PubMed_Central,,,
v3.1h-001,How does metformin inhibit hepatic gluconeogenesis?,Pharmacology,R1,MECHANISM,42192153,chunk-42192153-001,Folic acid attenuates maternal sertraline-induced hepatic injury in rat offspring.,Folic acid attenuates maternal sertraline-induced hepatic injury in rat offspring.,PENDING,,,PubMed_Central,,,
v3.1h-001,How does metformin inhibit hepatic gluconeogenesis?,Pharmacology,R1,MECHANISM,42206096,chunk-42206096-001,"Anticoagulation associated intracerebral haemorrhage trends, treatment and outcomes in a metropolitan cohort: analysed by availability of specific versus non-specific reversal agents.","Anticoagulation associated intracerebral haemorrhage trends, treatment and outcomes in a metropolitan cohort: analysed by availability of specific versus non-specific reversal agents.",PENDING,,,PubMed_Central,,,
v3.1h-001,How does metformin inhibit hepatic gluconeogenesis?,Pharmacology,R1,MECHANISM,42216360,chunk-42216360-001,Real-world off-label apixaban dosing and clinical outcomes in patients with heart failure and end-stage kidney disease.,Real-world off-label apixaban dosing and clinical outcomes in patients with heart failure and end-stage kidney disease.,PENDING,,,PubMed_Central,,,
v3.1h-001,How does metformin inhibit hepatic gluconeogenesis?,Pharmacology,R1,MECHANISM,42238941,chunk-42238941-001,"A Cross-Sectional Study on Oral Anticoagulant Utilization and Adverse Drug Reactions at Teaching Hospital, Iran.","A Cross-Sectional Study on Oral Anticoagulant Utilization and Adverse Drug Reactions at Teaching Hospital, Iran.",PENDING,,,PubMed_Central,,,
v3.1h-001,How does metformin inhibit hepatic gluconeogenesis?,Pharmacology,R1,MECHANISM,42246839,chunk-42246839-001,Routine blood monitoring in acne vulgaris patients on isotretinoin: Is reassessment warranted? A retrospective cohort study from Tygerberg Hospital.,Routine blood monitoring in acne vulgaris patients on isotretinoin: Is reassessment warranted? A retrospective cohort study from Tygerberg Hospital.,PENDING,,,PubMed_Central,,,
v3.1h-001,How does metformin inhibit hepatic gluconeogenesis?,Pharmacology,R1,MECHANISM,42254302,chunk-42254302-001,Current Trends in NSAID Prescribing for Osteoarthritis and Axial Spondyloarthritis: Insights From Moroccan Rheumatologists Practices.,Current Trends in NSAID Prescribing for Osteoarthritis and Axial Spondyloarthritis: Insights From Moroccan Rheumatologists Practices.,PENDING,,,PubMed_Central,,,
v3.1h-001,How does metformin inhibit hepatic gluconeogenesis?,Pharmacology,R1,MECHANISM,42267072,chunk-42267072-001,A Case of Prolonged Serotonin Toxicity After Fluoxetine Ingestion in an Adolescent Patient.,A Case of Prolonged Serotonin Toxicity After Fluoxetine Ingestion in an Adolescent Patient.,PENDING,,,PubMed_Central,,,
v3.1h-001,How does metformin inhibit hepatic gluconeogenesis?,Pharmacology,R1,MECHANISM,42269153,chunk-42269153-001,Antidotes for Anticoagulation Reversal.,Antidotes for Anticoagulation Reversal.,PENDING,,,PubMed_Central,,,
v3.1h-001,How does metformin inhibit hepatic gluconeogenesis?,Pharmacology,R1,MECHANISM,42292838,chunk-42292838-001,Pharmacological pitfalls in inpatient lung transplant care and management of medication risks.,Pharmacological pitfalls in inpatient lung transplant care and management of medication risks.,PENDING,,,PubMed_Central,,,
v3.1h-001,How does metformin inhibit hepatic gluconeogenesis?,Pharmacology,R1,MECHANISM,42293737,chunk-42293737-001,A UK-wide analysis of the use of reversal agents in 198 patients on direct oral anticoagulants prior to urgent procedures.,A UK-wide analysis of the use of reversal agents in 198 patients on direct oral anticoagulants prior to urgent procedures.,PENDING,,,PubMed_Central,,,
v3.1h-001,How does metformin inhibit hepatic gluconeogenesis?,Pharmacology,R1,MECHANISM,42294746,chunk-42294746-001,[Which aldosterone antagonist? Choosing between sprionolactone and the novel drug finerenone].,[Which aldosterone antagonist? Choosing between sprionolactone and the novel drug finerenone].,PENDING,,,PubMed_Central,,,
v3.1h-001,How does metformin inhibit hepatic gluconeogenesis?,Pharmacology,R1,MECHANISM,42295720,chunk-42295720-001,Continuous alternate day vs intermittent daily fixed doses of oral isotretinoin in grade 2 acne vulgaris.,Continuous alternate day vs intermittent daily fixed doses of oral isotretinoin in grade 2 acne vulgaris.,PENDING,,,PubMed_Central,,,
v3.1h-001,How does metformin inhibit hepatic gluconeogenesis?,Pharmacology,R1,MECHANISM,42306636,chunk-42306636-001,Unexpected Improvement of Obsessive-Compulsive Disorder Symptoms Following the Mistaken Prescription of Clomiphene: A Novel Perspective on Hormonal Influences in OCD.,Unexpected Improvement of Obsessive-Compulsive Disorder Symptoms Following the Mistaken Prescription of Clomiphene: A Novel Perspective on Hormonal Influences in OCD.,PENDING,,,PubMed_Central,,,
v3.1h-001,How does metformin inhibit hepatic gluconeogenesis?,Pharmacology,R1,MECHANISM,42318218,chunk-42318218-001,A case report and literature review of proton pump inhibitors inducing insulin autoimmune syndrome.,A case report and literature review of proton pump inhibitors inducing insulin autoimmune syndrome.,PENDING,,,PubMed_Central,,,
v3.1h-001,How does metformin inhibit hepatic gluconeogenesis?,Pharmacology,R1,MECHANISM,42326111,chunk-42326111-001,Lascufloxacin-Induced QT Prolongation in an Elderly Patient Treated With Escitalopram: A Case Report.,Lascufloxacin-Induced QT Prolongation in an Elderly Patient Treated With Escitalopram: A Case Report.,PENDING,,,PubMed_Central,,,
v3.1h-001,How does metformin inhibit hepatic gluconeogenesis?,Pharmacology,R1,MECHANISM,42327596,chunk-42327596-001,Thrombosis and Survival after Prothrombin Complex Concentrate Use to treat Oral Anticoagulant Associated Haemorrhage.,Thrombosis and Survival after Prothrombin Complex Concentrate Use to treat Oral Anticoagulant Associated Haemorrhage.,PENDING,,,PubMed_Central,,,
v3.1h-001,How does metformin inhibit hepatic gluconeogenesis?,Pharmacology,R1,MECHANISM,42332214,chunk-42332214-001,Optimizing Amiodarone Maintenance Dose to Minimize N-Desethylamiodarone Accumulation and Pulmonary Toxicity: Insights from Machine Learning and Pharmacokinetic Simulation.,Optimizing Amiodarone Maintenance Dose to Minimize N-Desethylamiodarone Accumulation and Pulmonary Toxicity: Insights from Machine Learning and Pharmacokinetic Simulation.,PENDING,,,PubMed_Central,,,
v3.1h-001,How does metformin inhibit hepatic gluconeogenesis?,Pharmacology,R1,MECHANISM,42332506,chunk-42332506-001,Pachydermoperiostosis (Touraine-Solente-Gole syndrome): A case report and literature review.,Pachydermoperiostosis (Touraine-Solente-Gole syndrome): A case report and literature review.,PENDING,,,PubMed_Central,,,
v3.1h-001,How does metformin inhibit hepatic gluconeogenesis?,Pharmacology,R1,MECHANISM,42349978,chunk-42349978-001,New Agents for Acne Treatment and Updates to Isotretinoin Guidelines.,New Agents for Acne Treatment and Updates to Isotretinoin Guidelines.,PENDING,,,PubMed_Central,,,
v3.1h-001,How does metformin inhibit hepatic gluconeogenesis?,Pharmacology,R1,MECHANISM,42359186,chunk-42359186-001,Early-Onset Amiodarone Pulmonary Toxicity at a Standard Maintenance Dose Masquerading as Decompensated Heart Failure: A Case Report and Literature Review.,Early-Onset Amiodarone Pulmonary Toxicity at a Standard Maintenance Dose Masquerading as Decompensated Heart Failure: A Case Report and Literature Review.,PENDING,,,PubMed_Central,,,
v3.1h-001,How does metformin inhibit hepatic gluconeogenesis?,Pharmacology,R1,MECHANISM,42364820,chunk-42364820-001,Finerenone: a next-generation nonsteroidal mineralocorticoid receptor antagonist reshaping the management of cardiovascular and metabolic diseases.,Finerenone: a next-generation nonsteroidal mineralocorticoid receptor antagonist reshaping the management of cardiovascular and metabolic diseases.,PENDING,,,PubMed_Central,,,
v3.1h-001,How does metformin inhibit hepatic gluconeogenesis?,Pharmacology,R1,MECHANISM,42366387,chunk-42366387-001,Cannabidiol as an adjunct in refractory paroxysmal sympathetic hyperactivity following severe traumatic brain injury: a case report.,Cannabidiol as an adjunct in refractory paroxysmal sympathetic hyperactivity following severe traumatic brain injury: a case report.,PENDING,,,PubMed_Central,,,
v3.1h-001,How does metformin inhibit hepatic gluconeogenesis?,Pharmacology,R1,MECHANISM,42366486,chunk-42366486-001,Finerenone and Cardiorenal Outcomes: A Narrative Review.,Finerenone and Cardiorenal Outcomes: A Narrative Review.,PENDING,,,PubMed_Central,,,
v3.1h-001,How does metformin inhibit hepatic gluconeogenesis?,Pharmacology,R1,MECHANISM,42368238,chunk-42368238-001,"Optimized Oral Glutamatergic Augmentation in Refractory Home-Dominant Contamination Obsessive-Compulsive Disorder With Somatic, Affective, and Motivational Features: A Case Report of Incremental Functional Gains.","Optimized Oral Glutamatergic Augmentation in Refractory Home-Dominant Contamination Obsessive-Compulsive Disorder With Somatic, Affective, and Motivational Features: A Case Report of Incremental Functional Gains.",PENDING,,,PubMed_Central,,,
v3.1h-001,How does metformin inhibit hepatic gluconeogenesis?,Pharmacology,R1,MECHANISM,42371403,chunk-42371403-001,Does gabapentin add value to multimodal analgesia in thoracic surgery? A procedure-specific meta-analysis.,Does gabapentin add value to multimodal analgesia in thoracic surgery? A procedure-specific meta-analysis.,PENDING,,,PubMed_Central,,,
v3.1h-001,How does metformin inhibit hepatic gluconeogenesis?,Pharmacology,R1,MECHANISM,42374912,chunk-42374912-001,Risk of Hyperkalemia in Patients with Heart Failure Treated with Spironolactone in Combination with Sacubitril/Valsartan vs. Renin-Angiotensin System Inhibitors.,Risk of Hyperkalemia in Patients with Heart Failure Treated with Spironolactone in Combination with Sacubitril/Valsartan vs. Renin-Angiotensin System Inhibitors.,PENDING,,,PubMed_Central,,,
v3.1h-001,How does metformin inhibit hepatic gluconeogenesis?,Pharmacology,R1,MECHANISM,42394350,chunk-42394350-001,"The DOAC-FRAIL Study-Same Dose, Different Story: Prevalence of Deviant Direct Oral Anticoagulant Levels in Nursing Home Residents.","The DOAC-FRAIL Study-Same Dose, Different Story: Prevalence of Deviant Direct Oral Anticoagulant Levels in Nursing Home Residents.",PENDING,,,PubMed_Central,,,
v3.1h-001,How does metformin inhibit hepatic gluconeogenesis?,Pharmacology,R1,MECHANISM,42398817,chunk-42398817-001,Rediscovering digitalis in heart failure with reduced ejection fraction: Current evidence and expert survey on contemporary use.,Rediscovering digitalis in heart failure with reduced ejection fraction: Current evidence and expert survey on contemporary use.,PENDING,,,PubMed_Central,,,
v3.1h-001,How does metformin inhibit hepatic gluconeogenesis?,Pharmacology,R1,MECHANISM,42413824,chunk-42413824-001,Direct oral anticoagulant use and drug-drug interactions in transplant recipients receiving calcineurin inhibitors.,Direct oral anticoagulant use and drug-drug interactions in transplant recipients receiving calcineurin inhibitors.,PENDING,,,PubMed_Central,,,
v3.1h-001,How does metformin inhibit hepatic gluconeogenesis?,Pharmacology,R1,MECHANISM,42415794,chunk-42415794-001,Pharmacovigilance profiles of three generations of mineralocorticoid receptor antagonists and network toxicology analysis.,Pharmacovigilance profiles of three generations of mineralocorticoid receptor antagonists and network toxicology analysis.,PENDING,,,PubMed_Central,,,
v3.1h-001,How does metformin inhibit hepatic gluconeogenesis?,Pharmacology,R1,MECHANISM,42429832,chunk-42429832-001,Current perspectives on natural and pharmacological interventions for combating drug-induced pulmonary toxicity.,Current perspectives on natural and pharmacological interventions for combating drug-induced pulmonary toxicity.,PENDING,,,PubMed_Central,,,
v3.1h-001,How does metformin inhibit hepatic gluconeogenesis?,Pharmacology,R1,MECHANISM,42431357,chunk-42431357-001,"Oral use of anxiolytic, sedative, and anaesthetic medications in domestic cats (Felis catus): A scoping review.","Oral use of anxiolytic, sedative, and anaesthetic medications in domestic cats (Felis catus): A scoping review.",PENDING,,,PubMed_Central,,,
v3.1h-001,How does metformin inhibit hepatic gluconeogenesis?,Pharmacology,R1,MECHANISM,42436620,chunk-42436620-001,Research on drug interactions and efficacy optimization of combined medication for elderly patients with ischemic cerebrovascular disease in Guangxi Zhuang Autonomous Region.,Research on drug interactions and efficacy optimization of combined medication for elderly patients with ischemic cerebrovascular disease in Guangxi Zhuang Autonomous Region.,PENDING,,,PubMed_Central,,,
v3.1h-001,How does metformin inhibit hepatic gluconeogenesis?,Pharmacology,R1,MECHANISM,42437608,chunk-42437608-001,"Influence of prior administration of gabapentin and integrative practices on sedation scores, physiological parameters, and propofol requirement in cats sedated with dexmedetomidine.","Influence of prior administration of gabapentin and integrative practices on sedation scores, physiological parameters, and propofol requirement in cats sedated with dexmedetomidine.",PENDING,,,PubMed_Central,,,
v3.1h-001,How does metformin inhibit hepatic gluconeogenesis?,Pharmacology,R1,MECHANISM,42438486,chunk-42438486-001,"A first-in-human study evaluating safety, PK, and PD of a novel universal anticoagulant reversal agent, OKL-1111.","A first-in-human study evaluating safety, PK, and PD of a novel universal anticoagulant reversal agent, OKL-1111.",PENDING,,,PubMed_Central,,,
v3.1h-001,How does metformin inhibit hepatic gluconeogenesis?,Pharmacology,R1,MECHANISM,42438581,chunk-42438581-001,Unmasking Refractory Hypothyroidism: Persistent Iron-Levothyroxine Interaction Despite Appropriate Dose Separation.,Unmasking Refractory Hypothyroidism: Persistent Iron-Levothyroxine Interaction Despite Appropriate Dose Separation.,PENDING,,,PubMed_Central,,,
v3.1h-001,How does metformin inhibit hepatic gluconeogenesis?,Pharmacology,R1,MECHANISM,42448258,chunk-42448258-001,Anticoagulant Regimen for Nonvalvular Atrial Fibrillation in the Elderly and Frail Population.,Anticoagulant Regimen for Nonvalvular Atrial Fibrillation in the Elderly and Frail Population.,PENDING,,,PubMed_Central,,,
v3.1h-001,How does metformin inhibit hepatic gluconeogenesis?,Pharmacology,R1,MECHANISM,42458467,chunk-42458467-001,"Use of prescription medications potentially harmful during pregnancy among women of reproductive age by pregnancy status and contraceptive use in the United States, 2009-2020.","Use of prescription medications potentially harmful during pregnancy among women of reproductive age by pregnancy status and contraceptive use in the United States, 2009-2020.",PENDING,,,PubMed_Central,,,
v3.1h-001,How does metformin inhibit hepatic gluconeogenesis?,Pharmacology,R1,MECHANISM,42461919,chunk-42461919-001,Signal mining and analysis of adverse events associated with Isotretinoin: A 20-Year real-world pharmacovigilance study based on FAERS and EudraVigilance databases.,Signal mining and analysis of adverse events associated with Isotretinoin: A 20-Year real-world pharmacovigilance study based on FAERS and EudraVigilance databases.,PENDING,,,PubMed_Central,,,
v3.1h-001,How does metformin inhibit hepatic gluconeogenesis?,Pharmacology,R1,MECHANISM,42462752,chunk-42462752-001,Risk of fracture with gabapentinoid treatment in older adults: a multinational population-based study.,Risk of fracture with gabapentinoid treatment in older adults: a multinational population-based study.,PENDING,,,PubMed_Central,,,
v3.1h-001,How does metformin inhibit hepatic gluconeogenesis?,Pharmacology,R1,MECHANISM,42466914,chunk-42466914-001,Amiodarone-induced pulmonary toxicity: case series and review of clinical-radiological correlations.,Amiodarone-induced pulmonary toxicity: case series and review of clinical-radiological correlations.,PENDING,,,PubMed_Central,,,
v3.1h-001,How does metformin inhibit hepatic gluconeogenesis?,Pharmacology,R1,MECHANISM,42475421,chunk-42475421-001,"Vascular Endothelial Growth Factor Receptor 1-Blocking Antibody Improves Endothelial Structure, Kidney Function, and GFR in Diabetic Mice.","Vascular Endothelial Growth Factor Receptor 1-Blocking Antibody Improves Endothelial Structure, Kidney Function, and GFR in Diabetic Mice.",PENDING,,,PubMed_Central,,,
v3.1h-001,How does metformin inhibit hepatic gluconeogenesis?,Pharmacology,R1,MECHANISM,42481856,chunk-42481856-001,Integrating Clinical Evidence with PBPK Modeling to Assess PPI-Clopidogrel-CYP2C19 Interactions in Chinese ACS Patients.,Integrating Clinical Evidence with PBPK Modeling to Assess PPI-Clopidogrel-CYP2C19 Interactions in Chinese ACS Patients.,PENDING,,,PubMed_Central,,,
v3.1h-001,How does metformin inhibit hepatic gluconeogenesis?,Pharmacology,R1,MECHANISM,42483729,chunk-42483729-001,"Once-Nightly Pregabalin for Co-Occurring Nightmares, Poor Sleep, and Headaches: A Case Series.","Once-Nightly Pregabalin for Co-Occurring Nightmares, Poor Sleep, and Headaches: A Case Series.",PENDING,,,PubMed_Central,,,
v3.1h-001,How does metformin inhibit hepatic gluconeogenesis?,Pharmacology,R1,MECHANISM,42484991,chunk-42484991-001,Budget Impact of Eplerenone for Heart Failure with Reduced Ejection Fraction: National Perspective and Regional Implications in Italy.,Budget Impact of Eplerenone for Heart Failure with Reduced Ejection Fraction: National Perspective and Regional Implications in Italy.,PENDING,,,PubMed_Central,,,
v3.1h-001,How does metformin inhibit hepatic gluconeogenesis?,Pharmacology,R1,MECHANISM,42489609,chunk-42489609-001,Cilostazol-Induced Digoxin Toxicity Presenting as Accelerated Idioventricular Rhythm and Recurrent Syncope.,Cilostazol-Induced Digoxin Toxicity Presenting as Accelerated Idioventricular Rhythm and Recurrent Syncope.,PENDING,,,PubMed_Central,,,
v3.1h-001,How does metformin inhibit hepatic gluconeogenesis?,Pharmacology,R1,MECHANISM,42497636,chunk-42497636-001,Macrophage membrane camouflaged biomimetic nanomedicine for normalizing electrical dysfunction and inflammation pathology in atrial fibrillation.,Macrophage membrane camouflaged biomimetic nanomedicine for normalizing electrical dysfunction and inflammation pathology in atrial fibrillation.,PENDING,,,PubMed_Central,,,
v3.1h-001,How does metformin inhibit hepatic gluconeogenesis?,Pharmacology,R1,MECHANISM,42499456,chunk-42499456-001,"Association of Proximal Tubule Secretion With Hyperkalemia Risk, Treatment Response, and Outcomes in Heart Failure With Preserved Ejection Fraction.","Association of Proximal Tubule Secretion With Hyperkalemia Risk, Treatment Response, and Outcomes in Heart Failure With Preserved Ejection Fraction.",PENDING,,,PubMed_Central,,,
v3.1h-001,How does metformin inhibit hepatic gluconeogenesis?,Pharmacology,R1,MECHANISM,42515713,chunk-42515713-001,CYP2D6 Metabolizer Phenotype Is Associated with Early Antidepressant Discontinuation in the UK Biobank.,CYP2D6 Metabolizer Phenotype Is Associated with Early Antidepressant Discontinuation in the UK Biobank.,PENDING,,,PubMed_Central,,,
v3.1h-001,How does metformin inhibit hepatic gluconeogenesis?,Pharmacology,R1,MECHANISM,42522519,chunk-42522519-001,Examining the safety of dermatological and surgical procedures in patients undergoing systemic isotretinoin therapy: An updated review.,Examining the safety of dermatological and surgical procedures in patients undergoing systemic isotretinoin therapy: An updated review.,PENDING,,,PubMed_Central,,,
v3.1h-001,How does metformin inhibit hepatic gluconeogenesis?,Pharmacology,R1,MECHANISM,42527260,chunk-42527260-001,Gabapentin for Postoperative Analgesia in Cardiac Surgery via Sternotomy: A Systematic Review and Meta-Analysis of Randomized Controlled Trials.,Gabapentin for Postoperative Analgesia in Cardiac Surgery via Sternotomy: A Systematic Review and Meta-Analysis of Randomized Controlled Trials.,PENDING,,,PubMed_Central,,,
v3.1h-001,How does metformin inhibit hepatic gluconeogenesis?,Pharmacology,R1,MECHANISM,42528583,chunk-42528583-001,Amiodarone-induced granulomatous lung injury mimicking organizing pneumonia: a case report.,Amiodarone-induced granulomatous lung injury mimicking organizing pneumonia: a case report.,PENDING,,,PubMed_Central,,,
v3.1h-001,How does metformin inhibit hepatic gluconeogenesis?,Pharmacology,R1,MECHANISM,42546121,chunk-42546121-001,Direct Oral Anticoagulants for Atrial Fibrillation in Patients Receiving Hemodialysis: A Review and Discussion of Evidence.,Direct Oral Anticoagulants for Atrial Fibrillation in Patients Receiving Hemodialysis: A Review and Discussion of Evidence.,PENDING,,,PubMed_Central,,,
v3.1h-001,How does metformin inhibit hepatic gluconeogenesis?,Pharmacology,R1,MECHANISM,42558881,chunk-42558881-001,Drug-associated psoriasis: a pharmacovigilance study based on the FAERS database.,Drug-associated psoriasis: a pharmacovigilance study based on the FAERS database.,PENDING,,,PubMed_Central,,,
v3.1h-001,How does metformin inhibit hepatic gluconeogenesis?,Pharmacology,R1,MECHANISM,42571795,chunk-42571795-001,Mechanistic insights into cytochrome P450 inhibition by progesterone and its impact on fluoxetine pharmacokinetics.,Mechanistic insights into cytochrome P450 inhibition by progesterone and its impact on fluoxetine pharmacokinetics.,PENDING,,,PubMed_Central,,,
v3.1h-001,How does metformin inhibit hepatic gluconeogenesis?,Pharmacology,R1,MECHANISM,42573610,chunk-42573610-001,Paracetamol-induced hepatic injury following intentional self-poisoning: a case report and therapeutic considerations.,Paracetamol-induced hepatic injury following intentional self-poisoning: a case report and therapeutic considerations.,PENDING,,,PubMed_Central,,,
v3.1h-001,How does metformin inhibit hepatic gluconeogenesis?,Pharmacology,R1,MECHANISM,42580175,chunk-42580175-001,"Iodine excess in relation to decreased free thyroxine levels during pregnancy in an iodine-sufficient region, and potential interactions with iron and selenium.","Iodine excess in relation to decreased free thyroxine levels during pregnancy in an iodine-sufficient region, and potential interactions with iron and selenium.",PENDING,,,PubMed_Central,,,
v3.1h-001,How does metformin inhibit hepatic gluconeogenesis?,Pharmacology,R1,MECHANISM,42580545,chunk-42580545-001,Non-steroidal anti-inflammatory drugs and CYP2C9 - Impacts of genetics and phenoconversion on the risk of adverse effects.,Non-steroidal anti-inflammatory drugs and CYP2C9 - Impacts of genetics and phenoconversion on the risk of adverse effects.,PENDING,,,PubMed_Central,,,
v3.1h-001,How does metformin inhibit hepatic gluconeogenesis?,Pharmacology,R1,MECHANISM,42584699,chunk-42584699-001,"The ""obesity paradox"" in dosing: a comprehensive analytical review of cockcroft-gault versus CKD-EPI for predicting clearance of narrow-therapeutic-index drugs in patients with BMI > 40 kg/m².","The ""obesity paradox"" in dosing: a comprehensive analytical review of cockcroft-gault versus CKD-EPI for predicting clearance of narrow-therapeutic-index drugs in patients with BMI > 40 kg/m².",PENDING,,,PubMed_Central,,,
v3.1h-001,How does metformin inhibit hepatic gluconeogenesis?,Pharmacology,R1,MECHANISM,42586461,chunk-42586461-001,Pharmacogenomic and drug interactions risk in cardio-oncology: A precision medicine perspective for India.,Pharmacogenomic and drug interactions risk in cardio-oncology: A precision medicine perspective for India.,PENDING,,,PubMed_Central,,,
v3.1h-001,How does metformin inhibit hepatic gluconeogenesis?,Pharmacology,R1,MECHANISM,42587752,chunk-42587752-001,Rapid Volumetric Bioprinting Coupled with Dynamic Perfusion Enhances Human Hepatic Organoid Toxicity Testing.,Rapid Volumetric Bioprinting Coupled with Dynamic Perfusion Enhances Human Hepatic Organoid Toxicity Testing.,PENDING,,,PubMed_Central,,,
v3.1h-001,How does metformin inhibit hepatic gluconeogenesis?,Pharmacology,R1,MECHANISM,42590087,chunk-42590087-001,"Digoxin Dosing Errors, Drug Interactions and Off-Label Risks: Insights from an EudraVigilance Disproportionality Analysis.","Digoxin Dosing Errors, Drug Interactions and Off-Label Risks: Insights from an EudraVigilance Disproportionality Analysis.",PENDING,,,PubMed_Central,,,
v3.1h-001,How does metformin inhibit hepatic gluconeogenesis?,Pharmacology,R1,MECHANISM,42591558,chunk-42591558-001,Physiologically based pharmacokinetic modeling of fluconazole: interpretation of gender-dependent pharmacokinetics and cytochrome P450 inhibition.,Physiologically based pharmacokinetic modeling of fluconazole: interpretation of gender-dependent pharmacokinetics and cytochrome P450 inhibition.,PENDING,,,PubMed_Central,,,
v3.1h-001,How does metformin inhibit hepatic gluconeogenesis?,Pharmacology,R1,MECHANISM,42595037,chunk-42595037-001,Evidence for the Use of Steroidal Aldosterone Antagonists in Patients With Kidney Failure.,Evidence for the Use of Steroidal Aldosterone Antagonists in Patients With Kidney Failure.,PENDING,,,PubMed_Central,,,
v3.1h-001,How does metformin inhibit hepatic gluconeogenesis?,Pharmacology,R1,MECHANISM,42595240,chunk-42595240-001,Xenobiotic-Induced Liver Injury in the United States: A 25-Year Retrospective Analysis of National Poison Data System.,Xenobiotic-Induced Liver Injury in the United States: A 25-Year Retrospective Analysis of National Poison Data System.,PENDING,,,PubMed_Central,,,
v3.1h-001,How does metformin inhibit hepatic gluconeogenesis?,Pharmacology,R1,MECHANISM,42596979,chunk-42596979-001,Sertraline use in pregnancy and placental transfer: A pharmacokinetic prospective cohort study.,Sertraline use in pregnancy and placental transfer: A pharmacokinetic prospective cohort study.,PENDING,,,PubMed_Central,,,
v3.1h-001,How does metformin inhibit hepatic gluconeogenesis?,Pharmacology,R1,MECHANISM,42598366,chunk-42598366-001,"A 76-Year-Old Man With Hemorrhagic Stroke, Recurrent Thromboembolic Events, and Atrial Fibrillation Under Optimal Medical Treatment: When Anticoagulants Fail.","A 76-Year-Old Man With Hemorrhagic Stroke, Recurrent Thromboembolic Events, and Atrial Fibrillation Under Optimal Medical Treatment: When Anticoagulants Fail.",PENDING,,,PubMed_Central,,,
v3.1h-001,How does metformin inhibit hepatic gluconeogenesis?,Pharmacology,R1,MECHANISM,42603144,chunk-42603144-001,Differential Quantification of Cutibacterium acnes Phylotypes IA and IB/II on Healthy and Acne-Prone Human Skin.,Differential Quantification of Cutibacterium acnes Phylotypes IA and IB/II on Healthy and Acne-Prone Human Skin.,PENDING,,,PubMed_Central,,,
v3.1h-001,How does metformin inhibit hepatic gluconeogenesis?,Pharmacology,R1,MECHANISM,42610101,chunk-42610101-001,Nature's Poison Pill: A Case of Digoxin-Like Toxicity From the Seed of the Ornamental Plant Thevetia peruviana.,Nature's Poison Pill: A Case of Digoxin-Like Toxicity From the Seed of the Ornamental Plant Thevetia peruviana.,PENDING,,,PubMed_Central,,,
v3.1h-001,How does metformin inhibit hepatic gluconeogenesis?,Pharmacology,R1,MECHANISM,42618000,chunk-42618000-001,Pipamperone metabolism by various recombinant cytochrome preparations.,Pipamperone metabolism by various recombinant cytochrome preparations.,PENDING,,,PubMed_Central,,,
v3.1h-001,How does metformin inhibit hepatic gluconeogenesis?,Pharmacology,R1,MECHANISM,42621983,chunk-42621983-001,Mass-Forming NSAID-Associated Colopathy Mimicking Right-Sided Colon Cancer: A Case Report.,Mass-Forming NSAID-Associated Colopathy Mimicking Right-Sided Colon Cancer: A Case Report.,PENDING,,,PubMed_Central,,,
v3.1h-001,How does metformin inhibit hepatic gluconeogenesis?,Pharmacology,R1,MECHANISM,42622073,chunk-42622073-001,Assessment of Pharmacokinetic Interaction and Clinical Efficacy of Clopidogrel Co-administered with Ilaprazole.,Assessment of Pharmacokinetic Interaction and Clinical Efficacy of Clopidogrel Co-administered with Ilaprazole.,PENDING,,,PubMed_Central,,,
v3.1h-001,How does metformin inhibit hepatic gluconeogenesis?,Pharmacology,R1,MECHANISM,42628776,chunk-42628776-001,Differentiating hepatic and renal toxicity reveals CYP-independent mechanisms of acetaminophen-induced acute kidney injury.,Differentiating hepatic and renal toxicity reveals CYP-independent mechanisms of acetaminophen-induced acute kidney injury.,PENDING,,,PubMed_Central,,,
v3.1h-001,How does metformin inhibit hepatic gluconeogenesis?,Pharmacology,R1,MECHANISM,42628883,chunk-42628883-001,Effects of psychotropic medications on a placenta cell model: A functional study with BeWo cells.,Effects of psychotropic medications on a placenta cell model: A functional study with BeWo cells.,PENDING,,,PubMed_Central,,,
v3.1h-001,How does metformin inhibit hepatic gluconeogenesis?,Pharmacology,R1,MECHANISM,42630019,chunk-42630019-001,Pharmacogenomics in Dentistry: From CYP-Mediated Drug Response to Precision Prescribing in Oral Healthcare.,Pharmacogenomics in Dentistry: From CYP-Mediated Drug Response to Precision Prescribing in Oral Healthcare.,PENDING,,,PubMed_Central,,,
v3.1h-001,How does metformin inhibit hepatic gluconeogenesis?,Pharmacology,R1,MECHANISM,42631638,chunk-42631638-001,Diallyl trisulfide ameliorates acetaminophen-induced acute liver injury through the oxidative modification of CYP2E1 cysteine residues.,Diallyl trisulfide ameliorates acetaminophen-induced acute liver injury through the oxidative modification of CYP2E1 cysteine residues.,PENDING,,,PubMed_Central,,,
v3.1h-001,How does metformin inhibit hepatic gluconeogenesis?,Pharmacology,R1,MECHANISM,42631653,chunk-42631653-001,Application of Physiologically Based Pharmacokinetic Modeling to Optimize Assessment of Age-Related Fluoxetine Accumulation in the Elderly.,Application of Physiologically Based Pharmacokinetic Modeling to Optimize Assessment of Age-Related Fluoxetine Accumulation in the Elderly.,PENDING,,,PubMed_Central,,,
v3.1h-001,How does metformin inhibit hepatic gluconeogenesis?,Pharmacology,R1,MECHANISM,42632694,chunk-42632694-001,Oral co-delivery of quercetin and anthocyanins via dual-ligand nanoparticles alleviate obesity and associated metabolic disorders.,Oral co-delivery of quercetin and anthocyanins via dual-ligand nanoparticles alleviate obesity and associated metabolic disorders.,PENDING,,,PubMed_Central,,,
v3.1h-001,How does metformin inhibit hepatic gluconeogenesis?,Pharmacology,R1,MECHANISM,42633086,chunk-42633086-001,Nivolumab after recurrent pembrolizumab-associated hepatotoxicity in PD-L1-high metastatic squamous non-small cell lung cancer: a case report.,Nivolumab after recurrent pembrolizumab-associated hepatotoxicity in PD-L1-high metastatic squamous non-small cell lung cancer: a case report.,PENDING,,,PubMed_Central,,,
v3.1h-001,How does metformin inhibit hepatic gluconeogenesis?,Pharmacology,R1,MECHANISM,42636556,chunk-42636556-001,Multicenter Evaluation of Opioid Prescribing After Minimally Invasive Repair of Pectus Excavatum Before The 2024 American Academy of Pediatrics Guideline: Room to Improve.,Multicenter Evaluation of Opioid Prescribing After Minimally Invasive Repair of Pectus Excavatum Before The 2024 American Academy of Pediatrics Guideline: Room to Improve.,PENDING,,,PubMed_Central,,,
v3.1h-001,How does metformin inhibit hepatic gluconeogenesis?,Pharmacology,R1,MECHANISM,42636576,chunk-42636576-001,"Real-world variability and factors associated with individual low-density-lipoprotein cholesterol response to different doses of atorvastatin, rosuvastatin, and simvastatin in 28,647 Chinese patients.","Real-world variability and factors associated with individual low-density-lipoprotein cholesterol response to different doses of atorvastatin, rosuvastatin, and simvastatin in 28,647 Chinese patients.",PENDING,,,PubMed_Central,,,
v3.1h-001,How does metformin inhibit hepatic gluconeogenesis?,Pharmacology,R1,MECHANISM,42637515,chunk-42637515-001,An uncommon side effect of statins: perioral neuropathic symptoms.,An uncommon side effect of statins: perioral neuropathic symptoms.,PENDING,,,PubMed_Central,,,
v3.1h-001,How does metformin inhibit hepatic gluconeogenesis?,Pharmacology,R1,MECHANISM,42638417,chunk-42638417-001,The Bacterial Metabolite Lndole-3-Propionic Acid Alleviates Acetaminophen-Induced Acute Liver Injury Partly through the Aryl Hydrocarbon Receptor Pathway.,The Bacterial Metabolite Lndole-3-Propionic Acid Alleviates Acetaminophen-Induced Acute Liver Injury Partly through the Aryl Hydrocarbon Receptor Pathway.,PENDING,,,PubMed_Central,,,
v3.1h-001,How does metformin inhibit hepatic gluconeogenesis?,Pharmacology,R1,MECHANISM,42643702,chunk-42643702-001,Sex-Specific Safety Signals of Finerenone Versus Spironolactone: Insights From the FDA Adverse Event Reporting System.,Sex-Specific Safety Signals of Finerenone Versus Spironolactone: Insights From the FDA Adverse Event Reporting System.,PENDING,,,PubMed_Central,,,
v3.1h-001,How does metformin inhibit hepatic gluconeogenesis?,Pharmacology,R1,MECHANISM,42645604,chunk-42645604-001,"Berberine-associated lipid-inflammatory regulation in atherosclerosis: an integrative transcriptomic, single-cell, and in vivo study.","Berberine-associated lipid-inflammatory regulation in atherosclerosis: an integrative transcriptomic, single-cell, and in vivo study.",PENDING,,,PubMed_Central,,,
v3.1h-001,How does metformin inhibit hepatic gluconeogenesis?,Pharmacology,R1,MECHANISM,42647165,chunk-42647165-001,Pharmacotherapeutic considerations for the treatment of post-traumatic stress disorder during and after pregnancy: an update.,Pharmacotherapeutic considerations for the treatment of post-traumatic stress disorder during and after pregnancy: an update.,PENDING,,,PubMed_Central,,,
v3.1h-001,How does metformin inhibit hepatic gluconeogenesis?,Pharmacology,R1,MECHANISM,42647942,chunk-42647942-001,Use of Corrected QT Cutoffs Derived from Biological Variation to Predict Adverse Events Due to Antipsychotic Drugs: Case Report.,Use of Corrected QT Cutoffs Derived from Biological Variation to Predict Adverse Events Due to Antipsychotic Drugs: Case Report.,PENDING,,,PubMed_Central,,,
v3.1h-001,How does metformin inhibit hepatic gluconeogenesis?,Pharmacology,R1,MECHANISM,42652369,chunk-42652369-001,"Shifting Public Interest in Liver Health, Hepatotoxic Medications, and Dietary Supplements in Kazakhstan: A Five-Year Google Trends Infodemiology Study.","Shifting Public Interest in Liver Health, Hepatotoxic Medications, and Dietary Supplements in Kazakhstan: A Five-Year Google Trends Infodemiology Study.",PENDING,,,PubMed_Central,,,
v3.1h-001,How does metformin inhibit hepatic gluconeogenesis?,Pharmacology,R1,MECHANISM,42653071,chunk-42653071-001,Safety and Efficacy Assessment of Cannabis Plant Compared to Atorvastatin for Lipid Lowering in Diabetic and Obese Wistar Male Rats.,Safety and Efficacy Assessment of Cannabis Plant Compared to Atorvastatin for Lipid Lowering in Diabetic and Obese Wistar Male Rats.,PENDING,,,PubMed_Central,,,
v3.1h-001,How does metformin inhibit hepatic gluconeogenesis?,Pharmacology,R1,MECHANISM,42653173,chunk-42653173-001,Molecular Mechanisms of Acute Drug Toxicity in Polypharmacy: Analgesic-Psychotropic Interactions.,Molecular Mechanisms of Acute Drug Toxicity in Polypharmacy: Analgesic-Psychotropic Interactions.,PENDING,,,PubMed_Central,,,
v3.1h-001,How does metformin inhibit hepatic gluconeogenesis?,Pharmacology,R1,MECHANISM,42653808,chunk-42653808-001,"Berberine-Drug Interactions: Mechanisms, Clinical Relevance and Risk Stratification-A Narrative Review.","Berberine-Drug Interactions: Mechanisms, Clinical Relevance and Risk Stratification-A Narrative Review.",PENDING,,,PubMed_Central,,,
v3.1h-001,How does metformin inhibit hepatic gluconeogenesis?,Pharmacology,R1,MECHANISM,42654146,chunk-42654146-001,Moxifloxacin-Mediated Downregulation of Intestinal P-Glycoprotein Alters the Pharmacokinetics of Dabigatran Etexilate: Mechanistic Insights in Rats and PBPK Model-Informed Dose Optimization.,Moxifloxacin-Mediated Downregulation of Intestinal P-Glycoprotein Alters the Pharmacokinetics of Dabigatran Etexilate: Mechanistic Insights in Rats and PBPK Model-Informed Dose Optimization.,PENDING,,,PubMed_Central,,,
v3.1h-001,How does metformin inhibit hepatic gluconeogenesis?,Pharmacology,R1,MECHANISM,42654342,chunk-42654342-001,Therapeutic Potential of Anti-Obesity Drugs in Obesity-Associated Female Reproductive Dysfunction: Translating Mechanistic Evidence into Personalized Clinical Strategies.,Therapeutic Potential of Anti-Obesity Drugs in Obesity-Associated Female Reproductive Dysfunction: Translating Mechanistic Evidence into Personalized Clinical Strategies.,PENDING,,,PubMed_Central,,,
v3.1h-001,How does metformin inhibit hepatic gluconeogenesis?,Pharmacology,R1,MECHANISM,42658230,chunk-42658230-001,Supratherapeutic Digoxin Levels in Children with Cardiac Disease.,Supratherapeutic Digoxin Levels in Children with Cardiac Disease.,PENDING,,,PubMed_Central,,,
v3.1h-001,How does metformin inhibit hepatic gluconeogenesis?,Pharmacology,R1,MECHANISM,42660303,chunk-42660303-001,Cardioprotective effects of natural phytochemicals from traditional medicinal plants against doxorubicin-induced cardiotoxicity: A meta-analysis of preclinical studies.,Cardioprotective effects of natural phytochemicals from traditional medicinal plants against doxorubicin-induced cardiotoxicity: A meta-analysis of preclinical studies.,PENDING,,,PubMed_Central,,,
v3.1h-001,How does metformin inhibit hepatic gluconeogenesis?,Pharmacology,R1,MECHANISM,42661734,chunk-42661734-001,Sex-specific effects of resveratrol and metformin on mitochondrial function and inflammatory activation in a TNF-α-driven human iPSC-derived endothelial dysfunction model.,Sex-specific effects of resveratrol and metformin on mitochondrial function and inflammatory activation in a TNF-α-driven human iPSC-derived endothelial dysfunction model.,PENDING,,,PubMed_Central,,,
v3.1h-001,How does metformin inhibit hepatic gluconeogenesis?,Pharmacology,R1,MECHANISM,42662112,chunk-42662112-001,A Comparative Study to Evaluate the Renoprotective Effect of Antidiabetic Drugs in Patients With Type 2 Diabetes Mellitus.,A Comparative Study to Evaluate the Renoprotective Effect of Antidiabetic Drugs in Patients With Type 2 Diabetes Mellitus.,PENDING,,,PubMed_Central,,,
v3.1h-001,How does metformin inhibit hepatic gluconeogenesis?,Pharmacology,R1,MECHANISM,42662351,chunk-42662351-001,Sertraline-induced fetotoxicity in mice: Protective effects of vitamin E on foetal growth and organ histology.,Sertraline-induced fetotoxicity in mice: Protective effects of vitamin E on foetal growth and organ histology.,PENDING,,,PubMed_Central,,,
v3.1h-001,How does metformin inhibit hepatic gluconeogenesis?,Pharmacology,R1,MECHANISM,42662739,chunk-42662739-001,Transporter Interactions of Methoxyflavones and Their In Vivo Pharmacokinetic Implications.,Transporter Interactions of Methoxyflavones and Their In Vivo Pharmacokinetic Implications.,PENDING,,,PubMed_Central,,,
v3.1h-001,How does metformin inhibit hepatic gluconeogenesis?,Pharmacology,R1,MECHANISM,42662744,chunk-42662744-001,Perfluoroether Peptide-Modified Artificial Viral Capsid for Enhanced Doxorubicin Delivery to Liver Cancer Cells.,Perfluoroether Peptide-Modified Artificial Viral Capsid for Enhanced Doxorubicin Delivery to Liver Cancer Cells.,PENDING,,,PubMed_Central,,,
v3.1h-001,How does metformin inhibit hepatic gluconeogenesis?,Pharmacology,R1,MECHANISM,42662904,chunk-42662904-001,Early cardiac proteomic profiling in a long-latency doxorubicin cardiomyopathy model exhibits sexual dimorphism for cardioprotection.,Early cardiac proteomic profiling in a long-latency doxorubicin cardiomyopathy model exhibits sexual dimorphism for cardioprotection.,PENDING,,,PubMed_Central,,,
v3.1h-001,How does metformin inhibit hepatic gluconeogenesis?,Pharmacology,R1,MECHANISM,42663261,chunk-42663261-001,"Clinical outcomes of ""massive"" acetaminophen overdose treated with standard vs. augmented dose acetylcysteine.","Clinical outcomes of ""massive"" acetaminophen overdose treated with standard vs. augmented dose acetylcysteine.",PENDING,,,PubMed_Central,,,
v3.1h-001,How does metformin inhibit hepatic gluconeogenesis?,Pharmacology,R1,MECHANISM,42663921,chunk-42663921-001,Qishen Yiqi Dripping Pills ameliorate doxorubicin-induced cardiotoxicity: a study based on bioinformatics and experimental verification.,Qishen Yiqi Dripping Pills ameliorate doxorubicin-induced cardiotoxicity: a study based on bioinformatics and experimental verification.,PENDING,,,PubMed_Central,,,
v3.1h-001,How does metformin inhibit hepatic gluconeogenesis?,Pharmacology,R1,MECHANISM,42663925,chunk-42663925-001,Selective and Time-Dependent Alterations in Cytochrome P450 (CYP) Enzyme Activity and Expression by Major Phytocannabinoids.,Selective and Time-Dependent Alterations in Cytochrome P450 (CYP) Enzyme Activity and Expression by Major Phytocannabinoids.,PENDING,,,PubMed_Central,,,
v3.1h-001,How does metformin inhibit hepatic gluconeogenesis?,Pharmacology,R1,MECHANISM,42665114,chunk-42665114-001,Doxorubicin-induced Cardiotoxicity is Propagated by Paracrine Signaling through Small Extracellular Vesicles.,Doxorubicin-induced Cardiotoxicity is Propagated by Paracrine Signaling through Small Extracellular Vesicles.,PENDING,,,PubMed_Central,,,
v3.1h-001,How does metformin inhibit hepatic gluconeogenesis?,Pharmacology,R1,MECHANISM,42665174,chunk-42665174-001,Acetaminophen-induced developmental neurobehavioral and sensory organ toxicity in zebrafish.,Acetaminophen-induced developmental neurobehavioral and sensory organ toxicity in zebrafish.,PENDING,,,PubMed_Central,,,
v3.1h-001,How does metformin inhibit hepatic gluconeogenesis?,Pharmacology,R1,MECHANISM,42665888,chunk-42665888-001,"EXPRESS: Effect of oral gabapentin administered in-hospital on behavioral stress, compliance, and physiologic stress markers: a randomized, double-blind, placebo-controlled trial.","EXPRESS: Effect of oral gabapentin administered in-hospital on behavioral stress, compliance, and physiologic stress markers: a randomized, double-blind, placebo-controlled trial.",PENDING,,,PubMed_Central,,,
v3.1h-001,How does metformin inhibit hepatic gluconeogenesis?,Pharmacology,R1,MECHANISM,42666103,chunk-42666103-001,Clinical relevance of pharmacogenomic information for improving prescribing practices in acutely admitted older medical patients.,Clinical relevance of pharmacogenomic information for improving prescribing practices in acutely admitted older medical patients.,PENDING,,,PubMed_Central,,,
v3.1h-001,How does metformin inhibit hepatic gluconeogenesis?,Pharmacology,R1,MECHANISM,42666410,chunk-42666410-001,Preoperative Gabapentin in Pediatric Anterior Cruciate Ligament Reconstruction With Peripheral Nerve Blockade: A Retrospective Cohort Study.,Preoperative Gabapentin in Pediatric Anterior Cruciate Ligament Reconstruction With Peripheral Nerve Blockade: A Retrospective Cohort Study.,PENDING,,,PubMed_Central,,,
v3.1h-001,How does metformin inhibit hepatic gluconeogenesis?,Pharmacology,R1,MECHANISM,42667072,chunk-42667072-001,Unlocking the brain: Biodistribution insights into tween 80 nanoliposomes in healthy brains.,Unlocking the brain: Biodistribution insights into tween 80 nanoliposomes in healthy brains.,PENDING,,,PubMed_Central,,,
v3.1h-001,How does metformin inhibit hepatic gluconeogenesis?,Pharmacology,R1,MECHANISM,42667336,chunk-42667336-001,Atorvastatin Exerts Context-Dependent Metabolic and Beneficial Effects on Behavior and Apoptotic Signaling in a Cafeteria Diet-Induced Metabolic Dysfunction Model.,Atorvastatin Exerts Context-Dependent Metabolic and Beneficial Effects on Behavior and Apoptotic Signaling in a Cafeteria Diet-Induced Metabolic Dysfunction Model.,PENDING,,,PubMed_Central,,,
v3.1h-001,How does metformin inhibit hepatic gluconeogenesis?,Pharmacology,R1,MECHANISM,42667464,chunk-42667464-001,Schisandra chinensis polysaccharide attenuates diabetic islet cell injury by promoting autophagy via suppression of the PI3K/AKT/mTOR signaling cascade.,Schisandra chinensis polysaccharide attenuates diabetic islet cell injury by promoting autophagy via suppression of the PI3K/AKT/mTOR signaling cascade.,PENDING,,,PubMed_Central,,,
v3.1h-001,How does metformin inhibit hepatic gluconeogenesis?,Pharmacology,R1,MECHANISM,42667784,chunk-42667784-001,Mechanism of Gegen Qinlian Decoction in the treatment of diabetic cataract based on network pharmacology and experimental validation.,Mechanism of Gegen Qinlian Decoction in the treatment of diabetic cataract based on network pharmacology and experimental validation.,PENDING,,,PubMed_Central,,,
v3.1h-001,How does metformin inhibit hepatic gluconeogenesis?,Pharmacology,R1,MECHANISM,42669317,chunk-42669317-001,Ethical considerations in suspected isotretinoin nonadherence and/or diversion.,Ethical considerations in suspected isotretinoin nonadherence and/or diversion.,PENDING,,,PubMed_Central,,,
v3.1h-001,How does metformin inhibit hepatic gluconeogenesis?,Pharmacology,R1,MECHANISM,42670022,chunk-42670022-001,Apixaban Dose Selection in Kidney Failure: Reconciling Pharmacokinetics and Clinical Outcomes.,Apixaban Dose Selection in Kidney Failure: Reconciling Pharmacokinetics and Clinical Outcomes.,PENDING,,,PubMed_Central,,,
v3.1h-001,How does metformin inhibit hepatic gluconeogenesis?,Pharmacology,R1,MECHANISM,42670080,chunk-42670080-001,Anthracycline Cardiotoxicity: A Real-World Study Based on FDA Adverse Event Reporting System Database.,Anthracycline Cardiotoxicity: A Real-World Study Based on FDA Adverse Event Reporting System Database.,PENDING,,,PubMed_Central,,,
v3.1h-001,How does metformin inhibit hepatic gluconeogenesis?,Pharmacology,R1,MECHANISM,42670520,chunk-42670520-001,Younger Age is Associated with Treatment and Complication Outcomes Among Type 2 Diabetes Mellitus Patients in Kigali University Teaching Hospital.,Younger Age is Associated with Treatment and Complication Outcomes Among Type 2 Diabetes Mellitus Patients in Kigali University Teaching Hospital.,PENDING,,,PubMed_Central,,,
v3.1h-001,How does metformin inhibit hepatic gluconeogenesis?,Pharmacology,R1,MECHANISM,42670540,chunk-42670540-001,Mechanisms and the Role of p38 MAPK Signaling in Doxorubicin-Induced Cardiotoxicity: A Review.,Mechanisms and the Role of p38 MAPK Signaling in Doxorubicin-Induced Cardiotoxicity: A Review.,PENDING,,,PubMed_Central,,,
v3.1h-001,How does metformin inhibit hepatic gluconeogenesis?,Pharmacology,R1,MECHANISM,42670801,chunk-42670801-001,Therapeutic Potential of Nanocurcumin in Mitigating Duloxetine-Induced Hepatic Damage: Biochemical and Histopathological Insights.,Therapeutic Potential of Nanocurcumin in Mitigating Duloxetine-Induced Hepatic Damage: Biochemical and Histopathological Insights.,PENDING,,,PubMed_Central,,,
v3.1h-001,How does metformin inhibit hepatic gluconeogenesis?,Pharmacology,R1,MECHANISM,42671218,chunk-42671218-001,Protective Effects of Luteolin Against Cisplatin-Induced Hepatic and Renal Toxicity: Biochemical and Cellular Evidence.,Protective Effects of Luteolin Against Cisplatin-Induced Hepatic and Renal Toxicity: Biochemical and Cellular Evidence.,PENDING,,,PubMed_Central,,,
v3.1h-001,How does metformin inhibit hepatic gluconeogenesis?,Pharmacology,R1,MECHANISM,42674049,chunk-42674049-001,A Near-Infrared Fluorescent Probe for Imaging Nitroxyl Dynamics in Ferroptosis-Associated Drug-Induced Liver Injury.,A Near-Infrared Fluorescent Probe for Imaging Nitroxyl Dynamics in Ferroptosis-Associated Drug-Induced Liver Injury.,PENDING,,,PubMed_Central,,,
v3.1h-001,How does metformin inhibit hepatic gluconeogenesis?,Pharmacology,R1,MECHANISM,42674100,chunk-42674100-001,Drug Repurposing Signals for Abdominal Aortic Aneurysms.,Drug Repurposing Signals for Abdominal Aortic Aneurysms.,PENDING,,,PubMed_Central,,,
v3.1h-001,How does metformin inhibit hepatic gluconeogenesis?,Pharmacology,R1,MECHANISM,42675227,chunk-42675227-001,Stevioside promotes hepatocyte proliferation via YAP signaling in cholestatic disease.,Stevioside promotes hepatocyte proliferation via YAP signaling in cholestatic disease.,PENDING,,,PubMed_Central,,,
v3.1h-001,How does metformin inhibit hepatic gluconeogenesis?,Pharmacology,R1,MECHANISM,42675497,chunk-42675497-001,Delayed ischemic stroke ten days after aluminum phosphide ingestion in a previously healthy 21-year-old Ethiopian woman: a case report.,Delayed ischemic stroke ten days after aluminum phosphide ingestion in a previously healthy 21-year-old Ethiopian woman: a case report.,PENDING,,,PubMed_Central,,,
v3.1h-001,How does metformin inhibit hepatic gluconeogenesis?,Pharmacology,R1,MECHANISM,42675994,chunk-42675994-001,"An Adaptive, Time-Informed, Phenotype-Guided Pharmacological Framework for Severe Traumatic Brain Injury : A Hypothesis-Driven Narrative Review.","An Adaptive, Time-Informed, Phenotype-Guided Pharmacological Framework for Severe Traumatic Brain Injury : A Hypothesis-Driven Narrative Review.",PENDING,,,PubMed_Central,,,
v3.1h-001,How does metformin inhibit hepatic gluconeogenesis?,Pharmacology,R1,MECHANISM,42676526,chunk-42676526-001,Tricholoma matsutake polypeptide modulates cardiac metabolism and restores autophagic flux to mitigate doxorubicin-induced senescence.,Tricholoma matsutake polypeptide modulates cardiac metabolism and restores autophagic flux to mitigate doxorubicin-induced senescence.,PENDING,,,PubMed_Central,,,
v3.1h-001,How does metformin inhibit hepatic gluconeogenesis?,Pharmacology,R1,MECHANISM,42676937,chunk-42676937-001,Evaluation of acne vulgaris patient care in outpatient clinics: guideline adherence and patient education.,Evaluation of acne vulgaris patient care in outpatient clinics: guideline adherence and patient education.,PENDING,,,PubMed_Central,,,
v3.1h-001,How does metformin inhibit hepatic gluconeogenesis?,Pharmacology,R1,MECHANISM,42677064,chunk-42677064-001,Targeting Novel Pathways in Pulmonary Arterial Hypertension: A Systematic Review and Meta-Analysis of New Therapeutic Agents.,Targeting Novel Pathways in Pulmonary Arterial Hypertension: A Systematic Review and Meta-Analysis of New Therapeutic Agents.,PENDING,,,PubMed_Central,,,
v3.1h-001,How does metformin inhibit hepatic gluconeogenesis?,Pharmacology,R1,MECHANISM,42677606,chunk-42677606-001,Mitochondrial Unfolded Protein Response Regulates Copper-Induced Oxidative Stress via a Sirt3/FOXO3a Signaling Pathway in Chicken Hepatocytes.,Mitochondrial Unfolded Protein Response Regulates Copper-Induced Oxidative Stress via a Sirt3/FOXO3a Signaling Pathway in Chicken Hepatocytes.,PENDING,,,PubMed_Central,,,
v3.1h-001,How does metformin inhibit hepatic gluconeogenesis?,Pharmacology,R1,MECHANISM,42677663,chunk-42677663-001,Chronic BDE-47 Exposure Induces DNA Damage in Hepatocytes: Involvement of Oxidative Stress and CYP1A1/2 Upregulation.,Chronic BDE-47 Exposure Induces DNA Damage in Hepatocytes: Involvement of Oxidative Stress and CYP1A1/2 Upregulation.,PENDING,,,PubMed_Central,,,
v3.1h-001,How does metformin inhibit hepatic gluconeogenesis?,Pharmacology,R1,MECHANISM,42678094,chunk-42678094-001,Deciphering the Mechanisms of Statin-Ezetimibe Drug Combinations Using Boolean Logical Modeling and Transcriptomic Data.,Deciphering the Mechanisms of Statin-Ezetimibe Drug Combinations Using Boolean Logical Modeling and Transcriptomic Data.,PENDING,,,PubMed_Central,,,
v3.1h-001,How does metformin inhibit hepatic gluconeogenesis?,Pharmacology,R1,MECHANISM,42678242,chunk-42678242-001,Hepatoprotective effects of resolvin D1 in mice exposed to ethanol and galactosamine.,Hepatoprotective effects of resolvin D1 in mice exposed to ethanol and galactosamine.,PENDING,,,PubMed_Central,,,
v3.1h-001,How does metformin inhibit hepatic gluconeogenesis?,Pharmacology,R1,MECHANISM,42678243,chunk-42678243-001,MSCs overexpressing FGF21 alleviate acetaminophen-induced acute liver injury by eliciting macrophage-mediated phagocytosis.,MSCs overexpressing FGF21 alleviate acetaminophen-induced acute liver injury by eliciting macrophage-mediated phagocytosis.,PENDING,,,PubMed_Central,,,
v3.1h-001,How does metformin inhibit hepatic gluconeogenesis?,Pharmacology,R1,MECHANISM,42679743,chunk-42679743-001,Dual-response mitochondria-targeted fluorescent probe for Hypochlorous acid and viscosity: Applications in liver injury diagnosis and environmental monitoring.,Dual-response mitochondria-targeted fluorescent probe for Hypochlorous acid and viscosity: Applications in liver injury diagnosis and environmental monitoring.,PENDING,,,PubMed_Central,,,
v3.1h-001,How does metformin inhibit hepatic gluconeogenesis?,Pharmacology,R1,MECHANISM,42679829,chunk-42679829-001,"Adolescent health across Asia Pacific, 2000-23: a systematic analysis for the Global Burden of Disease Study 2023.","Adolescent health across Asia Pacific, 2000-23: a systematic analysis for the Global Burden of Disease Study 2023.",PENDING,,,PubMed_Central,,,
v3.1h-001,How does metformin inhibit hepatic gluconeogenesis?,Pharmacology,R1,MECHANISM,42680287,chunk-42680287-001,Lipid-lowering and hepatoprotective effects of Ocimum sanctum L. (Thai holy basil) flower against MASLD and liver inflammation in rats.,Lipid-lowering and hepatoprotective effects of Ocimum sanctum L. (Thai holy basil) flower against MASLD and liver inflammation in rats.,PENDING,,,PubMed_Central,,,
v3.1h-001,How does metformin inhibit hepatic gluconeogenesis?,Pharmacology,R1,MECHANISM,42681676,chunk-42681676-001,Targeting breast cancer stem cells by restoring RBM38 function: mechanism and protein delivery therapy.,Targeting breast cancer stem cells by restoring RBM38 function: mechanism and protein delivery therapy.,PENDING,,,PubMed_Central,,,
v3.1h-001,How does metformin inhibit hepatic gluconeogenesis?,Pharmacology,R1,MECHANISM,42682722,chunk-42682722-001,"PRO/CON debate: nonsteroidal versus steroidal mineralocorticoid receptor antagonists in chronic kidney disease: progress, pragmatism, and remaining uncertainties.","PRO/CON debate: nonsteroidal versus steroidal mineralocorticoid receptor antagonists in chronic kidney disease: progress, pragmatism, and remaining uncertainties.",PENDING,,,PubMed_Central,,,
v3.1h-002,Clearance pathway for lisinopril,Pharmacology,R1,MECHANISM,27148747,chunk-27148747-001,"Alendronate Sodium as Enteric Coated Solid Lipid Nanoparticles; Preparation, Optimization, and In Vivo Evaluation to Enhance Its Oral Bioavailability.","Alendronate Sodium as Enteric Coated Solid Lipid Nanoparticles; Preparation, Optimization, and In Vivo Evaluation to Enhance Its Oral Bioavailability.",PENDING,,,PubMed_Central,,,
v3.1h-002,Clearance pathway for lisinopril,Pharmacology,R1,MECHANISM,27956102,chunk-27956102-001,Pharyngolaryngeal ulcers associated with the improper use of alendronate.,Pharyngolaryngeal ulcers associated with the improper use of alendronate.,PENDING,,,PubMed_Central,,,
v3.1h-002,Clearance pathway for lisinopril,Pharmacology,R1,MECHANISM,28520369,chunk-28520369-001,Celecoxib Therapy and CYP2C9 Genotype.,Celecoxib Therapy and CYP2C9 Genotype.,PENDING,,,PubMed_Central,,,
v3.1h-002,Clearance pathway for lisinopril,Pharmacology,R1,MECHANISM,28520381,chunk-28520381-001,Metoprolol Therapy and CYP2D6 Genotype.,Metoprolol Therapy and CYP2D6 Genotype.,PENDING,,,PubMed_Central,,,
v3.1h-002,Clearance pathway for lisinopril,Pharmacology,R1,MECHANISM,29262813,chunk-29262813-001,Renoprotective RAAS inhibition does not affect the association between worse renal function and higher plasma aldosterone levels.,Renoprotective RAAS inhibition does not affect the association between worse renal function and higher plasma aldosterone levels.,PENDING,,,PubMed_Central,,,
v3.1h-002,Clearance pathway for lisinopril,Pharmacology,R1,MECHANISM,29856752,chunk-29856752-001,Quality by design approach to optimize the formulation variables influencing the characteristics of biodegradable intramuscular in-situ gel loaded with alendronate sodium for osteoporosis.,Quality by design approach to optimize the formulation variables influencing the characteristics of biodegradable intramuscular in-situ gel loaded with alendronate sodium for osteoporosis.,PENDING,,,PubMed_Central,,,
v3.1h-002,Clearance pathway for lisinopril,Pharmacology,R1,MECHANISM,30422511,chunk-30422511-001,Vitamin A Toxicity.,Vitamin A Toxicity.,PENDING,,,PubMed_Central,,,
v3.1h-002,Clearance pathway for lisinopril,Pharmacology,R1,MECHANISM,30626809,chunk-30626809-001,Symptoms and Upper Gastrointestinal Mucosal Injury Associated with Bisphosphonate Therapy.,Symptoms and Upper Gastrointestinal Mucosal Injury Associated with Bisphosphonate Therapy.,PENDING,,,PubMed_Central,,,
v3.1h-002,Clearance pathway for lisinopril,Pharmacology,R1,MECHANISM,31583609,chunk-31583609-001,Physiologically Based Pharmacokinetic Modelling to Identify Pharmacokinetic Parameters Driving Drug Exposure Changes in the Elderly.,Physiologically Based Pharmacokinetic Modelling to Identify Pharmacokinetic Parameters Driving Drug Exposure Changes in the Elderly.,PENDING,,,PubMed_Central,,,
v3.1h-002,Clearance pathway for lisinopril,Pharmacology,R1,MECHANISM,32666144,chunk-32666144-001,Upper gastrointestinal safety of oral bisphosphonate in hospitalized patients.,Upper gastrointestinal safety of oral bisphosphonate in hospitalized patients.,PENDING,,,PubMed_Central,,,
v3.1h-002,Clearance pathway for lisinopril,Pharmacology,R1,MECHANISM,32699722,chunk-32699722-001,Metformin Associated Lactic Acidosis in the Intensive Care Unit: A Rare Condition Mimicking Sepsis.,Metformin Associated Lactic Acidosis in the Intensive Care Unit: A Rare Condition Mimicking Sepsis.,PENDING,,,PubMed_Central,,,
v3.1h-002,Clearance pathway for lisinopril,Pharmacology,R1,MECHANISM,33048477,chunk-33048477-001,Impact of Green Tea Catechin Ingestion on the Pharmacokinetics of Lisinopril in Healthy Volunteers.,Impact of Green Tea Catechin Ingestion on the Pharmacokinetics of Lisinopril in Healthy Volunteers.,PENDING,,,PubMed_Central,,,
v3.1h-002,Clearance pathway for lisinopril,Pharmacology,R1,MECHANISM,33777146,chunk-33777146-001,Severe Oral Mucosal Ulceration Associated with Oral Bisphosphonate Use: The Importance of Imparting Proper Instructions on Medication Administration and Intake.,Severe Oral Mucosal Ulceration Associated with Oral Bisphosphonate Use: The Importance of Imparting Proper Instructions on Medication Administration and Intake.,PENDING,,,PubMed_Central,,,
v3.1h-002,Clearance pathway for lisinopril,Pharmacology,R1,MECHANISM,33986677,chunk-33986677-001,"Radiation Increases Bioavailability of Lisinopril, a Mitigator of Radiation-Induced Toxicities.","Radiation Increases Bioavailability of Lisinopril, a Mitigator of Radiation-Induced Toxicities.",PENDING,,,PubMed_Central,,,
v3.1h-002,Clearance pathway for lisinopril,Pharmacology,R1,MECHANISM,34258506,chunk-34258506-001,A Prospective Open-Label Observational Study of a Buffered Soluble 70 mg Alendronate Effervescent Tablet on Upper Gastrointestinal Safety and Medication Errors: The GastroPASS Study.,A Prospective Open-Label Observational Study of a Buffered Soluble 70 mg Alendronate Effervescent Tablet on Upper Gastrointestinal Safety and Medication Errors: The GastroPASS Study.,PENDING,,,PubMed_Central,,,
v3.1h-002,Clearance pathway for lisinopril,Pharmacology,R1,MECHANISM,36300543,chunk-36300543-001,"The effect of diminazene, an angiotensin-converting enzyme 2 activator, on adenine-induced chronic kidney disease in rats.","The effect of diminazene, an angiotensin-converting enzyme 2 activator, on adenine-induced chronic kidney disease in rats.",PENDING,,,PubMed_Central,,,
v3.1h-002,Clearance pathway for lisinopril,Pharmacology,R1,MECHANISM,37539955,chunk-37539955-001,Interventions for chronic kidney disease in people with sickle cell disease.,Interventions for chronic kidney disease in people with sickle cell disease.,PENDING,,,PubMed_Central,,,
v3.1h-002,Clearance pathway for lisinopril,Pharmacology,R1,MECHANISM,37715904,chunk-37715904-001,Associations of metal mixtures with thyroid function and potential interactions with iodine status: results from a cross-sectional study in MEWHC.,Associations of metal mixtures with thyroid function and potential interactions with iodine status: results from a cross-sectional study in MEWHC.,PENDING,,,PubMed_Central,,,
v3.1h-002,Clearance pathway for lisinopril,Pharmacology,R1,MECHANISM,37746873,chunk-37746873-001,Longitudinal Trajectory of Opioid Prescribing and its Associated Serious Adverse Events: A Population-Wide Cohort Study in Taiwan.,Longitudinal Trajectory of Opioid Prescribing and its Associated Serious Adverse Events: A Population-Wide Cohort Study in Taiwan.,PENDING,,,PubMed_Central,,,
v3.1h-002,Clearance pathway for lisinopril,Pharmacology,R1,MECHANISM,38006536,chunk-38006536-001,Clinical and Laboratory Factors Related to Seizure and Serotonin Toxicity in Tramadol Intoxication: An Egyptian Study.,Clinical and Laboratory Factors Related to Seizure and Serotonin Toxicity in Tramadol Intoxication: An Egyptian Study.,PENDING,,,PubMed_Central,,,
v3.1h-002,Clearance pathway for lisinopril,Pharmacology,R1,MECHANISM,38053572,chunk-38053572-001,Nephroprotective effects of diminazene on doxorubicin-induced acute kidney injury in rats.,Nephroprotective effects of diminazene on doxorubicin-induced acute kidney injury in rats.,PENDING,,,PubMed_Central,,,
v3.1h-002,Clearance pathway for lisinopril,Pharmacology,R1,MECHANISM,38374855,chunk-38374855-001,An Unusual Presentation of Cobblestone Esophagus From Bisphosphonate Use.,An Unusual Presentation of Cobblestone Esophagus From Bisphosphonate Use.,PENDING,,,PubMed_Central,,,
v3.1h-002,Clearance pathway for lisinopril,Pharmacology,R1,MECHANISM,38676494,chunk-38676494-001,"A Review of the Association between Infections, Seizures, and Drugs.","A Review of the Association between Infections, Seizures, and Drugs.",PENDING,,,PubMed_Central,,,
v3.1h-002,Clearance pathway for lisinopril,Pharmacology,R1,MECHANISM,38710058,chunk-38710058-001,"The Salutary Effects of Diminazene, Lisinopril or Valsartan on Cisplatin - Induced Acute Kidney Injury in Rats: A Comparative Study.","The Salutary Effects of Diminazene, Lisinopril or Valsartan on Cisplatin - Induced Acute Kidney Injury in Rats: A Comparative Study.",PENDING,,,PubMed_Central,,,
v3.1h-002,Clearance pathway for lisinopril,Pharmacology,R1,MECHANISM,38758406,chunk-38758406-001,Screening for ferroptosis genes related to endometrial carcinoma and predicting of targeted drugs based on bioinformatics.,Screening for ferroptosis genes related to endometrial carcinoma and predicting of targeted drugs based on bioinformatics.,PENDING,,,PubMed_Central,,,
v3.1h-002,Clearance pathway for lisinopril,Pharmacology,R1,MECHANISM,38832136,chunk-38832136-001,From pill to pain: Alendronate-induced esophageal injury-A case report and review.,From pill to pain: Alendronate-induced esophageal injury-A case report and review.,PENDING,,,PubMed_Central,,,
v3.1h-002,Clearance pathway for lisinopril,Pharmacology,R1,MECHANISM,39074188,chunk-39074188-001,Sex Differences in Physiological Responses to a National Collegiate Athletic Association Division I Soccer Season.,Sex Differences in Physiological Responses to a National Collegiate Athletic Association Division I Soccer Season.,PENDING,,,PubMed_Central,,,
v3.1h-002,Clearance pathway for lisinopril,Pharmacology,R1,MECHANISM,39114562,chunk-39114562-001,A network meta-analysis: evaluating the efficacy and safety of concurrent proton pump inhibitors and clopidogrel therapy in post-PCI patients.,A network meta-analysis: evaluating the efficacy and safety of concurrent proton pump inhibitors and clopidogrel therapy in post-PCI patients.,PENDING,,,PubMed_Central,,,
v3.1h-002,Clearance pathway for lisinopril,Pharmacology,R1,MECHANISM,39430173,chunk-39430173-001,Prospective Trial on the Pharmacokinetics of Clopidogrel in Hemodialysis Patients.,Prospective Trial on the Pharmacokinetics of Clopidogrel in Hemodialysis Patients.,PENDING,,,PubMed_Central,,,
v3.1h-002,Clearance pathway for lisinopril,Pharmacology,R1,MECHANISM,39817374,chunk-39817374-001,Delineating CYP2C19-mediated Interactions: Network Pharmacology Investigation of Ilaprazole and Clopidogrel versus Conventional Proton Pump Inhibitors.,Delineating CYP2C19-mediated Interactions: Network Pharmacology Investigation of Ilaprazole and Clopidogrel versus Conventional Proton Pump Inhibitors.,PENDING,,,PubMed_Central,,,
v3.1h-002,Clearance pathway for lisinopril,Pharmacology,R1,MECHANISM,40149400,chunk-40149400-001,The Association Between Statin Drugs and Rhabdomyolysis: An Analysis of FDA Adverse Event Reporting System (FAERS) Data and Transcriptomic Profiles.,The Association Between Statin Drugs and Rhabdomyolysis: An Analysis of FDA Adverse Event Reporting System (FAERS) Data and Transcriptomic Profiles.,PENDING,,,PubMed_Central,,,
v3.1h-002,Clearance pathway for lisinopril,Pharmacology,R1,MECHANISM,40198642,chunk-40198642-001,Impact of Ginkgo biloba drug interactions on bleeding risk and coagulation profiles: A comprehensive analysis.,Impact of Ginkgo biloba drug interactions on bleeding risk and coagulation profiles: A comprehensive analysis.,PENDING,,,PubMed_Central,,,
v3.1h-002,Clearance pathway for lisinopril,Pharmacology,R1,MECHANISM,40242084,chunk-40242084-001,Tramadol use and risk of seizure: A report of two cases and a review of recent literature.,Tramadol use and risk of seizure: A report of two cases and a review of recent literature.,PENDING,,,PubMed_Central,,,
v3.1h-002,Clearance pathway for lisinopril,Pharmacology,R1,MECHANISM,40272900,chunk-40272900-001,In vitro seizure risk assessment using a microelectrode array and comparison with an in vivo rat study.,In vitro seizure risk assessment using a microelectrode array and comparison with an in vivo rat study.,PENDING,,,PubMed_Central,,,
v3.1h-002,Clearance pathway for lisinopril,Pharmacology,R1,MECHANISM,40289797,chunk-40289797-001,Association of Biomarkers With Intracerebral Hematoma Expansion and Arterial Thromboembolic Events in Patients With Acute Intracranial Hemorrhage: The ANNEXA-I Biomarker Substudy.,Association of Biomarkers With Intracerebral Hematoma Expansion and Arterial Thromboembolic Events in Patients With Acute Intracranial Hemorrhage: The ANNEXA-I Biomarker Substudy.,PENDING,,,PubMed_Central,,,
v3.1h-002,Clearance pathway for lisinopril,Pharmacology,R1,MECHANISM,40357791,chunk-40357791-001,Antiplatelet-Proton Pump Inhibitor Interactions and Arterial Thrombotic Events: A Pharmacovigilance Assessment using Disproportionality and Interaction Analysis.,Antiplatelet-Proton Pump Inhibitor Interactions and Arterial Thrombotic Events: A Pharmacovigilance Assessment using Disproportionality and Interaction Analysis.,PENDING,,,PubMed_Central,,,
v3.1h-002,Clearance pathway for lisinopril,Pharmacology,R1,MECHANISM,40406172,chunk-40406172-001,Digoxin for Fetal Tachyarrhythmia: Toxicity in an Underweight Mother.,Digoxin for Fetal Tachyarrhythmia: Toxicity in an Underweight Mother.,PENDING,,,PubMed_Central,,,
v3.1h-002,Clearance pathway for lisinopril,Pharmacology,R1,MECHANISM,40618353,chunk-40618353-001,[Management of emergencies in direct oral anticoagulant-treated patients: practice pearls].,[Management of emergencies in direct oral anticoagulant-treated patients: practice pearls].,PENDING,,,PubMed_Central,,,
v3.1h-002,Clearance pathway for lisinopril,Pharmacology,R1,MECHANISM,40685887,chunk-40685887-001,Efficacy and Safety of Clopidogrel With and Without a Proton Pump Inhibitor: A Systematic Review and Meta-Analysis.,Efficacy and Safety of Clopidogrel With and Without a Proton Pump Inhibitor: A Systematic Review and Meta-Analysis.,PENDING,,,PubMed_Central,,,
v3.1h-002,Clearance pathway for lisinopril,Pharmacology,R1,MECHANISM,40749454,chunk-40749454-001,Drug-Related epileptic seizures and Age-Specific Differences: A Real-World study based on the FAERS database.,Drug-Related epileptic seizures and Age-Specific Differences: A Real-World study based on the FAERS database.,PENDING,,,PubMed_Central,,,
v3.1h-002,Clearance pathway for lisinopril,Pharmacology,R1,MECHANISM,40771914,chunk-40771914-001,"Pharmacodynamics, pharmacokinetics, interactions with other drugs, toxicity and clinical effectiveness of proton pump inhibitors.","Pharmacodynamics, pharmacokinetics, interactions with other drugs, toxicity and clinical effectiveness of proton pump inhibitors.",PENDING,,,PubMed_Central,,,
v3.1h-002,Clearance pathway for lisinopril,Pharmacology,R1,MECHANISM,40825054,chunk-40825054-001,"Analysis of hemorrhagic transformation and intracerebral hemorrhage under combination therapy with alteplase and antiplatelets or anticoagulants, using the Japanese Adverse Drug Event Report database.","Analysis of hemorrhagic transformation and intracerebral hemorrhage under combination therapy with alteplase and antiplatelets or anticoagulants, using the Japanese Adverse Drug Event Report database.",PENDING,,,PubMed_Central,,,
v3.1h-002,Clearance pathway for lisinopril,Pharmacology,R1,MECHANISM,40828441,chunk-40828441-001,Oral anticoagulants-related bleeding: what happens in the emergency room? The Galeno study.,Oral anticoagulants-related bleeding: what happens in the emergency room? The Galeno study.,PENDING,,,PubMed_Central,,,
v3.1h-002,Clearance pathway for lisinopril,Pharmacology,R1,MECHANISM,40845290,chunk-40845290-001,The Effects of a Semester of Preprofessional Dance Training on Biomarkers and Performance Variables in Elite Adolescent Ballet Dancers.,The Effects of a Semester of Preprofessional Dance Training on Biomarkers and Performance Variables in Elite Adolescent Ballet Dancers.,PENDING,,,PubMed_Central,,,
v3.1h-002,Clearance pathway for lisinopril,Pharmacology,R1,MECHANISM,40881144,chunk-40881144-001,A Description of QT-Interval Prolonging Drug Interactions with Fluoroquinolones in Older Women with Uncomplicated Urinary Tract Infections.,A Description of QT-Interval Prolonging Drug Interactions with Fluoroquinolones in Older Women with Uncomplicated Urinary Tract Infections.,PENDING,,,PubMed_Central,,,
v3.1h-002,Clearance pathway for lisinopril,Pharmacology,R1,MECHANISM,40910969,chunk-40910969-001,The Risk of Breakthrough Cardiac Events Associated With Psychiatric Medications in Patients With Diagnosed and Clinically Treated Long QT Syndrome.,The Risk of Breakthrough Cardiac Events Associated With Psychiatric Medications in Patients With Diagnosed and Clinically Treated Long QT Syndrome.,PENDING,,,PubMed_Central,,,
v3.1h-002,Clearance pathway for lisinopril,Pharmacology,R1,MECHANISM,40915652,chunk-40915652-001,Nonsteroidal Anti-Inflammatory Drugs and Risk of Gastrointestinal Bleeding: A Systematic Review and Meta-Analysis.,Nonsteroidal Anti-Inflammatory Drugs and Risk of Gastrointestinal Bleeding: A Systematic Review and Meta-Analysis.,PENDING,,,PubMed_Central,,,
v3.1h-002,Clearance pathway for lisinopril,Pharmacology,R1,MECHANISM,40978465,chunk-40978465-001,Abnormal Ca(2+) handling and reduced I(to) contribute to citalopram-induced QT prolongation and cardiac arrhythmias.,Abnormal Ca(2+) handling and reduced I(to) contribute to citalopram-induced QT prolongation and cardiac arrhythmias.,PENDING,,,PubMed_Central,,,
v3.1h-002,Clearance pathway for lisinopril,Pharmacology,R1,MECHANISM,40988289,chunk-40988289-001,Drug-drug interactions: A descriptive analysis of FDA adverse event reporting system.,Drug-drug interactions: A descriptive analysis of FDA adverse event reporting system.,PENDING,,,PubMed_Central,,,
v3.1h-002,Clearance pathway for lisinopril,Pharmacology,R1,MECHANISM,41004670,chunk-41004670-001,"Correlation Between Escitalopram, Sertraline, and Fluoxetine Serum Levels and QTc Interval Prolongation in Children and Adolescents.","Correlation Between Escitalopram, Sertraline, and Fluoxetine Serum Levels and QTc Interval Prolongation in Children and Adolescents.",PENDING,,,PubMed_Central,,,
v3.1h-002,Clearance pathway for lisinopril,Pharmacology,R1,MECHANISM,41017291,chunk-41017291-001,Use of Drugs With Actionable Pharmacogenetic Biomarkers and Possible Prescribing Changes Among Older People.,Use of Drugs With Actionable Pharmacogenetic Biomarkers and Possible Prescribing Changes Among Older People.,PENDING,,,PubMed_Central,,,
v3.1h-002,Clearance pathway for lisinopril,Pharmacology,R1,MECHANISM,41061201,chunk-41061201-001,Risk of Seizure Associated With Concomitant Use of Tramadol and Antidepressants in Older Nursing Home Residents.,Risk of Seizure Associated With Concomitant Use of Tramadol and Antidepressants in Older Nursing Home Residents.,PENDING,,,PubMed_Central,,,
v3.1h-002,Clearance pathway for lisinopril,Pharmacology,R1,MECHANISM,41075377,chunk-41075377-001,Interpretation of the association between thyroid peroxidase antibodies and thyroid function during pregnancy: An individual participant data meta-analysis.,Interpretation of the association between thyroid peroxidase antibodies and thyroid function during pregnancy: An individual participant data meta-analysis.,PENDING,,,PubMed_Central,,,
v3.1h-002,Clearance pathway for lisinopril,Pharmacology,R1,MECHANISM,41077316,chunk-41077316-001,Metabolic enzyme-mediated pharmacokinetic and pharmacodynamic interactions between Danshen Yin and clopidogrel in normal and acute myocardial infarction rats.,Metabolic enzyme-mediated pharmacokinetic and pharmacodynamic interactions between Danshen Yin and clopidogrel in normal and acute myocardial infarction rats.,PENDING,,,PubMed_Central,,,
v3.1h-002,Clearance pathway for lisinopril,Pharmacology,R1,MECHANISM,41085374,chunk-41085374-001,Assessing Impact of Concomitant Use of Proton Pump Inhibitors and Clopidogrel on Incidence of Major Adverse Cardiovascular Events: A Retrospective Cohort Study.,Assessing Impact of Concomitant Use of Proton Pump Inhibitors and Clopidogrel on Incidence of Major Adverse Cardiovascular Events: A Retrospective Cohort Study.,PENDING,,,PubMed_Central,,,
v3.1h-002,Clearance pathway for lisinopril,Pharmacology,R1,MECHANISM,41089323,chunk-41089323-001,Arrhythmic events pertinent with antidepressants: a Bayesian disproportional analysis mining the FDA Adverse Event Reporting System database.,Arrhythmic events pertinent with antidepressants: a Bayesian disproportional analysis mining the FDA Adverse Event Reporting System database.,PENDING,,,PubMed_Central,,,
v3.1h-002,Clearance pathway for lisinopril,Pharmacology,R1,MECHANISM,41098965,chunk-41098965-001,Procoagulant off-target effect of the direct oral anticoagulant reversal agent Andexanet alfa.,Procoagulant off-target effect of the direct oral anticoagulant reversal agent Andexanet alfa.,PENDING,,,PubMed_Central,,,
v3.1h-002,Clearance pathway for lisinopril,Pharmacology,R1,MECHANISM,41100334,chunk-41100334-001,Review of Safety and Efficacy of Polmacoxib: A Novel Dual Inhibitor of Cyclo-oxygenase 2 and Carbonic Anhydrase in Osteoarthritis and Acute Painful Conditions.,Review of Safety and Efficacy of Polmacoxib: A Novel Dual Inhibitor of Cyclo-oxygenase 2 and Carbonic Anhydrase in Osteoarthritis and Acute Painful Conditions.,PENDING,,,PubMed_Central,,,
v3.1h-002,Clearance pathway for lisinopril,Pharmacology,R1,MECHANISM,41109285,chunk-41109285-001,Challenges in the treatment of hypothyroidism: malabsorption and pseudo-malabsorption of levothyroxine.,Challenges in the treatment of hypothyroidism: malabsorption and pseudo-malabsorption of levothyroxine.,PENDING,,,PubMed_Central,,,
v3.1h-002,Clearance pathway for lisinopril,Pharmacology,R1,MECHANISM,41112691,chunk-41112691-001,"Risk Factors Associated with Thrombus Development Following Pharmacologic Anticoagulation Reversal with Coagulation Factor Xa [Recombinant], Inactivated-zhzo.","Risk Factors Associated with Thrombus Development Following Pharmacologic Anticoagulation Reversal with Coagulation Factor Xa [Recombinant], Inactivated-zhzo.",PENDING,,,PubMed_Central,,,
v3.1h-002,Clearance pathway for lisinopril,Pharmacology,R1,MECHANISM,41141842,chunk-41141842-001,Andexanet alfa for the reversal of the low-molecular-weight heparin enoxaparin.,Andexanet alfa for the reversal of the low-molecular-weight heparin enoxaparin.,PENDING,,,PubMed_Central,,,
v3.1h-002,Clearance pathway for lisinopril,Pharmacology,R1,MECHANISM,41158891,chunk-41158891-001,Seizures Following Single-Dose Intravenous Tramadol for Postsurgical Pain: A Report of Two Cases.,Seizures Following Single-Dose Intravenous Tramadol for Postsurgical Pain: A Report of Two Cases.,PENDING,,,PubMed_Central,,,
v3.1h-002,Clearance pathway for lisinopril,Pharmacology,R1,MECHANISM,41177211,chunk-41177211-001,Biomedical pharmacology study on metformin and glucose (PMID 41177211),Metformin decreases hepatic glucose production and decreases intestinal absorption of glucose.,PENDING,,,PubMed_Central,,,
v3.1h-002,Clearance pathway for lisinopril,Pharmacology,R1,MECHANISM,41225655,chunk-41225655-001,TNF-α inhibitor etanercept improves cerebrovascular function in elderly RA patients: findings from a randomized controlled trial.,TNF-α inhibitor etanercept improves cerebrovascular function in elderly RA patients: findings from a randomized controlled trial.,PENDING,,,PubMed_Central,,,
v3.1h-002,Clearance pathway for lisinopril,Pharmacology,R1,MECHANISM,41266704,chunk-41266704-001,Andexanet Alfa in Emergency Cranial Neurosurgical Procedures: A Bicentric Analysis of Efficacy and Safety.,Andexanet Alfa in Emergency Cranial Neurosurgical Procedures: A Bicentric Analysis of Efficacy and Safety.,PENDING,,,PubMed_Central,,,
v3.1h-002,Clearance pathway for lisinopril,Pharmacology,R1,MECHANISM,41278442,chunk-41278442-001,Pharmacological management of major complications following left ventricular assist device implantation in type 2 diabetes mellitus.,Pharmacological management of major complications following left ventricular assist device implantation in type 2 diabetes mellitus.,PENDING,,,PubMed_Central,,,
v3.1h-002,Clearance pathway for lisinopril,Pharmacology,R1,MECHANISM,41323006,chunk-41323006-001,"Randomized, Double-Blind, Placebo-Controlled, Dose-Ranging Comparison of the Analgesic Efficacy and Safety of Intravenous Ketoprofen, Tramadol, and Morphine After Bony Impacted Mandibular Third Molar Surgery.","Randomized, Double-Blind, Placebo-Controlled, Dose-Ranging Comparison of the Analgesic Efficacy and Safety of Intravenous Ketoprofen, Tramadol, and Morphine After Bony Impacted Mandibular Third Molar Surgery.",PENDING,,,PubMed_Central,,,
v3.1h-002,Clearance pathway for lisinopril,Pharmacology,R1,MECHANISM,41347947,chunk-41347947-001,"Navigating complementary and alternative medicine use, medication adherence, and herb-drug interaction risks among gout patients: a multicenter cross-sectional study in indonesia.","Navigating complementary and alternative medicine use, medication adherence, and herb-drug interaction risks among gout patients: a multicenter cross-sectional study in indonesia.",PENDING,,,PubMed_Central,,,
v3.1h-002,Clearance pathway for lisinopril,Pharmacology,R1,MECHANISM,41397500,chunk-41397500-001,Exploring the link between antipsychotic and antidepressant use and severe QT prolongation: Impacts on ventricular arrhythmias and sudden cardiac death.,Exploring the link between antipsychotic and antidepressant use and severe QT prolongation: Impacts on ventricular arrhythmias and sudden cardiac death.,PENDING,,,PubMed_Central,,,
v3.1h-002,Clearance pathway for lisinopril,Pharmacology,R1,MECHANISM,41406988,chunk-41406988-001,Trends and variation in the use of andexanet alfa for the reversal of direct oral anticoagulants in NHS trusts in England.,Trends and variation in the use of andexanet alfa for the reversal of direct oral anticoagulants in NHS trusts in England.,PENDING,,,PubMed_Central,,,
v3.1h-002,Clearance pathway for lisinopril,Pharmacology,R1,MECHANISM,41428604,chunk-41428604-001,The Stability of Drugs Commonly Used in Intensive Care Units Co-Administered via Feeding Tube and Its Dependence on pH: An in vitro Study.,The Stability of Drugs Commonly Used in Intensive Care Units Co-Administered via Feeding Tube and Its Dependence on pH: An in vitro Study.,PENDING,,,PubMed_Central,,,
v3.1h-002,Clearance pathway for lisinopril,Pharmacology,R1,MECHANISM,41452043,chunk-41452043-001,Rising Escitalopram Use in British Columbia: Is it Rational and Evidence-Informed?,Rising Escitalopram Use in British Columbia: Is it Rational and Evidence-Informed?,PENDING,,,PubMed_Central,,,
v3.1h-002,Clearance pathway for lisinopril,Pharmacology,R1,MECHANISM,41459594,chunk-41459594-001,Degree of Cyclooxygenase-2 Inhibition Modulates Blood Pressure Response.,Degree of Cyclooxygenase-2 Inhibition Modulates Blood Pressure Response.,PENDING,,,PubMed_Central,,,
v3.1h-002,Clearance pathway for lisinopril,Pharmacology,R1,MECHANISM,41463106,chunk-41463106-001,Reconsidering Digoxin in Atrial Fibrillation: From Historical Controversy to Physiologically Guided and Personalized Rate Control.,Reconsidering Digoxin in Atrial Fibrillation: From Historical Controversy to Physiologically Guided and Personalized Rate Control.,PENDING,,,PubMed_Central,,,
v3.1h-002,Clearance pathway for lisinopril,Pharmacology,R1,MECHANISM,41489241,chunk-41489241-001,The role of a fixed combination of ibuprofen/paracetamol in the management of acute pain: an Italian expert narrative review.,The role of a fixed combination of ibuprofen/paracetamol in the management of acute pain: an Italian expert narrative review.,PENDING,,,PubMed_Central,,,
v3.1h-002,Clearance pathway for lisinopril,Pharmacology,R1,MECHANISM,41496228,chunk-41496228-001,The impact of prenatal maternal-fetal metal levels and placental transfer efficiency of metals on neonatal thyroid function: The modulatory role of maternal vitamin D levels in pregnancy.,The impact of prenatal maternal-fetal metal levels and placental transfer efficiency of metals on neonatal thyroid function: The modulatory role of maternal vitamin D levels in pregnancy.,PENDING,,,PubMed_Central,,,
v3.1h-002,Clearance pathway for lisinopril,Pharmacology,R1,MECHANISM,41733550,chunk-41733550-001,Cyclooxygenase-2 Inhibition and Anti-Platelet Aggregation Activity of Astaxanthin-Hydrogel in Comparison to Celecoxib Against Rheumatoid Arthritis in Wistar Rat Model.,Cyclooxygenase-2 Inhibition and Anti-Platelet Aggregation Activity of Astaxanthin-Hydrogel in Comparison to Celecoxib Against Rheumatoid Arthritis in Wistar Rat Model.,PENDING,,,PubMed_Central,,,
v3.1h-002,Clearance pathway for lisinopril,Pharmacology,R1,MECHANISM,41748094,chunk-41748094-001,Heart Rate-Corrected QT Interval Dynamics Following Antidepressant Switching from Escitalopram to High-Dose Venlafaxine: Cardiac Safety Insights from the Early Medication Change Cohort.,Heart Rate-Corrected QT Interval Dynamics Following Antidepressant Switching from Escitalopram to High-Dose Venlafaxine: Cardiac Safety Insights from the Early Medication Change Cohort.,PENDING,,,PubMed_Central,,,
v3.1h-002,Clearance pathway for lisinopril,Pharmacology,R1,MECHANISM,41754906,chunk-41754906-001,"An Overview of Anticoagulant Drugs Pharmacology, Therapeutic Approaches, Limitations and Perspectives.","An Overview of Anticoagulant Drugs Pharmacology, Therapeutic Approaches, Limitations and Perspectives.",PENDING,,,PubMed_Central,,,
v3.1h-002,Clearance pathway for lisinopril,Pharmacology,R1,MECHANISM,41766537,chunk-41766537-001,Increased Risk of Ischemic Events in Patients With Stroke Treated With Clopidogrel and a P-CAB or PPI.,Increased Risk of Ischemic Events in Patients With Stroke Treated With Clopidogrel and a P-CAB or PPI.,PENDING,,,PubMed_Central,,,
v3.1h-002,Clearance pathway for lisinopril,Pharmacology,R1,MECHANISM,41776019,chunk-41776019-001,Andexanet alfa Reduces Hematoma Expansion Following Controlled Cortical Impact in Mice Pretreated with Rivaroxaban.,Andexanet alfa Reduces Hematoma Expansion Following Controlled Cortical Impact in Mice Pretreated with Rivaroxaban.,PENDING,,,PubMed_Central,,,
v3.1h-002,Clearance pathway for lisinopril,Pharmacology,R1,MECHANISM,41791695,chunk-41791695-001,"Harnessing the gut-heart axis for cardiovascular drug innovation: microbiome, metabolites, and personalized treatment strategies.","Harnessing the gut-heart axis for cardiovascular drug innovation: microbiome, metabolites, and personalized treatment strategies.",PENDING,,,PubMed_Central,,,
v3.1h-002,Clearance pathway for lisinopril,Pharmacology,R1,MECHANISM,41808861,chunk-41808861-001,Network toxicology reveals key genes of amiodarone induced pulmonary fibrosis: based on machine learning and SHAP analysis.,Network toxicology reveals key genes of amiodarone induced pulmonary fibrosis: based on machine learning and SHAP analysis.,PENDING,,,PubMed_Central,,,
v3.1h-002,Clearance pathway for lisinopril,Pharmacology,R1,MECHANISM,41811250,chunk-41811250-001,Influence of transporter polymorphisms on digoxin serum concentrations: a systematic review and meta-analysis.,Influence of transporter polymorphisms on digoxin serum concentrations: a systematic review and meta-analysis.,PENDING,,,PubMed_Central,,,
v3.1h-002,Clearance pathway for lisinopril,Pharmacology,R1,MECHANISM,41818114,chunk-41818114-001,Dabigatran-induced Gastrointestinal Bleed Treated by 4-factor Prothrombin Complex Concentrate in a Tertiary Care Hospital in Sikkim.,Dabigatran-induced Gastrointestinal Bleed Treated by 4-factor Prothrombin Complex Concentrate in a Tertiary Care Hospital in Sikkim.,PENDING,,,PubMed_Central,,,
v3.1h-002,Clearance pathway for lisinopril,Pharmacology,R1,MECHANISM,41828566,chunk-41828566-001,"Integrating Network Toxicology, Machine Learning, and Molecular Dynamics to Explore the Molecular Network of Triclosan-Induced Acute Myocardial Infarction.","Integrating Network Toxicology, Machine Learning, and Molecular Dynamics to Explore the Molecular Network of Triclosan-Induced Acute Myocardial Infarction.",PENDING,,,PubMed_Central,,,
v3.1h-002,Clearance pathway for lisinopril,Pharmacology,R1,MECHANISM,41833262,chunk-41833262-001,Pearls and Pitfalls for the Emergency Clinician: Beta Blocker and Calcium Channel Blocker Toxicity.,Pearls and Pitfalls for the Emergency Clinician: Beta Blocker and Calcium Channel Blocker Toxicity.,PENDING,,,PubMed_Central,,,
v3.1h-002,Clearance pathway for lisinopril,Pharmacology,R1,MECHANISM,41839242,chunk-41839242-001,ABI3BP protects against cerebral ischemia-reperfusion injury by preserving blood-brain barrier integrity and activating PI3K/Akt signaling.,ABI3BP protects against cerebral ischemia-reperfusion injury by preserving blood-brain barrier integrity and activating PI3K/Akt signaling.,PENDING,,,PubMed_Central,,,
v3.1h-002,Clearance pathway for lisinopril,Pharmacology,R1,MECHANISM,41840835,chunk-41840835-001,Signal detection of drug-induced esophageal ulcer across 20 years of real-world study: Focus on 49 high-risk medicines.,Signal detection of drug-induced esophageal ulcer across 20 years of real-world study: Focus on 49 high-risk medicines.,PENDING,,,PubMed_Central,,,
v3.1h-002,Clearance pathway for lisinopril,Pharmacology,R1,MECHANISM,41846702,chunk-41846702-001,Acute Myocardial Infarction Secondary to Triple Vessel Coronary Artery Disease in a 31-year-old Female with Systemic Lupus Erythematosus: Case Report and Review of Literature.,Acute Myocardial Infarction Secondary to Triple Vessel Coronary Artery Disease in a 31-year-old Female with Systemic Lupus Erythematosus: Case Report and Review of Literature.,PENDING,,,PubMed_Central,,,
v3.1h-002,Clearance pathway for lisinopril,Pharmacology,R1,MECHANISM,41848246,chunk-41848246-001,[Nausea and dystonia in a woman with psychiatric illness].,[Nausea and dystonia in a woman with psychiatric illness].,PENDING,,,PubMed_Central,,,
v3.1h-002,Clearance pathway for lisinopril,Pharmacology,R1,MECHANISM,41858685,chunk-41858685-001,Impact of nutrition education intervention on dietary intake among pregnant women with hypothyroidism - A randomized controlled trial.,Impact of nutrition education intervention on dietary intake among pregnant women with hypothyroidism - A randomized controlled trial.,PENDING,,,PubMed_Central,,,
v3.1h-002,Clearance pathway for lisinopril,Pharmacology,R1,MECHANISM,41873481,chunk-41873481-001,Acceptance of recommendations by a pharmacogenetics clinic.,Acceptance of recommendations by a pharmacogenetics clinic.,PENDING,,,PubMed_Central,,,
v3.1h-002,Clearance pathway for lisinopril,Pharmacology,R1,MECHANISM,41924710,chunk-41924710-001,"DXM, CYP2D6-inhibiting antidepressants, piracetam, and glutamine: proposing a ketamine-class antidepressant regimen with existing drugs.","DXM, CYP2D6-inhibiting antidepressants, piracetam, and glutamine: proposing a ketamine-class antidepressant regimen with existing drugs.",PENDING,,,PubMed_Central,,,
v3.1h-002,Clearance pathway for lisinopril,Pharmacology,R1,MECHANISM,41976898,chunk-41976898-001,Anticoagulation Stewardship Program in the DOAC Era.,Anticoagulation Stewardship Program in the DOAC Era.,PENDING,,,PubMed_Central,,,
v3.1h-002,Clearance pathway for lisinopril,Pharmacology,R1,MECHANISM,41977337,chunk-41977337-001,Pharmacological Management of Thrombosis: Current State and Future Strategies.,Pharmacological Management of Thrombosis: Current State and Future Strategies.,PENDING,,,PubMed_Central,,,
v3.1h-002,Clearance pathway for lisinopril,Pharmacology,R1,MECHANISM,42005166,chunk-42005166-001,Inhibitor-Free Variant of the Cheung Regimen: Successful Adjunctive Therapy in Long-Standing Hypochondriasis With Prominent Somatic Features.,Inhibitor-Free Variant of the Cheung Regimen: Successful Adjunctive Therapy in Long-Standing Hypochondriasis With Prominent Somatic Features.,PENDING,,,PubMed_Central,,,
v3.1h-002,Clearance pathway for lisinopril,Pharmacology,R1,MECHANISM,42007940,chunk-42007940-001,Acute pharmaceutical poisoning as a cause of seizure events: a database analysis (2011-2023).,Acute pharmaceutical poisoning as a cause of seizure events: a database analysis (2011-2023).,PENDING,,,PubMed_Central,,,
v3.1h-002,Clearance pathway for lisinopril,Pharmacology,R1,MECHANISM,42034022,chunk-42034022-001,Lower dosing of Loxoprofen in type two diabetics with bone fractures/surgeries; Distinction from common NSAIDs.,Lower dosing of Loxoprofen in type two diabetics with bone fractures/surgeries; Distinction from common NSAIDs.,PENDING,,,PubMed_Central,,,
v3.1h-002,Clearance pathway for lisinopril,Pharmacology,R1,MECHANISM,42045358,chunk-42045358-001,Prevalence of drug-induced interstitial lung disease in Saudi Arabia: a real-world data study.,Prevalence of drug-induced interstitial lung disease in Saudi Arabia: a real-world data study.,PENDING,,,PubMed_Central,,,
v3.1h-002,Clearance pathway for lisinopril,Pharmacology,R1,MECHANISM,42055120,chunk-42055120-001,"Impact of Fluoxetine Brain Concentrations, Plasma Exposure, and Neurometabolism on Depressive and Anxiety Symptoms in Adolescents: A Multimodal Fluorine and Proton Magnetic Resonance Spectroscopy Study.","Impact of Fluoxetine Brain Concentrations, Plasma Exposure, and Neurometabolism on Depressive and Anxiety Symptoms in Adolescents: A Multimodal Fluorine and Proton Magnetic Resonance Spectroscopy Study.",PENDING,,,PubMed_Central,,,
v3.1h-002,Clearance pathway for lisinopril,Pharmacology,R1,MECHANISM,42063765,chunk-42063765-001,Evaluation of community pharmacists' knowledge and real-world practices in drug interaction management: a cross-sectional study.,Evaluation of community pharmacists' knowledge and real-world practices in drug interaction management: a cross-sectional study.,PENDING,,,PubMed_Central,,,
v3.1h-002,Clearance pathway for lisinopril,Pharmacology,R1,MECHANISM,42087312,chunk-42087312-001,Anticoagulation in Patients With Gastrointestinal Disease.,Anticoagulation in Patients With Gastrointestinal Disease.,PENDING,,,PubMed_Central,,,
v3.1h-002,Clearance pathway for lisinopril,Pharmacology,R1,MECHANISM,42121128,chunk-42121128-001,Evaluation of drugs and risk factors requiring therapeutic drug monitoring in the Neonatal Intensive Care Unit: a retrospective study.,Evaluation of drugs and risk factors requiring therapeutic drug monitoring in the Neonatal Intensive Care Unit: a retrospective study.,PENDING,,,PubMed_Central,,,
v3.1h-002,Clearance pathway for lisinopril,Pharmacology,R1,MECHANISM,42125454,chunk-42125454-001,Milnacipran continuation during pregnancy in a patient with severe post-traumatic stress disorder and psychotic depression: a case report with 3-year pediatric follow-up.,Milnacipran continuation during pregnancy in a patient with severe post-traumatic stress disorder and psychotic depression: a case report with 3-year pediatric follow-up.,PENDING,,,PubMed_Central,,,
v3.1h-002,Clearance pathway for lisinopril,Pharmacology,R1,MECHANISM,42128628,chunk-42128628-001,Comparative efficacy and safety of apixaban and rivaroxaban versus warfarin in atrial fibrillation patients with end-stage renal disease: a systematic review and meta-analysis.,Comparative efficacy and safety of apixaban and rivaroxaban versus warfarin in atrial fibrillation patients with end-stage renal disease: a systematic review and meta-analysis.,PENDING,,,PubMed_Central,,,
v3.1h-002,Clearance pathway for lisinopril,Pharmacology,R1,MECHANISM,42128899,chunk-42128899-001,Cilostazol mitigates amiodarone-induced pulmonary toxicity and fibrosis by regulating the cAMP/TGF-β1 pathway-mediated epithelial-to-mesenchymal transition in rats.,Cilostazol mitigates amiodarone-induced pulmonary toxicity and fibrosis by regulating the cAMP/TGF-β1 pathway-mediated epithelial-to-mesenchymal transition in rats.,PENDING,,,PubMed_Central,,,
v3.1h-002,Clearance pathway for lisinopril,Pharmacology,R1,MECHANISM,42150307,chunk-42150307-001,Metabolomic signatures of SSRI exposure during neural differentiation and correlation of lysophosphatidylcholines with early symptoms of neurodevelopmental disorders.,Metabolomic signatures of SSRI exposure during neural differentiation and correlation of lysophosphatidylcholines with early symptoms of neurodevelopmental disorders.,PENDING,,,PubMed_Central,,,
v3.1h-002,Clearance pathway for lisinopril,Pharmacology,R1,MECHANISM,42159622,chunk-42159622-001,The hidden impact of renal impairment on ribociclib exposure and co-medications: a case report.,The hidden impact of renal impairment on ribociclib exposure and co-medications: a case report.,PENDING,,,PubMed_Central,,,
v3.1h-002,Clearance pathway for lisinopril,Pharmacology,R1,MECHANISM,42181774,chunk-42181774-001,Transient abnormal acylcarnitine profile in newborn screening mimicking multiple acyl-Coenzyme A dehydrogenase deficiency associated with maternal sertraline use.,Transient abnormal acylcarnitine profile in newborn screening mimicking multiple acyl-Coenzyme A dehydrogenase deficiency associated with maternal sertraline use.,PENDING,,,PubMed_Central,,,
v3.1h-002,Clearance pathway for lisinopril,Pharmacology,R1,MECHANISM,42192153,chunk-42192153-001,Folic acid attenuates maternal sertraline-induced hepatic injury in rat offspring.,Folic acid attenuates maternal sertraline-induced hepatic injury in rat offspring.,PENDING,,,PubMed_Central,,,
v3.1h-002,Clearance pathway for lisinopril,Pharmacology,R1,MECHANISM,42206096,chunk-42206096-001,"Anticoagulation associated intracerebral haemorrhage trends, treatment and outcomes in a metropolitan cohort: analysed by availability of specific versus non-specific reversal agents.","Anticoagulation associated intracerebral haemorrhage trends, treatment and outcomes in a metropolitan cohort: analysed by availability of specific versus non-specific reversal agents.",PENDING,,,PubMed_Central,,,
v3.1h-002,Clearance pathway for lisinopril,Pharmacology,R1,MECHANISM,42216360,chunk-42216360-001,Real-world off-label apixaban dosing and clinical outcomes in patients with heart failure and end-stage kidney disease.,Real-world off-label apixaban dosing and clinical outcomes in patients with heart failure and end-stage kidney disease.,PENDING,,,PubMed_Central,,,
v3.1h-002,Clearance pathway for lisinopril,Pharmacology,R1,MECHANISM,42238941,chunk-42238941-001,"A Cross-Sectional Study on Oral Anticoagulant Utilization and Adverse Drug Reactions at Teaching Hospital, Iran.","A Cross-Sectional Study on Oral Anticoagulant Utilization and Adverse Drug Reactions at Teaching Hospital, Iran.",PENDING,,,PubMed_Central,,,
v3.1h-002,Clearance pathway for lisinopril,Pharmacology,R1,MECHANISM,42246839,chunk-42246839-001,Routine blood monitoring in acne vulgaris patients on isotretinoin: Is reassessment warranted? A retrospective cohort study from Tygerberg Hospital.,Routine blood monitoring in acne vulgaris patients on isotretinoin: Is reassessment warranted? A retrospective cohort study from Tygerberg Hospital.,PENDING,,,PubMed_Central,,,
v3.1h-002,Clearance pathway for lisinopril,Pharmacology,R1,MECHANISM,42254302,chunk-42254302-001,Current Trends in NSAID Prescribing for Osteoarthritis and Axial Spondyloarthritis: Insights From Moroccan Rheumatologists Practices.,Current Trends in NSAID Prescribing for Osteoarthritis and Axial Spondyloarthritis: Insights From Moroccan Rheumatologists Practices.,PENDING,,,PubMed_Central,,,
v3.1h-002,Clearance pathway for lisinopril,Pharmacology,R1,MECHANISM,42267072,chunk-42267072-001,A Case of Prolonged Serotonin Toxicity After Fluoxetine Ingestion in an Adolescent Patient.,A Case of Prolonged Serotonin Toxicity After Fluoxetine Ingestion in an Adolescent Patient.,PENDING,,,PubMed_Central,,,
v3.1h-002,Clearance pathway for lisinopril,Pharmacology,R1,MECHANISM,42269153,chunk-42269153-001,Antidotes for Anticoagulation Reversal.,Antidotes for Anticoagulation Reversal.,PENDING,,,PubMed_Central,,,
v3.1h-002,Clearance pathway for lisinopril,Pharmacology,R1,MECHANISM,42292838,chunk-42292838-001,Pharmacological pitfalls in inpatient lung transplant care and management of medication risks.,Pharmacological pitfalls in inpatient lung transplant care and management of medication risks.,PENDING,,,PubMed_Central,,,
v3.1h-002,Clearance pathway for lisinopril,Pharmacology,R1,MECHANISM,42293737,chunk-42293737-001,A UK-wide analysis of the use of reversal agents in 198 patients on direct oral anticoagulants prior to urgent procedures.,A UK-wide analysis of the use of reversal agents in 198 patients on direct oral anticoagulants prior to urgent procedures.,PENDING,,,PubMed_Central,,,
v3.1h-002,Clearance pathway for lisinopril,Pharmacology,R1,MECHANISM,42294746,chunk-42294746-001,[Which aldosterone antagonist? Choosing between sprionolactone and the novel drug finerenone].,[Which aldosterone antagonist? Choosing between sprionolactone and the novel drug finerenone].,PENDING,,,PubMed_Central,,,
v3.1h-002,Clearance pathway for lisinopril,Pharmacology,R1,MECHANISM,42295720,chunk-42295720-001,Continuous alternate day vs intermittent daily fixed doses of oral isotretinoin in grade 2 acne vulgaris.,Continuous alternate day vs intermittent daily fixed doses of oral isotretinoin in grade 2 acne vulgaris.,PENDING,,,PubMed_Central,,,
v3.1h-002,Clearance pathway for lisinopril,Pharmacology,R1,MECHANISM,42306636,chunk-42306636-001,Unexpected Improvement of Obsessive-Compulsive Disorder Symptoms Following the Mistaken Prescription of Clomiphene: A Novel Perspective on Hormonal Influences in OCD.,Unexpected Improvement of Obsessive-Compulsive Disorder Symptoms Following the Mistaken Prescription of Clomiphene: A Novel Perspective on Hormonal Influences in OCD.,PENDING,,,PubMed_Central,,,
v3.1h-002,Clearance pathway for lisinopril,Pharmacology,R1,MECHANISM,42318218,chunk-42318218-001,A case report and literature review of proton pump inhibitors inducing insulin autoimmune syndrome.,A case report and literature review of proton pump inhibitors inducing insulin autoimmune syndrome.,PENDING,,,PubMed_Central,,,
v3.1h-002,Clearance pathway for lisinopril,Pharmacology,R1,MECHANISM,42326111,chunk-42326111-001,Lascufloxacin-Induced QT Prolongation in an Elderly Patient Treated With Escitalopram: A Case Report.,Lascufloxacin-Induced QT Prolongation in an Elderly Patient Treated With Escitalopram: A Case Report.,PENDING,,,PubMed_Central,,,
v3.1h-002,Clearance pathway for lisinopril,Pharmacology,R1,MECHANISM,42327596,chunk-42327596-001,Thrombosis and Survival after Prothrombin Complex Concentrate Use to treat Oral Anticoagulant Associated Haemorrhage.,Thrombosis and Survival after Prothrombin Complex Concentrate Use to treat Oral Anticoagulant Associated Haemorrhage.,PENDING,,,PubMed_Central,,,
v3.1h-002,Clearance pathway for lisinopril,Pharmacology,R1,MECHANISM,42332214,chunk-42332214-001,Optimizing Amiodarone Maintenance Dose to Minimize N-Desethylamiodarone Accumulation and Pulmonary Toxicity: Insights from Machine Learning and Pharmacokinetic Simulation.,Optimizing Amiodarone Maintenance Dose to Minimize N-Desethylamiodarone Accumulation and Pulmonary Toxicity: Insights from Machine Learning and Pharmacokinetic Simulation.,PENDING,,,PubMed_Central,,,
v3.1h-002,Clearance pathway for lisinopril,Pharmacology,R1,MECHANISM,42332506,chunk-42332506-001,Pachydermoperiostosis (Touraine-Solente-Gole syndrome): A case report and literature review.,Pachydermoperiostosis (Touraine-Solente-Gole syndrome): A case report and literature review.,PENDING,,,PubMed_Central,,,
v3.1h-002,Clearance pathway for lisinopril,Pharmacology,R1,MECHANISM,42349978,chunk-42349978-001,New Agents for Acne Treatment and Updates to Isotretinoin Guidelines.,New Agents for Acne Treatment and Updates to Isotretinoin Guidelines.,PENDING,,,PubMed_Central,,,
v3.1h-002,Clearance pathway for lisinopril,Pharmacology,R1,MECHANISM,42359186,chunk-42359186-001,Early-Onset Amiodarone Pulmonary Toxicity at a Standard Maintenance Dose Masquerading as Decompensated Heart Failure: A Case Report and Literature Review.,Early-Onset Amiodarone Pulmonary Toxicity at a Standard Maintenance Dose Masquerading as Decompensated Heart Failure: A Case Report and Literature Review.,PENDING,,,PubMed_Central,,,
v3.1h-002,Clearance pathway for lisinopril,Pharmacology,R1,MECHANISM,42364820,chunk-42364820-001,Finerenone: a next-generation nonsteroidal mineralocorticoid receptor antagonist reshaping the management of cardiovascular and metabolic diseases.,Finerenone: a next-generation nonsteroidal mineralocorticoid receptor antagonist reshaping the management of cardiovascular and metabolic diseases.,PENDING,,,PubMed_Central,,,
v3.1h-002,Clearance pathway for lisinopril,Pharmacology,R1,MECHANISM,42366387,chunk-42366387-001,Cannabidiol as an adjunct in refractory paroxysmal sympathetic hyperactivity following severe traumatic brain injury: a case report.,Cannabidiol as an adjunct in refractory paroxysmal sympathetic hyperactivity following severe traumatic brain injury: a case report.,PENDING,,,PubMed_Central,,,
v3.1h-002,Clearance pathway for lisinopril,Pharmacology,R1,MECHANISM,42366486,chunk-42366486-001,Finerenone and Cardiorenal Outcomes: A Narrative Review.,Finerenone and Cardiorenal Outcomes: A Narrative Review.,PENDING,,,PubMed_Central,,,
v3.1h-002,Clearance pathway for lisinopril,Pharmacology,R1,MECHANISM,42368238,chunk-42368238-001,"Optimized Oral Glutamatergic Augmentation in Refractory Home-Dominant Contamination Obsessive-Compulsive Disorder With Somatic, Affective, and Motivational Features: A Case Report of Incremental Functional Gains.","Optimized Oral Glutamatergic Augmentation in Refractory Home-Dominant Contamination Obsessive-Compulsive Disorder With Somatic, Affective, and Motivational Features: A Case Report of Incremental Functional Gains.",PENDING,,,PubMed_Central,,,
v3.1h-002,Clearance pathway for lisinopril,Pharmacology,R1,MECHANISM,42371403,chunk-42371403-001,Does gabapentin add value to multimodal analgesia in thoracic surgery? A procedure-specific meta-analysis.,Does gabapentin add value to multimodal analgesia in thoracic surgery? A procedure-specific meta-analysis.,PENDING,,,PubMed_Central,,,
v3.1h-002,Clearance pathway for lisinopril,Pharmacology,R1,MECHANISM,42374912,chunk-42374912-001,Risk of Hyperkalemia in Patients with Heart Failure Treated with Spironolactone in Combination with Sacubitril/Valsartan vs. Renin-Angiotensin System Inhibitors.,Risk of Hyperkalemia in Patients with Heart Failure Treated with Spironolactone in Combination with Sacubitril/Valsartan vs. Renin-Angiotensin System Inhibitors.,PENDING,,,PubMed_Central,,,
v3.1h-002,Clearance pathway for lisinopril,Pharmacology,R1,MECHANISM,42394350,chunk-42394350-001,"The DOAC-FRAIL Study-Same Dose, Different Story: Prevalence of Deviant Direct Oral Anticoagulant Levels in Nursing Home Residents.","The DOAC-FRAIL Study-Same Dose, Different Story: Prevalence of Deviant Direct Oral Anticoagulant Levels in Nursing Home Residents.",PENDING,,,PubMed_Central,,,
v3.1h-002,Clearance pathway for lisinopril,Pharmacology,R1,MECHANISM,42398817,chunk-42398817-001,Rediscovering digitalis in heart failure with reduced ejection fraction: Current evidence and expert survey on contemporary use.,Rediscovering digitalis in heart failure with reduced ejection fraction: Current evidence and expert survey on contemporary use.,PENDING,,,PubMed_Central,,,
v3.1h-002,Clearance pathway for lisinopril,Pharmacology,R1,MECHANISM,42413824,chunk-42413824-001,Direct oral anticoagulant use and drug-drug interactions in transplant recipients receiving calcineurin inhibitors.,Direct oral anticoagulant use and drug-drug interactions in transplant recipients receiving calcineurin inhibitors.,PENDING,,,PubMed_Central,,,
v3.1h-002,Clearance pathway for lisinopril,Pharmacology,R1,MECHANISM,42415794,chunk-42415794-001,Pharmacovigilance profiles of three generations of mineralocorticoid receptor antagonists and network toxicology analysis.,Pharmacovigilance profiles of three generations of mineralocorticoid receptor antagonists and network toxicology analysis.,PENDING,,,PubMed_Central,,,
v3.1h-002,Clearance pathway for lisinopril,Pharmacology,R1,MECHANISM,42429832,chunk-42429832-001,Current perspectives on natural and pharmacological interventions for combating drug-induced pulmonary toxicity.,Current perspectives on natural and pharmacological interventions for combating drug-induced pulmonary toxicity.,PENDING,,,PubMed_Central,,,
v3.1h-002,Clearance pathway for lisinopril,Pharmacology,R1,MECHANISM,42431357,chunk-42431357-001,"Oral use of anxiolytic, sedative, and anaesthetic medications in domestic cats (Felis catus): A scoping review.","Oral use of anxiolytic, sedative, and anaesthetic medications in domestic cats (Felis catus): A scoping review.",PENDING,,,PubMed_Central,,,
v3.1h-002,Clearance pathway for lisinopril,Pharmacology,R1,MECHANISM,42436620,chunk-42436620-001,Research on drug interactions and efficacy optimization of combined medication for elderly patients with ischemic cerebrovascular disease in Guangxi Zhuang Autonomous Region.,Research on drug interactions and efficacy optimization of combined medication for elderly patients with ischemic cerebrovascular disease in Guangxi Zhuang Autonomous Region.,PENDING,,,PubMed_Central,,,
v3.1h-002,Clearance pathway for lisinopril,Pharmacology,R1,MECHANISM,42437608,chunk-42437608-001,"Influence of prior administration of gabapentin and integrative practices on sedation scores, physiological parameters, and propofol requirement in cats sedated with dexmedetomidine.","Influence of prior administration of gabapentin and integrative practices on sedation scores, physiological parameters, and propofol requirement in cats sedated with dexmedetomidine.",PENDING,,,PubMed_Central,,,
v3.1h-002,Clearance pathway for lisinopril,Pharmacology,R1,MECHANISM,42438486,chunk-42438486-001,"A first-in-human study evaluating safety, PK, and PD of a novel universal anticoagulant reversal agent, OKL-1111.","A first-in-human study evaluating safety, PK, and PD of a novel universal anticoagulant reversal agent, OKL-1111.",PENDING,,,PubMed_Central,,,
v3.1h-002,Clearance pathway for lisinopril,Pharmacology,R1,MECHANISM,42438581,chunk-42438581-001,Unmasking Refractory Hypothyroidism: Persistent Iron-Levothyroxine Interaction Despite Appropriate Dose Separation.,Unmasking Refractory Hypothyroidism: Persistent Iron-Levothyroxine Interaction Despite Appropriate Dose Separation.,PENDING,,,PubMed_Central,,,
v3.1h-002,Clearance pathway for lisinopril,Pharmacology,R1,MECHANISM,42448258,chunk-42448258-001,Anticoagulant Regimen for Nonvalvular Atrial Fibrillation in the Elderly and Frail Population.,Anticoagulant Regimen for Nonvalvular Atrial Fibrillation in the Elderly and Frail Population.,PENDING,,,PubMed_Central,,,
v3.1h-002,Clearance pathway for lisinopril,Pharmacology,R1,MECHANISM,42458467,chunk-42458467-001,"Use of prescription medications potentially harmful during pregnancy among women of reproductive age by pregnancy status and contraceptive use in the United States, 2009-2020.","Use of prescription medications potentially harmful during pregnancy among women of reproductive age by pregnancy status and contraceptive use in the United States, 2009-2020.",PENDING,,,PubMed_Central,,,
v3.1h-002,Clearance pathway for lisinopril,Pharmacology,R1,MECHANISM,42461919,chunk-42461919-001,Signal mining and analysis of adverse events associated with Isotretinoin: A 20-Year real-world pharmacovigilance study based on FAERS and EudraVigilance databases.,Signal mining and analysis of adverse events associated with Isotretinoin: A 20-Year real-world pharmacovigilance study based on FAERS and EudraVigilance databases.,PENDING,,,PubMed_Central,,,
v3.1h-002,Clearance pathway for lisinopril,Pharmacology,R1,MECHANISM,42462752,chunk-42462752-001,Risk of fracture with gabapentinoid treatment in older adults: a multinational population-based study.,Risk of fracture with gabapentinoid treatment in older adults: a multinational population-based study.,PENDING,,,PubMed_Central,,,
v3.1h-002,Clearance pathway for lisinopril,Pharmacology,R1,MECHANISM,42466914,chunk-42466914-001,Amiodarone-induced pulmonary toxicity: case series and review of clinical-radiological correlations.,Amiodarone-induced pulmonary toxicity: case series and review of clinical-radiological correlations.,PENDING,,,PubMed_Central,,,
v3.1h-002,Clearance pathway for lisinopril,Pharmacology,R1,MECHANISM,42475421,chunk-42475421-001,"Vascular Endothelial Growth Factor Receptor 1-Blocking Antibody Improves Endothelial Structure, Kidney Function, and GFR in Diabetic Mice.","Vascular Endothelial Growth Factor Receptor 1-Blocking Antibody Improves Endothelial Structure, Kidney Function, and GFR in Diabetic Mice.",PENDING,,,PubMed_Central,,,
v3.1h-002,Clearance pathway for lisinopril,Pharmacology,R1,MECHANISM,42481856,chunk-42481856-001,Integrating Clinical Evidence with PBPK Modeling to Assess PPI-Clopidogrel-CYP2C19 Interactions in Chinese ACS Patients.,Integrating Clinical Evidence with PBPK Modeling to Assess PPI-Clopidogrel-CYP2C19 Interactions in Chinese ACS Patients.,PENDING,,,PubMed_Central,,,
v3.1h-002,Clearance pathway for lisinopril,Pharmacology,R1,MECHANISM,42483729,chunk-42483729-001,"Once-Nightly Pregabalin for Co-Occurring Nightmares, Poor Sleep, and Headaches: A Case Series.","Once-Nightly Pregabalin for Co-Occurring Nightmares, Poor Sleep, and Headaches: A Case Series.",PENDING,,,PubMed_Central,,,
v3.1h-002,Clearance pathway for lisinopril,Pharmacology,R1,MECHANISM,42484991,chunk-42484991-001,Budget Impact of Eplerenone for Heart Failure with Reduced Ejection Fraction: National Perspective and Regional Implications in Italy.,Budget Impact of Eplerenone for Heart Failure with Reduced Ejection Fraction: National Perspective and Regional Implications in Italy.,PENDING,,,PubMed_Central,,,
v3.1h-002,Clearance pathway for lisinopril,Pharmacology,R1,MECHANISM,42489609,chunk-42489609-001,Cilostazol-Induced Digoxin Toxicity Presenting as Accelerated Idioventricular Rhythm and Recurrent Syncope.,Cilostazol-Induced Digoxin Toxicity Presenting as Accelerated Idioventricular Rhythm and Recurrent Syncope.,PENDING,,,PubMed_Central,,,
v3.1h-002,Clearance pathway for lisinopril,Pharmacology,R1,MECHANISM,42497636,chunk-42497636-001,Macrophage membrane camouflaged biomimetic nanomedicine for normalizing electrical dysfunction and inflammation pathology in atrial fibrillation.,Macrophage membrane camouflaged biomimetic nanomedicine for normalizing electrical dysfunction and inflammation pathology in atrial fibrillation.,PENDING,,,PubMed_Central,,,
v3.1h-002,Clearance pathway for lisinopril,Pharmacology,R1,MECHANISM,42499456,chunk-42499456-001,"Association of Proximal Tubule Secretion With Hyperkalemia Risk, Treatment Response, and Outcomes in Heart Failure With Preserved Ejection Fraction.","Association of Proximal Tubule Secretion With Hyperkalemia Risk, Treatment Response, and Outcomes in Heart Failure With Preserved Ejection Fraction.",PENDING,,,PubMed_Central,,,
v3.1h-002,Clearance pathway for lisinopril,Pharmacology,R1,MECHANISM,42515713,chunk-42515713-001,CYP2D6 Metabolizer Phenotype Is Associated with Early Antidepressant Discontinuation in the UK Biobank.,CYP2D6 Metabolizer Phenotype Is Associated with Early Antidepressant Discontinuation in the UK Biobank.,PENDING,,,PubMed_Central,,,
v3.1h-002,Clearance pathway for lisinopril,Pharmacology,R1,MECHANISM,42522519,chunk-42522519-001,Examining the safety of dermatological and surgical procedures in patients undergoing systemic isotretinoin therapy: An updated review.,Examining the safety of dermatological and surgical procedures in patients undergoing systemic isotretinoin therapy: An updated review.,PENDING,,,PubMed_Central,,,
v3.1h-002,Clearance pathway for lisinopril,Pharmacology,R1,MECHANISM,42527260,chunk-42527260-001,Gabapentin for Postoperative Analgesia in Cardiac Surgery via Sternotomy: A Systematic Review and Meta-Analysis of Randomized Controlled Trials.,Gabapentin for Postoperative Analgesia in Cardiac Surgery via Sternotomy: A Systematic Review and Meta-Analysis of Randomized Controlled Trials.,PENDING,,,PubMed_Central,,,
v3.1h-002,Clearance pathway for lisinopril,Pharmacology,R1,MECHANISM,42528583,chunk-42528583-001,Amiodarone-induced granulomatous lung injury mimicking organizing pneumonia: a case report.,Amiodarone-induced granulomatous lung injury mimicking organizing pneumonia: a case report.,PENDING,,,PubMed_Central,,,
v3.1h-002,Clearance pathway for lisinopril,Pharmacology,R1,MECHANISM,42546121,chunk-42546121-001,Direct Oral Anticoagulants for Atrial Fibrillation in Patients Receiving Hemodialysis: A Review and Discussion of Evidence.,Direct Oral Anticoagulants for Atrial Fibrillation in Patients Receiving Hemodialysis: A Review and Discussion of Evidence.,PENDING,,,PubMed_Central,,,
v3.1h-002,Clearance pathway for lisinopril,Pharmacology,R1,MECHANISM,42558881,chunk-42558881-001,Drug-associated psoriasis: a pharmacovigilance study based on the FAERS database.,Drug-associated psoriasis: a pharmacovigilance study based on the FAERS database.,PENDING,,,PubMed_Central,,,
v3.1h-002,Clearance pathway for lisinopril,Pharmacology,R1,MECHANISM,42571795,chunk-42571795-001,Mechanistic insights into cytochrome P450 inhibition by progesterone and its impact on fluoxetine pharmacokinetics.,Mechanistic insights into cytochrome P450 inhibition by progesterone and its impact on fluoxetine pharmacokinetics.,PENDING,,,PubMed_Central,,,
v3.1h-002,Clearance pathway for lisinopril,Pharmacology,R1,MECHANISM,42573610,chunk-42573610-001,Paracetamol-induced hepatic injury following intentional self-poisoning: a case report and therapeutic considerations.,Paracetamol-induced hepatic injury following intentional self-poisoning: a case report and therapeutic considerations.,PENDING,,,PubMed_Central,,,
v3.1h-002,Clearance pathway for lisinopril,Pharmacology,R1,MECHANISM,42580175,chunk-42580175-001,"Iodine excess in relation to decreased free thyroxine levels during pregnancy in an iodine-sufficient region, and potential interactions with iron and selenium.","Iodine excess in relation to decreased free thyroxine levels during pregnancy in an iodine-sufficient region, and potential interactions with iron and selenium.",PENDING,,,PubMed_Central,,,
v3.1h-002,Clearance pathway for lisinopril,Pharmacology,R1,MECHANISM,42580545,chunk-42580545-001,Non-steroidal anti-inflammatory drugs and CYP2C9 - Impacts of genetics and phenoconversion on the risk of adverse effects.,Non-steroidal anti-inflammatory drugs and CYP2C9 - Impacts of genetics and phenoconversion on the risk of adverse effects.,PENDING,,,PubMed_Central,,,
v3.1h-002,Clearance pathway for lisinopril,Pharmacology,R1,MECHANISM,42584699,chunk-42584699-001,"The ""obesity paradox"" in dosing: a comprehensive analytical review of cockcroft-gault versus CKD-EPI for predicting clearance of narrow-therapeutic-index drugs in patients with BMI > 40 kg/m².","The ""obesity paradox"" in dosing: a comprehensive analytical review of cockcroft-gault versus CKD-EPI for predicting clearance of narrow-therapeutic-index drugs in patients with BMI > 40 kg/m².",PENDING,,,PubMed_Central,,,
v3.1h-002,Clearance pathway for lisinopril,Pharmacology,R1,MECHANISM,42586461,chunk-42586461-001,Pharmacogenomic and drug interactions risk in cardio-oncology: A precision medicine perspective for India.,Pharmacogenomic and drug interactions risk in cardio-oncology: A precision medicine perspective for India.,PENDING,,,PubMed_Central,,,
v3.1h-002,Clearance pathway for lisinopril,Pharmacology,R1,MECHANISM,42587752,chunk-42587752-001,Rapid Volumetric Bioprinting Coupled with Dynamic Perfusion Enhances Human Hepatic Organoid Toxicity Testing.,Rapid Volumetric Bioprinting Coupled with Dynamic Perfusion Enhances Human Hepatic Organoid Toxicity Testing.,PENDING,,,PubMed_Central,,,
v3.1h-002,Clearance pathway for lisinopril,Pharmacology,R1,MECHANISM,42590087,chunk-42590087-001,"Digoxin Dosing Errors, Drug Interactions and Off-Label Risks: Insights from an EudraVigilance Disproportionality Analysis.","Digoxin Dosing Errors, Drug Interactions and Off-Label Risks: Insights from an EudraVigilance Disproportionality Analysis.",PENDING,,,PubMed_Central,,,
v3.1h-002,Clearance pathway for lisinopril,Pharmacology,R1,MECHANISM,42591558,chunk-42591558-001,Physiologically based pharmacokinetic modeling of fluconazole: interpretation of gender-dependent pharmacokinetics and cytochrome P450 inhibition.,Physiologically based pharmacokinetic modeling of fluconazole: interpretation of gender-dependent pharmacokinetics and cytochrome P450 inhibition.,PENDING,,,PubMed_Central,,,
v3.1h-002,Clearance pathway for lisinopril,Pharmacology,R1,MECHANISM,42595037,chunk-42595037-001,Evidence for the Use of Steroidal Aldosterone Antagonists in Patients With Kidney Failure.,Evidence for the Use of Steroidal Aldosterone Antagonists in Patients With Kidney Failure.,PENDING,,,PubMed_Central,,,
v3.1h-002,Clearance pathway for lisinopril,Pharmacology,R1,MECHANISM,42595240,chunk-42595240-001,Xenobiotic-Induced Liver Injury in the United States: A 25-Year Retrospective Analysis of National Poison Data System.,Xenobiotic-Induced Liver Injury in the United States: A 25-Year Retrospective Analysis of National Poison Data System.,PENDING,,,PubMed_Central,,,
v3.1h-002,Clearance pathway for lisinopril,Pharmacology,R1,MECHANISM,42596979,chunk-42596979-001,Sertraline use in pregnancy and placental transfer: A pharmacokinetic prospective cohort study.,Sertraline use in pregnancy and placental transfer: A pharmacokinetic prospective cohort study.,PENDING,,,PubMed_Central,,,
v3.1h-002,Clearance pathway for lisinopril,Pharmacology,R1,MECHANISM,42598366,chunk-42598366-001,"A 76-Year-Old Man With Hemorrhagic Stroke, Recurrent Thromboembolic Events, and Atrial Fibrillation Under Optimal Medical Treatment: When Anticoagulants Fail.","A 76-Year-Old Man With Hemorrhagic Stroke, Recurrent Thromboembolic Events, and Atrial Fibrillation Under Optimal Medical Treatment: When Anticoagulants Fail.",PENDING,,,PubMed_Central,,,
v3.1h-002,Clearance pathway for lisinopril,Pharmacology,R1,MECHANISM,42603144,chunk-42603144-001,Differential Quantification of Cutibacterium acnes Phylotypes IA and IB/II on Healthy and Acne-Prone Human Skin.,Differential Quantification of Cutibacterium acnes Phylotypes IA and IB/II on Healthy and Acne-Prone Human Skin.,PENDING,,,PubMed_Central,,,
v3.1h-002,Clearance pathway for lisinopril,Pharmacology,R1,MECHANISM,42610101,chunk-42610101-001,Nature's Poison Pill: A Case of Digoxin-Like Toxicity From the Seed of the Ornamental Plant Thevetia peruviana.,Nature's Poison Pill: A Case of Digoxin-Like Toxicity From the Seed of the Ornamental Plant Thevetia peruviana.,PENDING,,,PubMed_Central,,,
v3.1h-002,Clearance pathway for lisinopril,Pharmacology,R1,MECHANISM,42618000,chunk-42618000-001,Pipamperone metabolism by various recombinant cytochrome preparations.,Pipamperone metabolism by various recombinant cytochrome preparations.,PENDING,,,PubMed_Central,,,
v3.1h-002,Clearance pathway for lisinopril,Pharmacology,R1,MECHANISM,42621983,chunk-42621983-001,Mass-Forming NSAID-Associated Colopathy Mimicking Right-Sided Colon Cancer: A Case Report.,Mass-Forming NSAID-Associated Colopathy Mimicking Right-Sided Colon Cancer: A Case Report.,PENDING,,,PubMed_Central,,,
v3.1h-002,Clearance pathway for lisinopril,Pharmacology,R1,MECHANISM,42622073,chunk-42622073-001,Assessment of Pharmacokinetic Interaction and Clinical Efficacy of Clopidogrel Co-administered with Ilaprazole.,Assessment of Pharmacokinetic Interaction and Clinical Efficacy of Clopidogrel Co-administered with Ilaprazole.,PENDING,,,PubMed_Central,,,
v3.1h-002,Clearance pathway for lisinopril,Pharmacology,R1,MECHANISM,42628776,chunk-42628776-001,Differentiating hepatic and renal toxicity reveals CYP-independent mechanisms of acetaminophen-induced acute kidney injury.,Differentiating hepatic and renal toxicity reveals CYP-independent mechanisms of acetaminophen-induced acute kidney injury.,PENDING,,,PubMed_Central,,,
v3.1h-002,Clearance pathway for lisinopril,Pharmacology,R1,MECHANISM,42628883,chunk-42628883-001,Effects of psychotropic medications on a placenta cell model: A functional study with BeWo cells.,Effects of psychotropic medications on a placenta cell model: A functional study with BeWo cells.,PENDING,,,PubMed_Central,,,
v3.1h-002,Clearance pathway for lisinopril,Pharmacology,R1,MECHANISM,42630019,chunk-42630019-001,Pharmacogenomics in Dentistry: From CYP-Mediated Drug Response to Precision Prescribing in Oral Healthcare.,Pharmacogenomics in Dentistry: From CYP-Mediated Drug Response to Precision Prescribing in Oral Healthcare.,PENDING,,,PubMed_Central,,,
v3.1h-002,Clearance pathway for lisinopril,Pharmacology,R1,MECHANISM,42631638,chunk-42631638-001,Diallyl trisulfide ameliorates acetaminophen-induced acute liver injury through the oxidative modification of CYP2E1 cysteine residues.,Diallyl trisulfide ameliorates acetaminophen-induced acute liver injury through the oxidative modification of CYP2E1 cysteine residues.,PENDING,,,PubMed_Central,,,
v3.1h-002,Clearance pathway for lisinopril,Pharmacology,R1,MECHANISM,42631653,chunk-42631653-001,Application of Physiologically Based Pharmacokinetic Modeling to Optimize Assessment of Age-Related Fluoxetine Accumulation in the Elderly.,Application of Physiologically Based Pharmacokinetic Modeling to Optimize Assessment of Age-Related Fluoxetine Accumulation in the Elderly.,PENDING,,,PubMed_Central,,,
v3.1h-002,Clearance pathway for lisinopril,Pharmacology,R1,MECHANISM,42632694,chunk-42632694-001,Oral co-delivery of quercetin and anthocyanins via dual-ligand nanoparticles alleviate obesity and associated metabolic disorders.,Oral co-delivery of quercetin and anthocyanins via dual-ligand nanoparticles alleviate obesity and associated metabolic disorders.,PENDING,,,PubMed_Central,,,
v3.1h-002,Clearance pathway for lisinopril,Pharmacology,R1,MECHANISM,42633086,chunk-42633086-001,Nivolumab after recurrent pembrolizumab-associated hepatotoxicity in PD-L1-high metastatic squamous non-small cell lung cancer: a case report.,Nivolumab after recurrent pembrolizumab-associated hepatotoxicity in PD-L1-high metastatic squamous non-small cell lung cancer: a case report.,PENDING,,,PubMed_Central,,,
v3.1h-002,Clearance pathway for lisinopril,Pharmacology,R1,MECHANISM,42636556,chunk-42636556-001,Multicenter Evaluation of Opioid Prescribing After Minimally Invasive Repair of Pectus Excavatum Before The 2024 American Academy of Pediatrics Guideline: Room to Improve.,Multicenter Evaluation of Opioid Prescribing After Minimally Invasive Repair of Pectus Excavatum Before The 2024 American Academy of Pediatrics Guideline: Room to Improve.,PENDING,,,PubMed_Central,,,
v3.1h-002,Clearance pathway for lisinopril,Pharmacology,R1,MECHANISM,42636576,chunk-42636576-001,"Real-world variability and factors associated with individual low-density-lipoprotein cholesterol response to different doses of atorvastatin, rosuvastatin, and simvastatin in 28,647 Chinese patients.","Real-world variability and factors associated with individual low-density-lipoprotein cholesterol response to different doses of atorvastatin, rosuvastatin, and simvastatin in 28,647 Chinese patients.",PENDING,,,PubMed_Central,,,
v3.1h-002,Clearance pathway for lisinopril,Pharmacology,R1,MECHANISM,42637515,chunk-42637515-001,An uncommon side effect of statins: perioral neuropathic symptoms.,An uncommon side effect of statins: perioral neuropathic symptoms.,PENDING,,,PubMed_Central,,,
v3.1h-002,Clearance pathway for lisinopril,Pharmacology,R1,MECHANISM,42638417,chunk-42638417-001,The Bacterial Metabolite Lndole-3-Propionic Acid Alleviates Acetaminophen-Induced Acute Liver Injury Partly through the Aryl Hydrocarbon Receptor Pathway.,The Bacterial Metabolite Lndole-3-Propionic Acid Alleviates Acetaminophen-Induced Acute Liver Injury Partly through the Aryl Hydrocarbon Receptor Pathway.,PENDING,,,PubMed_Central,,,
v3.1h-002,Clearance pathway for lisinopril,Pharmacology,R1,MECHANISM,42643702,chunk-42643702-001,Sex-Specific Safety Signals of Finerenone Versus Spironolactone: Insights From the FDA Adverse Event Reporting System.,Sex-Specific Safety Signals of Finerenone Versus Spironolactone: Insights From the FDA Adverse Event Reporting System.,PENDING,,,PubMed_Central,,,
v3.1h-002,Clearance pathway for lisinopril,Pharmacology,R1,MECHANISM,42645604,chunk-42645604-001,"Berberine-associated lipid-inflammatory regulation in atherosclerosis: an integrative transcriptomic, single-cell, and in vivo study.","Berberine-associated lipid-inflammatory regulation in atherosclerosis: an integrative transcriptomic, single-cell, and in vivo study.",PENDING,,,PubMed_Central,,,
v3.1h-002,Clearance pathway for lisinopril,Pharmacology,R1,MECHANISM,42647165,chunk-42647165-001,Pharmacotherapeutic considerations for the treatment of post-traumatic stress disorder during and after pregnancy: an update.,Pharmacotherapeutic considerations for the treatment of post-traumatic stress disorder during and after pregnancy: an update.,PENDING,,,PubMed_Central,,,
v3.1h-002,Clearance pathway for lisinopril,Pharmacology,R1,MECHANISM,42647942,chunk-42647942-001,Use of Corrected QT Cutoffs Derived from Biological Variation to Predict Adverse Events Due to Antipsychotic Drugs: Case Report.,Use of Corrected QT Cutoffs Derived from Biological Variation to Predict Adverse Events Due to Antipsychotic Drugs: Case Report.,PENDING,,,PubMed_Central,,,
v3.1h-002,Clearance pathway for lisinopril,Pharmacology,R1,MECHANISM,42652369,chunk-42652369-001,"Shifting Public Interest in Liver Health, Hepatotoxic Medications, and Dietary Supplements in Kazakhstan: A Five-Year Google Trends Infodemiology Study.","Shifting Public Interest in Liver Health, Hepatotoxic Medications, and Dietary Supplements in Kazakhstan: A Five-Year Google Trends Infodemiology Study.",PENDING,,,PubMed_Central,,,
v3.1h-002,Clearance pathway for lisinopril,Pharmacology,R1,MECHANISM,42653071,chunk-42653071-001,Safety and Efficacy Assessment of Cannabis Plant Compared to Atorvastatin for Lipid Lowering in Diabetic and Obese Wistar Male Rats.,Safety and Efficacy Assessment of Cannabis Plant Compared to Atorvastatin for Lipid Lowering in Diabetic and Obese Wistar Male Rats.,PENDING,,,PubMed_Central,,,
v3.1h-002,Clearance pathway for lisinopril,Pharmacology,R1,MECHANISM,42653173,chunk-42653173-001,Molecular Mechanisms of Acute Drug Toxicity in Polypharmacy: Analgesic-Psychotropic Interactions.,Molecular Mechanisms of Acute Drug Toxicity in Polypharmacy: Analgesic-Psychotropic Interactions.,PENDING,,,PubMed_Central,,,
v3.1h-002,Clearance pathway for lisinopril,Pharmacology,R1,MECHANISM,42653808,chunk-42653808-001,"Berberine-Drug Interactions: Mechanisms, Clinical Relevance and Risk Stratification-A Narrative Review.","Berberine-Drug Interactions: Mechanisms, Clinical Relevance and Risk Stratification-A Narrative Review.",PENDING,,,PubMed_Central,,,
v3.1h-002,Clearance pathway for lisinopril,Pharmacology,R1,MECHANISM,42654146,chunk-42654146-001,Moxifloxacin-Mediated Downregulation of Intestinal P-Glycoprotein Alters the Pharmacokinetics of Dabigatran Etexilate: Mechanistic Insights in Rats and PBPK Model-Informed Dose Optimization.,Moxifloxacin-Mediated Downregulation of Intestinal P-Glycoprotein Alters the Pharmacokinetics of Dabigatran Etexilate: Mechanistic Insights in Rats and PBPK Model-Informed Dose Optimization.,PENDING,,,PubMed_Central,,,
v3.1h-002,Clearance pathway for lisinopril,Pharmacology,R1,MECHANISM,42654342,chunk-42654342-001,Therapeutic Potential of Anti-Obesity Drugs in Obesity-Associated Female Reproductive Dysfunction: Translating Mechanistic Evidence into Personalized Clinical Strategies.,Therapeutic Potential of Anti-Obesity Drugs in Obesity-Associated Female Reproductive Dysfunction: Translating Mechanistic Evidence into Personalized Clinical Strategies.,PENDING,,,PubMed_Central,,,
v3.1h-002,Clearance pathway for lisinopril,Pharmacology,R1,MECHANISM,42658230,chunk-42658230-001,Supratherapeutic Digoxin Levels in Children with Cardiac Disease.,Supratherapeutic Digoxin Levels in Children with Cardiac Disease.,PENDING,,,PubMed_Central,,,
v3.1h-002,Clearance pathway for lisinopril,Pharmacology,R1,MECHANISM,42660303,chunk-42660303-001,Cardioprotective effects of natural phytochemicals from traditional medicinal plants against doxorubicin-induced cardiotoxicity: A meta-analysis of preclinical studies.,Cardioprotective effects of natural phytochemicals from traditional medicinal plants against doxorubicin-induced cardiotoxicity: A meta-analysis of preclinical studies.,PENDING,,,PubMed_Central,,,
v3.1h-002,Clearance pathway for lisinopril,Pharmacology,R1,MECHANISM,42661734,chunk-42661734-001,Sex-specific effects of resveratrol and metformin on mitochondrial function and inflammatory activation in a TNF-α-driven human iPSC-derived endothelial dysfunction model.,Sex-specific effects of resveratrol and metformin on mitochondrial function and inflammatory activation in a TNF-α-driven human iPSC-derived endothelial dysfunction model.,PENDING,,,PubMed_Central,,,
v3.1h-002,Clearance pathway for lisinopril,Pharmacology,R1,MECHANISM,42662112,chunk-42662112-001,A Comparative Study to Evaluate the Renoprotective Effect of Antidiabetic Drugs in Patients With Type 2 Diabetes Mellitus.,A Comparative Study to Evaluate the Renoprotective Effect of Antidiabetic Drugs in Patients With Type 2 Diabetes Mellitus.,PENDING,,,PubMed_Central,,,
v3.1h-002,Clearance pathway for lisinopril,Pharmacology,R1,MECHANISM,42662351,chunk-42662351-001,Sertraline-induced fetotoxicity in mice: Protective effects of vitamin E on foetal growth and organ histology.,Sertraline-induced fetotoxicity in mice: Protective effects of vitamin E on foetal growth and organ histology.,PENDING,,,PubMed_Central,,,
v3.1h-002,Clearance pathway for lisinopril,Pharmacology,R1,MECHANISM,42662739,chunk-42662739-001,Transporter Interactions of Methoxyflavones and Their In Vivo Pharmacokinetic Implications.,Transporter Interactions of Methoxyflavones and Their In Vivo Pharmacokinetic Implications.,PENDING,,,PubMed_Central,,,
v3.1h-002,Clearance pathway for lisinopril,Pharmacology,R1,MECHANISM,42662744,chunk-42662744-001,Perfluoroether Peptide-Modified Artificial Viral Capsid for Enhanced Doxorubicin Delivery to Liver Cancer Cells.,Perfluoroether Peptide-Modified Artificial Viral Capsid for Enhanced Doxorubicin Delivery to Liver Cancer Cells.,PENDING,,,PubMed_Central,,,
v3.1h-002,Clearance pathway for lisinopril,Pharmacology,R1,MECHANISM,42662904,chunk-42662904-001,Early cardiac proteomic profiling in a long-latency doxorubicin cardiomyopathy model exhibits sexual dimorphism for cardioprotection.,Early cardiac proteomic profiling in a long-latency doxorubicin cardiomyopathy model exhibits sexual dimorphism for cardioprotection.,PENDING,,,PubMed_Central,,,
v3.1h-002,Clearance pathway for lisinopril,Pharmacology,R1,MECHANISM,42663261,chunk-42663261-001,"Clinical outcomes of ""massive"" acetaminophen overdose treated with standard vs. augmented dose acetylcysteine.","Clinical outcomes of ""massive"" acetaminophen overdose treated with standard vs. augmented dose acetylcysteine.",PENDING,,,PubMed_Central,,,
v3.1h-002,Clearance pathway for lisinopril,Pharmacology,R1,MECHANISM,42663921,chunk-42663921-001,Qishen Yiqi Dripping Pills ameliorate doxorubicin-induced cardiotoxicity: a study based on bioinformatics and experimental verification.,Qishen Yiqi Dripping Pills ameliorate doxorubicin-induced cardiotoxicity: a study based on bioinformatics and experimental verification.,PENDING,,,PubMed_Central,,,
v3.1h-002,Clearance pathway for lisinopril,Pharmacology,R1,MECHANISM,42663925,chunk-42663925-001,Selective and Time-Dependent Alterations in Cytochrome P450 (CYP) Enzyme Activity and Expression by Major Phytocannabinoids.,Selective and Time-Dependent Alterations in Cytochrome P450 (CYP) Enzyme Activity and Expression by Major Phytocannabinoids.,PENDING,,,PubMed_Central,,,
v3.1h-002,Clearance pathway for lisinopril,Pharmacology,R1,MECHANISM,42665114,chunk-42665114-001,Doxorubicin-induced Cardiotoxicity is Propagated by Paracrine Signaling through Small Extracellular Vesicles.,Doxorubicin-induced Cardiotoxicity is Propagated by Paracrine Signaling through Small Extracellular Vesicles.,PENDING,,,PubMed_Central,,,
v3.1h-002,Clearance pathway for lisinopril,Pharmacology,R1,MECHANISM,42665174,chunk-42665174-001,Acetaminophen-induced developmental neurobehavioral and sensory organ toxicity in zebrafish.,Acetaminophen-induced developmental neurobehavioral and sensory organ toxicity in zebrafish.,PENDING,,,PubMed_Central,,,
v3.1h-002,Clearance pathway for lisinopril,Pharmacology,R1,MECHANISM,42665888,chunk-42665888-001,"EXPRESS: Effect of oral gabapentin administered in-hospital on behavioral stress, compliance, and physiologic stress markers: a randomized, double-blind, placebo-controlled trial.","EXPRESS: Effect of oral gabapentin administered in-hospital on behavioral stress, compliance, and physiologic stress markers: a randomized, double-blind, placebo-controlled trial.",PENDING,,,PubMed_Central,,,
v3.1h-002,Clearance pathway for lisinopril,Pharmacology,R1,MECHANISM,42666103,chunk-42666103-001,Clinical relevance of pharmacogenomic information for improving prescribing practices in acutely admitted older medical patients.,Clinical relevance of pharmacogenomic information for improving prescribing practices in acutely admitted older medical patients.,PENDING,,,PubMed_Central,,,
v3.1h-002,Clearance pathway for lisinopril,Pharmacology,R1,MECHANISM,42666410,chunk-42666410-001,Preoperative Gabapentin in Pediatric Anterior Cruciate Ligament Reconstruction With Peripheral Nerve Blockade: A Retrospective Cohort Study.,Preoperative Gabapentin in Pediatric Anterior Cruciate Ligament Reconstruction With Peripheral Nerve Blockade: A Retrospective Cohort Study.,PENDING,,,PubMed_Central,,,
v3.1h-002,Clearance pathway for lisinopril,Pharmacology,R1,MECHANISM,42667072,chunk-42667072-001,Unlocking the brain: Biodistribution insights into tween 80 nanoliposomes in healthy brains.,Unlocking the brain: Biodistribution insights into tween 80 nanoliposomes in healthy brains.,PENDING,,,PubMed_Central,,,
v3.1h-002,Clearance pathway for lisinopril,Pharmacology,R1,MECHANISM,42667336,chunk-42667336-001,Atorvastatin Exerts Context-Dependent Metabolic and Beneficial Effects on Behavior and Apoptotic Signaling in a Cafeteria Diet-Induced Metabolic Dysfunction Model.,Atorvastatin Exerts Context-Dependent Metabolic and Beneficial Effects on Behavior and Apoptotic Signaling in a Cafeteria Diet-Induced Metabolic Dysfunction Model.,PENDING,,,PubMed_Central,,,
v3.1h-002,Clearance pathway for lisinopril,Pharmacology,R1,MECHANISM,42667464,chunk-42667464-001,Schisandra chinensis polysaccharide attenuates diabetic islet cell injury by promoting autophagy via suppression of the PI3K/AKT/mTOR signaling cascade.,Schisandra chinensis polysaccharide attenuates diabetic islet cell injury by promoting autophagy via suppression of the PI3K/AKT/mTOR signaling cascade.,PENDING,,,PubMed_Central,,,
v3.1h-002,Clearance pathway for lisinopril,Pharmacology,R1,MECHANISM,42667784,chunk-42667784-001,Mechanism of Gegen Qinlian Decoction in the treatment of diabetic cataract based on network pharmacology and experimental validation.,Mechanism of Gegen Qinlian Decoction in the treatment of diabetic cataract based on network pharmacology and experimental validation.,PENDING,,,PubMed_Central,,,
v3.1h-002,Clearance pathway for lisinopril,Pharmacology,R1,MECHANISM,42669317,chunk-42669317-001,Ethical considerations in suspected isotretinoin nonadherence and/or diversion.,Ethical considerations in suspected isotretinoin nonadherence and/or diversion.,PENDING,,,PubMed_Central,,,
v3.1h-002,Clearance pathway for lisinopril,Pharmacology,R1,MECHANISM,42670022,chunk-42670022-001,Apixaban Dose Selection in Kidney Failure: Reconciling Pharmacokinetics and Clinical Outcomes.,Apixaban Dose Selection in Kidney Failure: Reconciling Pharmacokinetics and Clinical Outcomes.,PENDING,,,PubMed_Central,,,
v3.1h-002,Clearance pathway for lisinopril,Pharmacology,R1,MECHANISM,42670080,chunk-42670080-001,Anthracycline Cardiotoxicity: A Real-World Study Based on FDA Adverse Event Reporting System Database.,Anthracycline Cardiotoxicity: A Real-World Study Based on FDA Adverse Event Reporting System Database.,PENDING,,,PubMed_Central,,,
v3.1h-002,Clearance pathway for lisinopril,Pharmacology,R1,MECHANISM,42670520,chunk-42670520-001,Younger Age is Associated with Treatment and Complication Outcomes Among Type 2 Diabetes Mellitus Patients in Kigali University Teaching Hospital.,Younger Age is Associated with Treatment and Complication Outcomes Among Type 2 Diabetes Mellitus Patients in Kigali University Teaching Hospital.,PENDING,,,PubMed_Central,,,
v3.1h-002,Clearance pathway for lisinopril,Pharmacology,R1,MECHANISM,42670540,chunk-42670540-001,Mechanisms and the Role of p38 MAPK Signaling in Doxorubicin-Induced Cardiotoxicity: A Review.,Mechanisms and the Role of p38 MAPK Signaling in Doxorubicin-Induced Cardiotoxicity: A Review.,PENDING,,,PubMed_Central,,,
v3.1h-002,Clearance pathway for lisinopril,Pharmacology,R1,MECHANISM,42670801,chunk-42670801-001,Therapeutic Potential of Nanocurcumin in Mitigating Duloxetine-Induced Hepatic Damage: Biochemical and Histopathological Insights.,Therapeutic Potential of Nanocurcumin in Mitigating Duloxetine-Induced Hepatic Damage: Biochemical and Histopathological Insights.,PENDING,,,PubMed_Central,,,
v3.1h-002,Clearance pathway for lisinopril,Pharmacology,R1,MECHANISM,42671218,chunk-42671218-001,Protective Effects of Luteolin Against Cisplatin-Induced Hepatic and Renal Toxicity: Biochemical and Cellular Evidence.,Protective Effects of Luteolin Against Cisplatin-Induced Hepatic and Renal Toxicity: Biochemical and Cellular Evidence.,PENDING,,,PubMed_Central,,,
v3.1h-002,Clearance pathway for lisinopril,Pharmacology,R1,MECHANISM,42674049,chunk-42674049-001,A Near-Infrared Fluorescent Probe for Imaging Nitroxyl Dynamics in Ferroptosis-Associated Drug-Induced Liver Injury.,A Near-Infrared Fluorescent Probe for Imaging Nitroxyl Dynamics in Ferroptosis-Associated Drug-Induced Liver Injury.,PENDING,,,PubMed_Central,,,
v3.1h-002,Clearance pathway for lisinopril,Pharmacology,R1,MECHANISM,42674100,chunk-42674100-001,Drug Repurposing Signals for Abdominal Aortic Aneurysms.,Drug Repurposing Signals for Abdominal Aortic Aneurysms.,PENDING,,,PubMed_Central,,,
v3.1h-002,Clearance pathway for lisinopril,Pharmacology,R1,MECHANISM,42675227,chunk-42675227-001,Stevioside promotes hepatocyte proliferation via YAP signaling in cholestatic disease.,Stevioside promotes hepatocyte proliferation via YAP signaling in cholestatic disease.,PENDING,,,PubMed_Central,,,
v3.1h-002,Clearance pathway for lisinopril,Pharmacology,R1,MECHANISM,42675497,chunk-42675497-001,Delayed ischemic stroke ten days after aluminum phosphide ingestion in a previously healthy 21-year-old Ethiopian woman: a case report.,Delayed ischemic stroke ten days after aluminum phosphide ingestion in a previously healthy 21-year-old Ethiopian woman: a case report.,PENDING,,,PubMed_Central,,,
v3.1h-002,Clearance pathway for lisinopril,Pharmacology,R1,MECHANISM,42675994,chunk-42675994-001,"An Adaptive, Time-Informed, Phenotype-Guided Pharmacological Framework for Severe Traumatic Brain Injury : A Hypothesis-Driven Narrative Review.","An Adaptive, Time-Informed, Phenotype-Guided Pharmacological Framework for Severe Traumatic Brain Injury : A Hypothesis-Driven Narrative Review.",PENDING,,,PubMed_Central,,,
v3.1h-002,Clearance pathway for lisinopril,Pharmacology,R1,MECHANISM,42676526,chunk-42676526-001,Tricholoma matsutake polypeptide modulates cardiac metabolism and restores autophagic flux to mitigate doxorubicin-induced senescence.,Tricholoma matsutake polypeptide modulates cardiac metabolism and restores autophagic flux to mitigate doxorubicin-induced senescence.,PENDING,,,PubMed_Central,,,
v3.1h-002,Clearance pathway for lisinopril,Pharmacology,R1,MECHANISM,42676937,chunk-42676937-001,Evaluation of acne vulgaris patient care in outpatient clinics: guideline adherence and patient education.,Evaluation of acne vulgaris patient care in outpatient clinics: guideline adherence and patient education.,PENDING,,,PubMed_Central,,,
v3.1h-002,Clearance pathway for lisinopril,Pharmacology,R1,MECHANISM,42677064,chunk-42677064-001,Targeting Novel Pathways in Pulmonary Arterial Hypertension: A Systematic Review and Meta-Analysis of New Therapeutic Agents.,Targeting Novel Pathways in Pulmonary Arterial Hypertension: A Systematic Review and Meta-Analysis of New Therapeutic Agents.,PENDING,,,PubMed_Central,,,
v3.1h-002,Clearance pathway for lisinopril,Pharmacology,R1,MECHANISM,42677606,chunk-42677606-001,Mitochondrial Unfolded Protein Response Regulates Copper-Induced Oxidative Stress via a Sirt3/FOXO3a Signaling Pathway in Chicken Hepatocytes.,Mitochondrial Unfolded Protein Response Regulates Copper-Induced Oxidative Stress via a Sirt3/FOXO3a Signaling Pathway in Chicken Hepatocytes.,PENDING,,,PubMed_Central,,,
v3.1h-002,Clearance pathway for lisinopril,Pharmacology,R1,MECHANISM,42677663,chunk-42677663-001,Chronic BDE-47 Exposure Induces DNA Damage in Hepatocytes: Involvement of Oxidative Stress and CYP1A1/2 Upregulation.,Chronic BDE-47 Exposure Induces DNA Damage in Hepatocytes: Involvement of Oxidative Stress and CYP1A1/2 Upregulation.,PENDING,,,PubMed_Central,,,
v3.1h-002,Clearance pathway for lisinopril,Pharmacology,R1,MECHANISM,42678094,chunk-42678094-001,Deciphering the Mechanisms of Statin-Ezetimibe Drug Combinations Using Boolean Logical Modeling and Transcriptomic Data.,Deciphering the Mechanisms of Statin-Ezetimibe Drug Combinations Using Boolean Logical Modeling and Transcriptomic Data.,PENDING,,,PubMed_Central,,,
v3.1h-002,Clearance pathway for lisinopril,Pharmacology,R1,MECHANISM,42678242,chunk-42678242-001,Hepatoprotective effects of resolvin D1 in mice exposed to ethanol and galactosamine.,Hepatoprotective effects of resolvin D1 in mice exposed to ethanol and galactosamine.,PENDING,,,PubMed_Central,,,
v3.1h-002,Clearance pathway for lisinopril,Pharmacology,R1,MECHANISM,42678243,chunk-42678243-001,MSCs overexpressing FGF21 alleviate acetaminophen-induced acute liver injury by eliciting macrophage-mediated phagocytosis.,MSCs overexpressing FGF21 alleviate acetaminophen-induced acute liver injury by eliciting macrophage-mediated phagocytosis.,PENDING,,,PubMed_Central,,,
v3.1h-002,Clearance pathway for lisinopril,Pharmacology,R1,MECHANISM,42679743,chunk-42679743-001,Dual-response mitochondria-targeted fluorescent probe for Hypochlorous acid and viscosity: Applications in liver injury diagnosis and environmental monitoring.,Dual-response mitochondria-targeted fluorescent probe for Hypochlorous acid and viscosity: Applications in liver injury diagnosis and environmental monitoring.,PENDING,,,PubMed_Central,,,
v3.1h-002,Clearance pathway for lisinopril,Pharmacology,R1,MECHANISM,42679829,chunk-42679829-001,"Adolescent health across Asia Pacific, 2000-23: a systematic analysis for the Global Burden of Disease Study 2023.","Adolescent health across Asia Pacific, 2000-23: a systematic analysis for the Global Burden of Disease Study 2023.",PENDING,,,PubMed_Central,,,
v3.1h-002,Clearance pathway for lisinopril,Pharmacology,R1,MECHANISM,42680287,chunk-42680287-001,Lipid-lowering and hepatoprotective effects of Ocimum sanctum L. (Thai holy basil) flower against MASLD and liver inflammation in rats.,Lipid-lowering and hepatoprotective effects of Ocimum sanctum L. (Thai holy basil) flower against MASLD and liver inflammation in rats.,PENDING,,,PubMed_Central,,,
v3.1h-002,Clearance pathway for lisinopril,Pharmacology,R1,MECHANISM,42681676,chunk-42681676-001,Targeting breast cancer stem cells by restoring RBM38 function: mechanism and protein delivery therapy.,Targeting breast cancer stem cells by restoring RBM38 function: mechanism and protein delivery therapy.,PENDING,,,PubMed_Central,,,
v3.1h-002,Clearance pathway for lisinopril,Pharmacology,R1,MECHANISM,42682722,chunk-42682722-001,"PRO/CON debate: nonsteroidal versus steroidal mineralocorticoid receptor antagonists in chronic kidney disease: progress, pragmatism, and remaining uncertainties.","PRO/CON debate: nonsteroidal versus steroidal mineralocorticoid receptor antagonists in chronic kidney disease: progress, pragmatism, and remaining uncertainties.",PENDING,,,PubMed_Central,,,
v3.1h-021,Concomitant use of warfarin and aspirin bleeding risk,DDI,R3,MULTI_ENTITY,27148747,chunk-27148747-001,"Alendronate Sodium as Enteric Coated Solid Lipid Nanoparticles; Preparation, Optimization, and In Vivo Evaluation to Enhance Its Oral Bioavailability.","Alendronate Sodium as Enteric Coated Solid Lipid Nanoparticles; Preparation, Optimization, and In Vivo Evaluation to Enhance Its Oral Bioavailability.",PENDING,,,PubMed_Central,,,
v3.1h-021,Concomitant use of warfarin and aspirin bleeding risk,DDI,R3,MULTI_ENTITY,27956102,chunk-27956102-001,Pharyngolaryngeal ulcers associated with the improper use of alendronate.,Pharyngolaryngeal ulcers associated with the improper use of alendronate.,PENDING,,,PubMed_Central,,,
v3.1h-021,Concomitant use of warfarin and aspirin bleeding risk,DDI,R3,MULTI_ENTITY,28520369,chunk-28520369-001,Celecoxib Therapy and CYP2C9 Genotype.,Celecoxib Therapy and CYP2C9 Genotype.,PENDING,,,PubMed_Central,,,
v3.1h-021,Concomitant use of warfarin and aspirin bleeding risk,DDI,R3,MULTI_ENTITY,28520381,chunk-28520381-001,Metoprolol Therapy and CYP2D6 Genotype.,Metoprolol Therapy and CYP2D6 Genotype.,PENDING,,,PubMed_Central,,,
v3.1h-021,Concomitant use of warfarin and aspirin bleeding risk,DDI,R3,MULTI_ENTITY,29262813,chunk-29262813-001,Renoprotective RAAS inhibition does not affect the association between worse renal function and higher plasma aldosterone levels.,Renoprotective RAAS inhibition does not affect the association between worse renal function and higher plasma aldosterone levels.,PENDING,,,PubMed_Central,,,
v3.1h-021,Concomitant use of warfarin and aspirin bleeding risk,DDI,R3,MULTI_ENTITY,29856752,chunk-29856752-001,Quality by design approach to optimize the formulation variables influencing the characteristics of biodegradable intramuscular in-situ gel loaded with alendronate sodium for osteoporosis.,Quality by design approach to optimize the formulation variables influencing the characteristics of biodegradable intramuscular in-situ gel loaded with alendronate sodium for osteoporosis.,PENDING,,,PubMed_Central,,,
v3.1h-021,Concomitant use of warfarin and aspirin bleeding risk,DDI,R3,MULTI_ENTITY,30422511,chunk-30422511-001,Vitamin A Toxicity.,Vitamin A Toxicity.,PENDING,,,PubMed_Central,,,
v3.1h-021,Concomitant use of warfarin and aspirin bleeding risk,DDI,R3,MULTI_ENTITY,30626809,chunk-30626809-001,Symptoms and Upper Gastrointestinal Mucosal Injury Associated with Bisphosphonate Therapy.,Symptoms and Upper Gastrointestinal Mucosal Injury Associated with Bisphosphonate Therapy.,PENDING,,,PubMed_Central,,,
v3.1h-021,Concomitant use of warfarin and aspirin bleeding risk,DDI,R3,MULTI_ENTITY,31583609,chunk-31583609-001,Physiologically Based Pharmacokinetic Modelling to Identify Pharmacokinetic Parameters Driving Drug Exposure Changes in the Elderly.,Physiologically Based Pharmacokinetic Modelling to Identify Pharmacokinetic Parameters Driving Drug Exposure Changes in the Elderly.,PENDING,,,PubMed_Central,,,
v3.1h-021,Concomitant use of warfarin and aspirin bleeding risk,DDI,R3,MULTI_ENTITY,32666144,chunk-32666144-001,Upper gastrointestinal safety of oral bisphosphonate in hospitalized patients.,Upper gastrointestinal safety of oral bisphosphonate in hospitalized patients.,PENDING,,,PubMed_Central,,,
v3.1h-021,Concomitant use of warfarin and aspirin bleeding risk,DDI,R3,MULTI_ENTITY,32699722,chunk-32699722-001,Metformin Associated Lactic Acidosis in the Intensive Care Unit: A Rare Condition Mimicking Sepsis.,Metformin Associated Lactic Acidosis in the Intensive Care Unit: A Rare Condition Mimicking Sepsis.,PENDING,,,PubMed_Central,,,
v3.1h-021,Concomitant use of warfarin and aspirin bleeding risk,DDI,R3,MULTI_ENTITY,33048477,chunk-33048477-001,Impact of Green Tea Catechin Ingestion on the Pharmacokinetics of Lisinopril in Healthy Volunteers.,Impact of Green Tea Catechin Ingestion on the Pharmacokinetics of Lisinopril in Healthy Volunteers.,PENDING,,,PubMed_Central,,,
v3.1h-021,Concomitant use of warfarin and aspirin bleeding risk,DDI,R3,MULTI_ENTITY,33777146,chunk-33777146-001,Severe Oral Mucosal Ulceration Associated with Oral Bisphosphonate Use: The Importance of Imparting Proper Instructions on Medication Administration and Intake.,Severe Oral Mucosal Ulceration Associated with Oral Bisphosphonate Use: The Importance of Imparting Proper Instructions on Medication Administration and Intake.,PENDING,,,PubMed_Central,,,
v3.1h-021,Concomitant use of warfarin and aspirin bleeding risk,DDI,R3,MULTI_ENTITY,33986677,chunk-33986677-001,"Radiation Increases Bioavailability of Lisinopril, a Mitigator of Radiation-Induced Toxicities.","Radiation Increases Bioavailability of Lisinopril, a Mitigator of Radiation-Induced Toxicities.",PENDING,,,PubMed_Central,,,
v3.1h-021,Concomitant use of warfarin and aspirin bleeding risk,DDI,R3,MULTI_ENTITY,34258506,chunk-34258506-001,A Prospective Open-Label Observational Study of a Buffered Soluble 70 mg Alendronate Effervescent Tablet on Upper Gastrointestinal Safety and Medication Errors: The GastroPASS Study.,A Prospective Open-Label Observational Study of a Buffered Soluble 70 mg Alendronate Effervescent Tablet on Upper Gastrointestinal Safety and Medication Errors: The GastroPASS Study.,PENDING,,,PubMed_Central,,,
v3.1h-021,Concomitant use of warfarin and aspirin bleeding risk,DDI,R3,MULTI_ENTITY,36300543,chunk-36300543-001,"The effect of diminazene, an angiotensin-converting enzyme 2 activator, on adenine-induced chronic kidney disease in rats.","The effect of diminazene, an angiotensin-converting enzyme 2 activator, on adenine-induced chronic kidney disease in rats.",PENDING,,,PubMed_Central,,,
v3.1h-021,Concomitant use of warfarin and aspirin bleeding risk,DDI,R3,MULTI_ENTITY,37539955,chunk-37539955-001,Interventions for chronic kidney disease in people with sickle cell disease.,Interventions for chronic kidney disease in people with sickle cell disease.,PENDING,,,PubMed_Central,,,
v3.1h-021,Concomitant use of warfarin and aspirin bleeding risk,DDI,R3,MULTI_ENTITY,37715904,chunk-37715904-001,Associations of metal mixtures with thyroid function and potential interactions with iodine status: results from a cross-sectional study in MEWHC.,Associations of metal mixtures with thyroid function and potential interactions with iodine status: results from a cross-sectional study in MEWHC.,PENDING,,,PubMed_Central,,,
v3.1h-021,Concomitant use of warfarin and aspirin bleeding risk,DDI,R3,MULTI_ENTITY,37746873,chunk-37746873-001,Longitudinal Trajectory of Opioid Prescribing and its Associated Serious Adverse Events: A Population-Wide Cohort Study in Taiwan.,Longitudinal Trajectory of Opioid Prescribing and its Associated Serious Adverse Events: A Population-Wide Cohort Study in Taiwan.,PENDING,,,PubMed_Central,,,
v3.1h-021,Concomitant use of warfarin and aspirin bleeding risk,DDI,R3,MULTI_ENTITY,38006536,chunk-38006536-001,Clinical and Laboratory Factors Related to Seizure and Serotonin Toxicity in Tramadol Intoxication: An Egyptian Study.,Clinical and Laboratory Factors Related to Seizure and Serotonin Toxicity in Tramadol Intoxication: An Egyptian Study.,PENDING,,,PubMed_Central,,,
v3.1h-021,Concomitant use of warfarin and aspirin bleeding risk,DDI,R3,MULTI_ENTITY,38053572,chunk-38053572-001,Nephroprotective effects of diminazene on doxorubicin-induced acute kidney injury in rats.,Nephroprotective effects of diminazene on doxorubicin-induced acute kidney injury in rats.,PENDING,,,PubMed_Central,,,
v3.1h-021,Concomitant use of warfarin and aspirin bleeding risk,DDI,R3,MULTI_ENTITY,38374855,chunk-38374855-001,An Unusual Presentation of Cobblestone Esophagus From Bisphosphonate Use.,An Unusual Presentation of Cobblestone Esophagus From Bisphosphonate Use.,PENDING,,,PubMed_Central,,,
v3.1h-021,Concomitant use of warfarin and aspirin bleeding risk,DDI,R3,MULTI_ENTITY,38676494,chunk-38676494-001,"A Review of the Association between Infections, Seizures, and Drugs.","A Review of the Association between Infections, Seizures, and Drugs.",PENDING,,,PubMed_Central,,,
v3.1h-021,Concomitant use of warfarin and aspirin bleeding risk,DDI,R3,MULTI_ENTITY,38710058,chunk-38710058-001,"The Salutary Effects of Diminazene, Lisinopril or Valsartan on Cisplatin - Induced Acute Kidney Injury in Rats: A Comparative Study.","The Salutary Effects of Diminazene, Lisinopril or Valsartan on Cisplatin - Induced Acute Kidney Injury in Rats: A Comparative Study.",PENDING,,,PubMed_Central,,,
v3.1h-021,Concomitant use of warfarin and aspirin bleeding risk,DDI,R3,MULTI_ENTITY,38758406,chunk-38758406-001,Screening for ferroptosis genes related to endometrial carcinoma and predicting of targeted drugs based on bioinformatics.,Screening for ferroptosis genes related to endometrial carcinoma and predicting of targeted drugs based on bioinformatics.,PENDING,,,PubMed_Central,,,
v3.1h-021,Concomitant use of warfarin and aspirin bleeding risk,DDI,R3,MULTI_ENTITY,38832136,chunk-38832136-001,From pill to pain: Alendronate-induced esophageal injury-A case report and review.,From pill to pain: Alendronate-induced esophageal injury-A case report and review.,PENDING,,,PubMed_Central,,,
v3.1h-021,Concomitant use of warfarin and aspirin bleeding risk,DDI,R3,MULTI_ENTITY,39074188,chunk-39074188-001,Sex Differences in Physiological Responses to a National Collegiate Athletic Association Division I Soccer Season.,Sex Differences in Physiological Responses to a National Collegiate Athletic Association Division I Soccer Season.,PENDING,,,PubMed_Central,,,
v3.1h-021,Concomitant use of warfarin and aspirin bleeding risk,DDI,R3,MULTI_ENTITY,39114562,chunk-39114562-001,A network meta-analysis: evaluating the efficacy and safety of concurrent proton pump inhibitors and clopidogrel therapy in post-PCI patients.,A network meta-analysis: evaluating the efficacy and safety of concurrent proton pump inhibitors and clopidogrel therapy in post-PCI patients.,PENDING,,,PubMed_Central,,,
v3.1h-021,Concomitant use of warfarin and aspirin bleeding risk,DDI,R3,MULTI_ENTITY,39430173,chunk-39430173-001,Prospective Trial on the Pharmacokinetics of Clopidogrel in Hemodialysis Patients.,Prospective Trial on the Pharmacokinetics of Clopidogrel in Hemodialysis Patients.,PENDING,,,PubMed_Central,,,
v3.1h-021,Concomitant use of warfarin and aspirin bleeding risk,DDI,R3,MULTI_ENTITY,39817374,chunk-39817374-001,Delineating CYP2C19-mediated Interactions: Network Pharmacology Investigation of Ilaprazole and Clopidogrel versus Conventional Proton Pump Inhibitors.,Delineating CYP2C19-mediated Interactions: Network Pharmacology Investigation of Ilaprazole and Clopidogrel versus Conventional Proton Pump Inhibitors.,PENDING,,,PubMed_Central,,,
v3.1h-021,Concomitant use of warfarin and aspirin bleeding risk,DDI,R3,MULTI_ENTITY,40149400,chunk-40149400-001,The Association Between Statin Drugs and Rhabdomyolysis: An Analysis of FDA Adverse Event Reporting System (FAERS) Data and Transcriptomic Profiles.,The Association Between Statin Drugs and Rhabdomyolysis: An Analysis of FDA Adverse Event Reporting System (FAERS) Data and Transcriptomic Profiles.,PENDING,,,PubMed_Central,,,
v3.1h-021,Concomitant use of warfarin and aspirin bleeding risk,DDI,R3,MULTI_ENTITY,40198642,chunk-40198642-001,Impact of Ginkgo biloba drug interactions on bleeding risk and coagulation profiles: A comprehensive analysis.,Impact of Ginkgo biloba drug interactions on bleeding risk and coagulation profiles: A comprehensive analysis.,PENDING,,,PubMed_Central,,,
v3.1h-021,Concomitant use of warfarin and aspirin bleeding risk,DDI,R3,MULTI_ENTITY,40242084,chunk-40242084-001,Tramadol use and risk of seizure: A report of two cases and a review of recent literature.,Tramadol use and risk of seizure: A report of two cases and a review of recent literature.,PENDING,,,PubMed_Central,,,
v3.1h-021,Concomitant use of warfarin and aspirin bleeding risk,DDI,R3,MULTI_ENTITY,40272900,chunk-40272900-001,In vitro seizure risk assessment using a microelectrode array and comparison with an in vivo rat study.,In vitro seizure risk assessment using a microelectrode array and comparison with an in vivo rat study.,PENDING,,,PubMed_Central,,,
v3.1h-021,Concomitant use of warfarin and aspirin bleeding risk,DDI,R3,MULTI_ENTITY,40289797,chunk-40289797-001,Association of Biomarkers With Intracerebral Hematoma Expansion and Arterial Thromboembolic Events in Patients With Acute Intracranial Hemorrhage: The ANNEXA-I Biomarker Substudy.,Association of Biomarkers With Intracerebral Hematoma Expansion and Arterial Thromboembolic Events in Patients With Acute Intracranial Hemorrhage: The ANNEXA-I Biomarker Substudy.,PENDING,,,PubMed_Central,,,
v3.1h-021,Concomitant use of warfarin and aspirin bleeding risk,DDI,R3,MULTI_ENTITY,40357791,chunk-40357791-001,Antiplatelet-Proton Pump Inhibitor Interactions and Arterial Thrombotic Events: A Pharmacovigilance Assessment using Disproportionality and Interaction Analysis.,Antiplatelet-Proton Pump Inhibitor Interactions and Arterial Thrombotic Events: A Pharmacovigilance Assessment using Disproportionality and Interaction Analysis.,PENDING,,,PubMed_Central,,,
v3.1h-021,Concomitant use of warfarin and aspirin bleeding risk,DDI,R3,MULTI_ENTITY,40406172,chunk-40406172-001,Digoxin for Fetal Tachyarrhythmia: Toxicity in an Underweight Mother.,Digoxin for Fetal Tachyarrhythmia: Toxicity in an Underweight Mother.,PENDING,,,PubMed_Central,,,
v3.1h-021,Concomitant use of warfarin and aspirin bleeding risk,DDI,R3,MULTI_ENTITY,40618353,chunk-40618353-001,[Management of emergencies in direct oral anticoagulant-treated patients: practice pearls].,[Management of emergencies in direct oral anticoagulant-treated patients: practice pearls].,PENDING,,,PubMed_Central,,,
v3.1h-021,Concomitant use of warfarin and aspirin bleeding risk,DDI,R3,MULTI_ENTITY,40685887,chunk-40685887-001,Efficacy and Safety of Clopidogrel With and Without a Proton Pump Inhibitor: A Systematic Review and Meta-Analysis.,Efficacy and Safety of Clopidogrel With and Without a Proton Pump Inhibitor: A Systematic Review and Meta-Analysis.,PENDING,,,PubMed_Central,,,
v3.1h-021,Concomitant use of warfarin and aspirin bleeding risk,DDI,R3,MULTI_ENTITY,40749454,chunk-40749454-001,Drug-Related epileptic seizures and Age-Specific Differences: A Real-World study based on the FAERS database.,Drug-Related epileptic seizures and Age-Specific Differences: A Real-World study based on the FAERS database.,PENDING,,,PubMed_Central,,,
v3.1h-021,Concomitant use of warfarin and aspirin bleeding risk,DDI,R3,MULTI_ENTITY,40771914,chunk-40771914-001,"Pharmacodynamics, pharmacokinetics, interactions with other drugs, toxicity and clinical effectiveness of proton pump inhibitors.","Pharmacodynamics, pharmacokinetics, interactions with other drugs, toxicity and clinical effectiveness of proton pump inhibitors.",PENDING,,,PubMed_Central,,,
v3.1h-021,Concomitant use of warfarin and aspirin bleeding risk,DDI,R3,MULTI_ENTITY,40825054,chunk-40825054-001,"Analysis of hemorrhagic transformation and intracerebral hemorrhage under combination therapy with alteplase and antiplatelets or anticoagulants, using the Japanese Adverse Drug Event Report database.","Analysis of hemorrhagic transformation and intracerebral hemorrhage under combination therapy with alteplase and antiplatelets or anticoagulants, using the Japanese Adverse Drug Event Report database.",PENDING,,,PubMed_Central,,,
v3.1h-021,Concomitant use of warfarin and aspirin bleeding risk,DDI,R3,MULTI_ENTITY,40828441,chunk-40828441-001,Oral anticoagulants-related bleeding: what happens in the emergency room? The Galeno study.,Oral anticoagulants-related bleeding: what happens in the emergency room? The Galeno study.,PENDING,,,PubMed_Central,,,
v3.1h-021,Concomitant use of warfarin and aspirin bleeding risk,DDI,R3,MULTI_ENTITY,40845290,chunk-40845290-001,The Effects of a Semester of Preprofessional Dance Training on Biomarkers and Performance Variables in Elite Adolescent Ballet Dancers.,The Effects of a Semester of Preprofessional Dance Training on Biomarkers and Performance Variables in Elite Adolescent Ballet Dancers.,PENDING,,,PubMed_Central,,,
v3.1h-021,Concomitant use of warfarin and aspirin bleeding risk,DDI,R3,MULTI_ENTITY,40881144,chunk-40881144-001,A Description of QT-Interval Prolonging Drug Interactions with Fluoroquinolones in Older Women with Uncomplicated Urinary Tract Infections.,A Description of QT-Interval Prolonging Drug Interactions with Fluoroquinolones in Older Women with Uncomplicated Urinary Tract Infections.,PENDING,,,PubMed_Central,,,
v3.1h-021,Concomitant use of warfarin and aspirin bleeding risk,DDI,R3,MULTI_ENTITY,40910969,chunk-40910969-001,The Risk of Breakthrough Cardiac Events Associated With Psychiatric Medications in Patients With Diagnosed and Clinically Treated Long QT Syndrome.,The Risk of Breakthrough Cardiac Events Associated With Psychiatric Medications in Patients With Diagnosed and Clinically Treated Long QT Syndrome.,PENDING,,,PubMed_Central,,,
v3.1h-021,Concomitant use of warfarin and aspirin bleeding risk,DDI,R3,MULTI_ENTITY,40915652,chunk-40915652-001,Nonsteroidal Anti-Inflammatory Drugs and Risk of Gastrointestinal Bleeding: A Systematic Review and Meta-Analysis.,Nonsteroidal Anti-Inflammatory Drugs and Risk of Gastrointestinal Bleeding: A Systematic Review and Meta-Analysis.,PENDING,,,PubMed_Central,,,
v3.1h-021,Concomitant use of warfarin and aspirin bleeding risk,DDI,R3,MULTI_ENTITY,40978465,chunk-40978465-001,Abnormal Ca(2+) handling and reduced I(to) contribute to citalopram-induced QT prolongation and cardiac arrhythmias.,Abnormal Ca(2+) handling and reduced I(to) contribute to citalopram-induced QT prolongation and cardiac arrhythmias.,PENDING,,,PubMed_Central,,,
v3.1h-021,Concomitant use of warfarin and aspirin bleeding risk,DDI,R3,MULTI_ENTITY,40988289,chunk-40988289-001,Drug-drug interactions: A descriptive analysis of FDA adverse event reporting system.,Drug-drug interactions: A descriptive analysis of FDA adverse event reporting system.,PENDING,,,PubMed_Central,,,
v3.1h-021,Concomitant use of warfarin and aspirin bleeding risk,DDI,R3,MULTI_ENTITY,41004670,chunk-41004670-001,"Correlation Between Escitalopram, Sertraline, and Fluoxetine Serum Levels and QTc Interval Prolongation in Children and Adolescents.","Correlation Between Escitalopram, Sertraline, and Fluoxetine Serum Levels and QTc Interval Prolongation in Children and Adolescents.",PENDING,,,PubMed_Central,,,
v3.1h-021,Concomitant use of warfarin and aspirin bleeding risk,DDI,R3,MULTI_ENTITY,41017291,chunk-41017291-001,Use of Drugs With Actionable Pharmacogenetic Biomarkers and Possible Prescribing Changes Among Older People.,Use of Drugs With Actionable Pharmacogenetic Biomarkers and Possible Prescribing Changes Among Older People.,PENDING,,,PubMed_Central,,,
v3.1h-021,Concomitant use of warfarin and aspirin bleeding risk,DDI,R3,MULTI_ENTITY,41061201,chunk-41061201-001,Risk of Seizure Associated With Concomitant Use of Tramadol and Antidepressants in Older Nursing Home Residents.,Risk of Seizure Associated With Concomitant Use of Tramadol and Antidepressants in Older Nursing Home Residents.,PENDING,,,PubMed_Central,,,
v3.1h-021,Concomitant use of warfarin and aspirin bleeding risk,DDI,R3,MULTI_ENTITY,41075377,chunk-41075377-001,Interpretation of the association between thyroid peroxidase antibodies and thyroid function during pregnancy: An individual participant data meta-analysis.,Interpretation of the association between thyroid peroxidase antibodies and thyroid function during pregnancy: An individual participant data meta-analysis.,PENDING,,,PubMed_Central,,,
v3.1h-021,Concomitant use of warfarin and aspirin bleeding risk,DDI,R3,MULTI_ENTITY,41077316,chunk-41077316-001,Metabolic enzyme-mediated pharmacokinetic and pharmacodynamic interactions between Danshen Yin and clopidogrel in normal and acute myocardial infarction rats.,Metabolic enzyme-mediated pharmacokinetic and pharmacodynamic interactions between Danshen Yin and clopidogrel in normal and acute myocardial infarction rats.,PENDING,,,PubMed_Central,,,
v3.1h-021,Concomitant use of warfarin and aspirin bleeding risk,DDI,R3,MULTI_ENTITY,41085374,chunk-41085374-001,Assessing Impact of Concomitant Use of Proton Pump Inhibitors and Clopidogrel on Incidence of Major Adverse Cardiovascular Events: A Retrospective Cohort Study.,Assessing Impact of Concomitant Use of Proton Pump Inhibitors and Clopidogrel on Incidence of Major Adverse Cardiovascular Events: A Retrospective Cohort Study.,PENDING,,,PubMed_Central,,,
v3.1h-021,Concomitant use of warfarin and aspirin bleeding risk,DDI,R3,MULTI_ENTITY,41089323,chunk-41089323-001,Arrhythmic events pertinent with antidepressants: a Bayesian disproportional analysis mining the FDA Adverse Event Reporting System database.,Arrhythmic events pertinent with antidepressants: a Bayesian disproportional analysis mining the FDA Adverse Event Reporting System database.,PENDING,,,PubMed_Central,,,
v3.1h-021,Concomitant use of warfarin and aspirin bleeding risk,DDI,R3,MULTI_ENTITY,41098965,chunk-41098965-001,Procoagulant off-target effect of the direct oral anticoagulant reversal agent Andexanet alfa.,Procoagulant off-target effect of the direct oral anticoagulant reversal agent Andexanet alfa.,PENDING,,,PubMed_Central,,,
v3.1h-021,Concomitant use of warfarin and aspirin bleeding risk,DDI,R3,MULTI_ENTITY,41100334,chunk-41100334-001,Review of Safety and Efficacy of Polmacoxib: A Novel Dual Inhibitor of Cyclo-oxygenase 2 and Carbonic Anhydrase in Osteoarthritis and Acute Painful Conditions.,Review of Safety and Efficacy of Polmacoxib: A Novel Dual Inhibitor of Cyclo-oxygenase 2 and Carbonic Anhydrase in Osteoarthritis and Acute Painful Conditions.,PENDING,,,PubMed_Central,,,
v3.1h-021,Concomitant use of warfarin and aspirin bleeding risk,DDI,R3,MULTI_ENTITY,41109285,chunk-41109285-001,Challenges in the treatment of hypothyroidism: malabsorption and pseudo-malabsorption of levothyroxine.,Challenges in the treatment of hypothyroidism: malabsorption and pseudo-malabsorption of levothyroxine.,PENDING,,,PubMed_Central,,,
v3.1h-021,Concomitant use of warfarin and aspirin bleeding risk,DDI,R3,MULTI_ENTITY,41112691,chunk-41112691-001,"Risk Factors Associated with Thrombus Development Following Pharmacologic Anticoagulation Reversal with Coagulation Factor Xa [Recombinant], Inactivated-zhzo.","Risk Factors Associated with Thrombus Development Following Pharmacologic Anticoagulation Reversal with Coagulation Factor Xa [Recombinant], Inactivated-zhzo.",PENDING,,,PubMed_Central,,,
v3.1h-021,Concomitant use of warfarin and aspirin bleeding risk,DDI,R3,MULTI_ENTITY,41141842,chunk-41141842-001,Andexanet alfa for the reversal of the low-molecular-weight heparin enoxaparin.,Andexanet alfa for the reversal of the low-molecular-weight heparin enoxaparin.,PENDING,,,PubMed_Central,,,
v3.1h-021,Concomitant use of warfarin and aspirin bleeding risk,DDI,R3,MULTI_ENTITY,41158891,chunk-41158891-001,Seizures Following Single-Dose Intravenous Tramadol for Postsurgical Pain: A Report of Two Cases.,Seizures Following Single-Dose Intravenous Tramadol for Postsurgical Pain: A Report of Two Cases.,PENDING,,,PubMed_Central,,,
v3.1h-021,Concomitant use of warfarin and aspirin bleeding risk,DDI,R3,MULTI_ENTITY,41177211,chunk-41177211-001,Biomedical pharmacology study on metformin and glucose (PMID 41177211),Metformin decreases hepatic glucose production and decreases intestinal absorption of glucose.,PENDING,,,PubMed_Central,,,
v3.1h-021,Concomitant use of warfarin and aspirin bleeding risk,DDI,R3,MULTI_ENTITY,41225655,chunk-41225655-001,TNF-α inhibitor etanercept improves cerebrovascular function in elderly RA patients: findings from a randomized controlled trial.,TNF-α inhibitor etanercept improves cerebrovascular function in elderly RA patients: findings from a randomized controlled trial.,PENDING,,,PubMed_Central,,,
v3.1h-021,Concomitant use of warfarin and aspirin bleeding risk,DDI,R3,MULTI_ENTITY,41266704,chunk-41266704-001,Andexanet Alfa in Emergency Cranial Neurosurgical Procedures: A Bicentric Analysis of Efficacy and Safety.,Andexanet Alfa in Emergency Cranial Neurosurgical Procedures: A Bicentric Analysis of Efficacy and Safety.,PENDING,,,PubMed_Central,,,
v3.1h-021,Concomitant use of warfarin and aspirin bleeding risk,DDI,R3,MULTI_ENTITY,41278442,chunk-41278442-001,Pharmacological management of major complications following left ventricular assist device implantation in type 2 diabetes mellitus.,Pharmacological management of major complications following left ventricular assist device implantation in type 2 diabetes mellitus.,PENDING,,,PubMed_Central,,,
v3.1h-021,Concomitant use of warfarin and aspirin bleeding risk,DDI,R3,MULTI_ENTITY,41323006,chunk-41323006-001,"Randomized, Double-Blind, Placebo-Controlled, Dose-Ranging Comparison of the Analgesic Efficacy and Safety of Intravenous Ketoprofen, Tramadol, and Morphine After Bony Impacted Mandibular Third Molar Surgery.","Randomized, Double-Blind, Placebo-Controlled, Dose-Ranging Comparison of the Analgesic Efficacy and Safety of Intravenous Ketoprofen, Tramadol, and Morphine After Bony Impacted Mandibular Third Molar Surgery.",PENDING,,,PubMed_Central,,,
v3.1h-021,Concomitant use of warfarin and aspirin bleeding risk,DDI,R3,MULTI_ENTITY,41347947,chunk-41347947-001,"Navigating complementary and alternative medicine use, medication adherence, and herb-drug interaction risks among gout patients: a multicenter cross-sectional study in indonesia.","Navigating complementary and alternative medicine use, medication adherence, and herb-drug interaction risks among gout patients: a multicenter cross-sectional study in indonesia.",PENDING,,,PubMed_Central,,,
v3.1h-021,Concomitant use of warfarin and aspirin bleeding risk,DDI,R3,MULTI_ENTITY,41397500,chunk-41397500-001,Exploring the link between antipsychotic and antidepressant use and severe QT prolongation: Impacts on ventricular arrhythmias and sudden cardiac death.,Exploring the link between antipsychotic and antidepressant use and severe QT prolongation: Impacts on ventricular arrhythmias and sudden cardiac death.,PENDING,,,PubMed_Central,,,
v3.1h-021,Concomitant use of warfarin and aspirin bleeding risk,DDI,R3,MULTI_ENTITY,41406988,chunk-41406988-001,Trends and variation in the use of andexanet alfa for the reversal of direct oral anticoagulants in NHS trusts in England.,Trends and variation in the use of andexanet alfa for the reversal of direct oral anticoagulants in NHS trusts in England.,PENDING,,,PubMed_Central,,,
v3.1h-021,Concomitant use of warfarin and aspirin bleeding risk,DDI,R3,MULTI_ENTITY,41428604,chunk-41428604-001,The Stability of Drugs Commonly Used in Intensive Care Units Co-Administered via Feeding Tube and Its Dependence on pH: An in vitro Study.,The Stability of Drugs Commonly Used in Intensive Care Units Co-Administered via Feeding Tube and Its Dependence on pH: An in vitro Study.,PENDING,,,PubMed_Central,,,
v3.1h-021,Concomitant use of warfarin and aspirin bleeding risk,DDI,R3,MULTI_ENTITY,41452043,chunk-41452043-001,Rising Escitalopram Use in British Columbia: Is it Rational and Evidence-Informed?,Rising Escitalopram Use in British Columbia: Is it Rational and Evidence-Informed?,PENDING,,,PubMed_Central,,,
v3.1h-021,Concomitant use of warfarin and aspirin bleeding risk,DDI,R3,MULTI_ENTITY,41459594,chunk-41459594-001,Degree of Cyclooxygenase-2 Inhibition Modulates Blood Pressure Response.,Degree of Cyclooxygenase-2 Inhibition Modulates Blood Pressure Response.,PENDING,,,PubMed_Central,,,
v3.1h-021,Concomitant use of warfarin and aspirin bleeding risk,DDI,R3,MULTI_ENTITY,41463106,chunk-41463106-001,Reconsidering Digoxin in Atrial Fibrillation: From Historical Controversy to Physiologically Guided and Personalized Rate Control.,Reconsidering Digoxin in Atrial Fibrillation: From Historical Controversy to Physiologically Guided and Personalized Rate Control.,PENDING,,,PubMed_Central,,,
v3.1h-021,Concomitant use of warfarin and aspirin bleeding risk,DDI,R3,MULTI_ENTITY,41489241,chunk-41489241-001,The role of a fixed combination of ibuprofen/paracetamol in the management of acute pain: an Italian expert narrative review.,The role of a fixed combination of ibuprofen/paracetamol in the management of acute pain: an Italian expert narrative review.,PENDING,,,PubMed_Central,,,
v3.1h-021,Concomitant use of warfarin and aspirin bleeding risk,DDI,R3,MULTI_ENTITY,41496228,chunk-41496228-001,The impact of prenatal maternal-fetal metal levels and placental transfer efficiency of metals on neonatal thyroid function: The modulatory role of maternal vitamin D levels in pregnancy.,The impact of prenatal maternal-fetal metal levels and placental transfer efficiency of metals on neonatal thyroid function: The modulatory role of maternal vitamin D levels in pregnancy.,PENDING,,,PubMed_Central,,,
v3.1h-021,Concomitant use of warfarin and aspirin bleeding risk,DDI,R3,MULTI_ENTITY,41733550,chunk-41733550-001,Cyclooxygenase-2 Inhibition and Anti-Platelet Aggregation Activity of Astaxanthin-Hydrogel in Comparison to Celecoxib Against Rheumatoid Arthritis in Wistar Rat Model.,Cyclooxygenase-2 Inhibition and Anti-Platelet Aggregation Activity of Astaxanthin-Hydrogel in Comparison to Celecoxib Against Rheumatoid Arthritis in Wistar Rat Model.,PENDING,,,PubMed_Central,,,
v3.1h-021,Concomitant use of warfarin and aspirin bleeding risk,DDI,R3,MULTI_ENTITY,41748094,chunk-41748094-001,Heart Rate-Corrected QT Interval Dynamics Following Antidepressant Switching from Escitalopram to High-Dose Venlafaxine: Cardiac Safety Insights from the Early Medication Change Cohort.,Heart Rate-Corrected QT Interval Dynamics Following Antidepressant Switching from Escitalopram to High-Dose Venlafaxine: Cardiac Safety Insights from the Early Medication Change Cohort.,PENDING,,,PubMed_Central,,,
v3.1h-021,Concomitant use of warfarin and aspirin bleeding risk,DDI,R3,MULTI_ENTITY,41754906,chunk-41754906-001,"An Overview of Anticoagulant Drugs Pharmacology, Therapeutic Approaches, Limitations and Perspectives.","An Overview of Anticoagulant Drugs Pharmacology, Therapeutic Approaches, Limitations and Perspectives.",PENDING,,,PubMed_Central,,,
v3.1h-021,Concomitant use of warfarin and aspirin bleeding risk,DDI,R3,MULTI_ENTITY,41766537,chunk-41766537-001,Increased Risk of Ischemic Events in Patients With Stroke Treated With Clopidogrel and a P-CAB or PPI.,Increased Risk of Ischemic Events in Patients With Stroke Treated With Clopidogrel and a P-CAB or PPI.,PENDING,,,PubMed_Central,,,
v3.1h-021,Concomitant use of warfarin and aspirin bleeding risk,DDI,R3,MULTI_ENTITY,41776019,chunk-41776019-001,Andexanet alfa Reduces Hematoma Expansion Following Controlled Cortical Impact in Mice Pretreated with Rivaroxaban.,Andexanet alfa Reduces Hematoma Expansion Following Controlled Cortical Impact in Mice Pretreated with Rivaroxaban.,PENDING,,,PubMed_Central,,,
v3.1h-021,Concomitant use of warfarin and aspirin bleeding risk,DDI,R3,MULTI_ENTITY,41791695,chunk-41791695-001,"Harnessing the gut-heart axis for cardiovascular drug innovation: microbiome, metabolites, and personalized treatment strategies.","Harnessing the gut-heart axis for cardiovascular drug innovation: microbiome, metabolites, and personalized treatment strategies.",PENDING,,,PubMed_Central,,,
v3.1h-021,Concomitant use of warfarin and aspirin bleeding risk,DDI,R3,MULTI_ENTITY,41808861,chunk-41808861-001,Network toxicology reveals key genes of amiodarone induced pulmonary fibrosis: based on machine learning and SHAP analysis.,Network toxicology reveals key genes of amiodarone induced pulmonary fibrosis: based on machine learning and SHAP analysis.,PENDING,,,PubMed_Central,,,
v3.1h-021,Concomitant use of warfarin and aspirin bleeding risk,DDI,R3,MULTI_ENTITY,41811250,chunk-41811250-001,Influence of transporter polymorphisms on digoxin serum concentrations: a systematic review and meta-analysis.,Influence of transporter polymorphisms on digoxin serum concentrations: a systematic review and meta-analysis.,PENDING,,,PubMed_Central,,,
v3.1h-021,Concomitant use of warfarin and aspirin bleeding risk,DDI,R3,MULTI_ENTITY,41818114,chunk-41818114-001,Dabigatran-induced Gastrointestinal Bleed Treated by 4-factor Prothrombin Complex Concentrate in a Tertiary Care Hospital in Sikkim.,Dabigatran-induced Gastrointestinal Bleed Treated by 4-factor Prothrombin Complex Concentrate in a Tertiary Care Hospital in Sikkim.,PENDING,,,PubMed_Central,,,
v3.1h-021,Concomitant use of warfarin and aspirin bleeding risk,DDI,R3,MULTI_ENTITY,41828566,chunk-41828566-001,"Integrating Network Toxicology, Machine Learning, and Molecular Dynamics to Explore the Molecular Network of Triclosan-Induced Acute Myocardial Infarction.","Integrating Network Toxicology, Machine Learning, and Molecular Dynamics to Explore the Molecular Network of Triclosan-Induced Acute Myocardial Infarction.",PENDING,,,PubMed_Central,,,
v3.1h-021,Concomitant use of warfarin and aspirin bleeding risk,DDI,R3,MULTI_ENTITY,41833262,chunk-41833262-001,Pearls and Pitfalls for the Emergency Clinician: Beta Blocker and Calcium Channel Blocker Toxicity.,Pearls and Pitfalls for the Emergency Clinician: Beta Blocker and Calcium Channel Blocker Toxicity.,PENDING,,,PubMed_Central,,,
v3.1h-021,Concomitant use of warfarin and aspirin bleeding risk,DDI,R3,MULTI_ENTITY,41839242,chunk-41839242-001,ABI3BP protects against cerebral ischemia-reperfusion injury by preserving blood-brain barrier integrity and activating PI3K/Akt signaling.,ABI3BP protects against cerebral ischemia-reperfusion injury by preserving blood-brain barrier integrity and activating PI3K/Akt signaling.,PENDING,,,PubMed_Central,,,
v3.1h-021,Concomitant use of warfarin and aspirin bleeding risk,DDI,R3,MULTI_ENTITY,41840835,chunk-41840835-001,Signal detection of drug-induced esophageal ulcer across 20 years of real-world study: Focus on 49 high-risk medicines.,Signal detection of drug-induced esophageal ulcer across 20 years of real-world study: Focus on 49 high-risk medicines.,PENDING,,,PubMed_Central,,,
v3.1h-021,Concomitant use of warfarin and aspirin bleeding risk,DDI,R3,MULTI_ENTITY,41846702,chunk-41846702-001,Acute Myocardial Infarction Secondary to Triple Vessel Coronary Artery Disease in a 31-year-old Female with Systemic Lupus Erythematosus: Case Report and Review of Literature.,Acute Myocardial Infarction Secondary to Triple Vessel Coronary Artery Disease in a 31-year-old Female with Systemic Lupus Erythematosus: Case Report and Review of Literature.,PENDING,,,PubMed_Central,,,
v3.1h-021,Concomitant use of warfarin and aspirin bleeding risk,DDI,R3,MULTI_ENTITY,41848246,chunk-41848246-001,[Nausea and dystonia in a woman with psychiatric illness].,[Nausea and dystonia in a woman with psychiatric illness].,PENDING,,,PubMed_Central,,,
v3.1h-021,Concomitant use of warfarin and aspirin bleeding risk,DDI,R3,MULTI_ENTITY,41858685,chunk-41858685-001,Impact of nutrition education intervention on dietary intake among pregnant women with hypothyroidism - A randomized controlled trial.,Impact of nutrition education intervention on dietary intake among pregnant women with hypothyroidism - A randomized controlled trial.,PENDING,,,PubMed_Central,,,
v3.1h-021,Concomitant use of warfarin and aspirin bleeding risk,DDI,R3,MULTI_ENTITY,41873481,chunk-41873481-001,Acceptance of recommendations by a pharmacogenetics clinic.,Acceptance of recommendations by a pharmacogenetics clinic.,PENDING,,,PubMed_Central,,,
v3.1h-021,Concomitant use of warfarin and aspirin bleeding risk,DDI,R3,MULTI_ENTITY,41924710,chunk-41924710-001,"DXM, CYP2D6-inhibiting antidepressants, piracetam, and glutamine: proposing a ketamine-class antidepressant regimen with existing drugs.","DXM, CYP2D6-inhibiting antidepressants, piracetam, and glutamine: proposing a ketamine-class antidepressant regimen with existing drugs.",PENDING,,,PubMed_Central,,,
v3.1h-021,Concomitant use of warfarin and aspirin bleeding risk,DDI,R3,MULTI_ENTITY,41976898,chunk-41976898-001,Anticoagulation Stewardship Program in the DOAC Era.,Anticoagulation Stewardship Program in the DOAC Era.,PENDING,,,PubMed_Central,,,
v3.1h-021,Concomitant use of warfarin and aspirin bleeding risk,DDI,R3,MULTI_ENTITY,41977337,chunk-41977337-001,Pharmacological Management of Thrombosis: Current State and Future Strategies.,Pharmacological Management of Thrombosis: Current State and Future Strategies.,PENDING,,,PubMed_Central,,,
v3.1h-021,Concomitant use of warfarin and aspirin bleeding risk,DDI,R3,MULTI_ENTITY,42005166,chunk-42005166-001,Inhibitor-Free Variant of the Cheung Regimen: Successful Adjunctive Therapy in Long-Standing Hypochondriasis With Prominent Somatic Features.,Inhibitor-Free Variant of the Cheung Regimen: Successful Adjunctive Therapy in Long-Standing Hypochondriasis With Prominent Somatic Features.,PENDING,,,PubMed_Central,,,
v3.1h-021,Concomitant use of warfarin and aspirin bleeding risk,DDI,R3,MULTI_ENTITY,42007940,chunk-42007940-001,Acute pharmaceutical poisoning as a cause of seizure events: a database analysis (2011-2023).,Acute pharmaceutical poisoning as a cause of seizure events: a database analysis (2011-2023).,PENDING,,,PubMed_Central,,,
v3.1h-021,Concomitant use of warfarin and aspirin bleeding risk,DDI,R3,MULTI_ENTITY,42034022,chunk-42034022-001,Lower dosing of Loxoprofen in type two diabetics with bone fractures/surgeries; Distinction from common NSAIDs.,Lower dosing of Loxoprofen in type two diabetics with bone fractures/surgeries; Distinction from common NSAIDs.,PENDING,,,PubMed_Central,,,
v3.1h-021,Concomitant use of warfarin and aspirin bleeding risk,DDI,R3,MULTI_ENTITY,42045358,chunk-42045358-001,Prevalence of drug-induced interstitial lung disease in Saudi Arabia: a real-world data study.,Prevalence of drug-induced interstitial lung disease in Saudi Arabia: a real-world data study.,PENDING,,,PubMed_Central,,,
v3.1h-021,Concomitant use of warfarin and aspirin bleeding risk,DDI,R3,MULTI_ENTITY,42055120,chunk-42055120-001,"Impact of Fluoxetine Brain Concentrations, Plasma Exposure, and Neurometabolism on Depressive and Anxiety Symptoms in Adolescents: A Multimodal Fluorine and Proton Magnetic Resonance Spectroscopy Study.","Impact of Fluoxetine Brain Concentrations, Plasma Exposure, and Neurometabolism on Depressive and Anxiety Symptoms in Adolescents: A Multimodal Fluorine and Proton Magnetic Resonance Spectroscopy Study.",PENDING,,,PubMed_Central,,,
v3.1h-021,Concomitant use of warfarin and aspirin bleeding risk,DDI,R3,MULTI_ENTITY,42063765,chunk-42063765-001,Evaluation of community pharmacists' knowledge and real-world practices in drug interaction management: a cross-sectional study.,Evaluation of community pharmacists' knowledge and real-world practices in drug interaction management: a cross-sectional study.,PENDING,,,PubMed_Central,,,
v3.1h-021,Concomitant use of warfarin and aspirin bleeding risk,DDI,R3,MULTI_ENTITY,42087312,chunk-42087312-001,Anticoagulation in Patients With Gastrointestinal Disease.,Anticoagulation in Patients With Gastrointestinal Disease.,PENDING,,,PubMed_Central,,,
v3.1h-021,Concomitant use of warfarin and aspirin bleeding risk,DDI,R3,MULTI_ENTITY,42121128,chunk-42121128-001,Evaluation of drugs and risk factors requiring therapeutic drug monitoring in the Neonatal Intensive Care Unit: a retrospective study.,Evaluation of drugs and risk factors requiring therapeutic drug monitoring in the Neonatal Intensive Care Unit: a retrospective study.,PENDING,,,PubMed_Central,,,
v3.1h-021,Concomitant use of warfarin and aspirin bleeding risk,DDI,R3,MULTI_ENTITY,42125454,chunk-42125454-001,Milnacipran continuation during pregnancy in a patient with severe post-traumatic stress disorder and psychotic depression: a case report with 3-year pediatric follow-up.,Milnacipran continuation during pregnancy in a patient with severe post-traumatic stress disorder and psychotic depression: a case report with 3-year pediatric follow-up.,PENDING,,,PubMed_Central,,,
v3.1h-021,Concomitant use of warfarin and aspirin bleeding risk,DDI,R3,MULTI_ENTITY,42128628,chunk-42128628-001,Comparative efficacy and safety of apixaban and rivaroxaban versus warfarin in atrial fibrillation patients with end-stage renal disease: a systematic review and meta-analysis.,Comparative efficacy and safety of apixaban and rivaroxaban versus warfarin in atrial fibrillation patients with end-stage renal disease: a systematic review and meta-analysis.,PENDING,,,PubMed_Central,,,
v3.1h-021,Concomitant use of warfarin and aspirin bleeding risk,DDI,R3,MULTI_ENTITY,42128899,chunk-42128899-001,Cilostazol mitigates amiodarone-induced pulmonary toxicity and fibrosis by regulating the cAMP/TGF-β1 pathway-mediated epithelial-to-mesenchymal transition in rats.,Cilostazol mitigates amiodarone-induced pulmonary toxicity and fibrosis by regulating the cAMP/TGF-β1 pathway-mediated epithelial-to-mesenchymal transition in rats.,PENDING,,,PubMed_Central,,,
v3.1h-021,Concomitant use of warfarin and aspirin bleeding risk,DDI,R3,MULTI_ENTITY,42150307,chunk-42150307-001,Metabolomic signatures of SSRI exposure during neural differentiation and correlation of lysophosphatidylcholines with early symptoms of neurodevelopmental disorders.,Metabolomic signatures of SSRI exposure during neural differentiation and correlation of lysophosphatidylcholines with early symptoms of neurodevelopmental disorders.,PENDING,,,PubMed_Central,,,
v3.1h-021,Concomitant use of warfarin and aspirin bleeding risk,DDI,R3,MULTI_ENTITY,42159622,chunk-42159622-001,The hidden impact of renal impairment on ribociclib exposure and co-medications: a case report.,The hidden impact of renal impairment on ribociclib exposure and co-medications: a case report.,PENDING,,,PubMed_Central,,,
v3.1h-021,Concomitant use of warfarin and aspirin bleeding risk,DDI,R3,MULTI_ENTITY,42181774,chunk-42181774-001,Transient abnormal acylcarnitine profile in newborn screening mimicking multiple acyl-Coenzyme A dehydrogenase deficiency associated with maternal sertraline use.,Transient abnormal acylcarnitine profile in newborn screening mimicking multiple acyl-Coenzyme A dehydrogenase deficiency associated with maternal sertraline use.,PENDING,,,PubMed_Central,,,
v3.1h-021,Concomitant use of warfarin and aspirin bleeding risk,DDI,R3,MULTI_ENTITY,42192153,chunk-42192153-001,Folic acid attenuates maternal sertraline-induced hepatic injury in rat offspring.,Folic acid attenuates maternal sertraline-induced hepatic injury in rat offspring.,PENDING,,,PubMed_Central,,,
v3.1h-021,Concomitant use of warfarin and aspirin bleeding risk,DDI,R3,MULTI_ENTITY,42206096,chunk-42206096-001,"Anticoagulation associated intracerebral haemorrhage trends, treatment and outcomes in a metropolitan cohort: analysed by availability of specific versus non-specific reversal agents.","Anticoagulation associated intracerebral haemorrhage trends, treatment and outcomes in a metropolitan cohort: analysed by availability of specific versus non-specific reversal agents.",PENDING,,,PubMed_Central,,,
v3.1h-021,Concomitant use of warfarin and aspirin bleeding risk,DDI,R3,MULTI_ENTITY,42216360,chunk-42216360-001,Real-world off-label apixaban dosing and clinical outcomes in patients with heart failure and end-stage kidney disease.,Real-world off-label apixaban dosing and clinical outcomes in patients with heart failure and end-stage kidney disease.,PENDING,,,PubMed_Central,,,
v3.1h-021,Concomitant use of warfarin and aspirin bleeding risk,DDI,R3,MULTI_ENTITY,42238941,chunk-42238941-001,"A Cross-Sectional Study on Oral Anticoagulant Utilization and Adverse Drug Reactions at Teaching Hospital, Iran.","A Cross-Sectional Study on Oral Anticoagulant Utilization and Adverse Drug Reactions at Teaching Hospital, Iran.",PENDING,,,PubMed_Central,,,
v3.1h-021,Concomitant use of warfarin and aspirin bleeding risk,DDI,R3,MULTI_ENTITY,42246839,chunk-42246839-001,Routine blood monitoring in acne vulgaris patients on isotretinoin: Is reassessment warranted? A retrospective cohort study from Tygerberg Hospital.,Routine blood monitoring in acne vulgaris patients on isotretinoin: Is reassessment warranted? A retrospective cohort study from Tygerberg Hospital.,PENDING,,,PubMed_Central,,,
v3.1h-021,Concomitant use of warfarin and aspirin bleeding risk,DDI,R3,MULTI_ENTITY,42254302,chunk-42254302-001,Current Trends in NSAID Prescribing for Osteoarthritis and Axial Spondyloarthritis: Insights From Moroccan Rheumatologists Practices.,Current Trends in NSAID Prescribing for Osteoarthritis and Axial Spondyloarthritis: Insights From Moroccan Rheumatologists Practices.,PENDING,,,PubMed_Central,,,
v3.1h-021,Concomitant use of warfarin and aspirin bleeding risk,DDI,R3,MULTI_ENTITY,42267072,chunk-42267072-001,A Case of Prolonged Serotonin Toxicity After Fluoxetine Ingestion in an Adolescent Patient.,A Case of Prolonged Serotonin Toxicity After Fluoxetine Ingestion in an Adolescent Patient.,PENDING,,,PubMed_Central,,,
v3.1h-021,Concomitant use of warfarin and aspirin bleeding risk,DDI,R3,MULTI_ENTITY,42269153,chunk-42269153-001,Antidotes for Anticoagulation Reversal.,Antidotes for Anticoagulation Reversal.,PENDING,,,PubMed_Central,,,
v3.1h-021,Concomitant use of warfarin and aspirin bleeding risk,DDI,R3,MULTI_ENTITY,42292838,chunk-42292838-001,Pharmacological pitfalls in inpatient lung transplant care and management of medication risks.,Pharmacological pitfalls in inpatient lung transplant care and management of medication risks.,PENDING,,,PubMed_Central,,,
v3.1h-021,Concomitant use of warfarin and aspirin bleeding risk,DDI,R3,MULTI_ENTITY,42293737,chunk-42293737-001,A UK-wide analysis of the use of reversal agents in 198 patients on direct oral anticoagulants prior to urgent procedures.,A UK-wide analysis of the use of reversal agents in 198 patients on direct oral anticoagulants prior to urgent procedures.,PENDING,,,PubMed_Central,,,
v3.1h-021,Concomitant use of warfarin and aspirin bleeding risk,DDI,R3,MULTI_ENTITY,42294746,chunk-42294746-001,[Which aldosterone antagonist? Choosing between sprionolactone and the novel drug finerenone].,[Which aldosterone antagonist? Choosing between sprionolactone and the novel drug finerenone].,PENDING,,,PubMed_Central,,,
v3.1h-021,Concomitant use of warfarin and aspirin bleeding risk,DDI,R3,MULTI_ENTITY,42295720,chunk-42295720-001,Continuous alternate day vs intermittent daily fixed doses of oral isotretinoin in grade 2 acne vulgaris.,Continuous alternate day vs intermittent daily fixed doses of oral isotretinoin in grade 2 acne vulgaris.,PENDING,,,PubMed_Central,,,
v3.1h-021,Concomitant use of warfarin and aspirin bleeding risk,DDI,R3,MULTI_ENTITY,42306636,chunk-42306636-001,Unexpected Improvement of Obsessive-Compulsive Disorder Symptoms Following the Mistaken Prescription of Clomiphene: A Novel Perspective on Hormonal Influences in OCD.,Unexpected Improvement of Obsessive-Compulsive Disorder Symptoms Following the Mistaken Prescription of Clomiphene: A Novel Perspective on Hormonal Influences in OCD.,PENDING,,,PubMed_Central,,,
v3.1h-021,Concomitant use of warfarin and aspirin bleeding risk,DDI,R3,MULTI_ENTITY,42318218,chunk-42318218-001,A case report and literature review of proton pump inhibitors inducing insulin autoimmune syndrome.,A case report and literature review of proton pump inhibitors inducing insulin autoimmune syndrome.,PENDING,,,PubMed_Central,,,
v3.1h-021,Concomitant use of warfarin and aspirin bleeding risk,DDI,R3,MULTI_ENTITY,42326111,chunk-42326111-001,Lascufloxacin-Induced QT Prolongation in an Elderly Patient Treated With Escitalopram: A Case Report.,Lascufloxacin-Induced QT Prolongation in an Elderly Patient Treated With Escitalopram: A Case Report.,PENDING,,,PubMed_Central,,,
v3.1h-021,Concomitant use of warfarin and aspirin bleeding risk,DDI,R3,MULTI_ENTITY,42327596,chunk-42327596-001,Thrombosis and Survival after Prothrombin Complex Concentrate Use to treat Oral Anticoagulant Associated Haemorrhage.,Thrombosis and Survival after Prothrombin Complex Concentrate Use to treat Oral Anticoagulant Associated Haemorrhage.,PENDING,,,PubMed_Central,,,
v3.1h-021,Concomitant use of warfarin and aspirin bleeding risk,DDI,R3,MULTI_ENTITY,42332214,chunk-42332214-001,Optimizing Amiodarone Maintenance Dose to Minimize N-Desethylamiodarone Accumulation and Pulmonary Toxicity: Insights from Machine Learning and Pharmacokinetic Simulation.,Optimizing Amiodarone Maintenance Dose to Minimize N-Desethylamiodarone Accumulation and Pulmonary Toxicity: Insights from Machine Learning and Pharmacokinetic Simulation.,PENDING,,,PubMed_Central,,,
v3.1h-021,Concomitant use of warfarin and aspirin bleeding risk,DDI,R3,MULTI_ENTITY,42332506,chunk-42332506-001,Pachydermoperiostosis (Touraine-Solente-Gole syndrome): A case report and literature review.,Pachydermoperiostosis (Touraine-Solente-Gole syndrome): A case report and literature review.,PENDING,,,PubMed_Central,,,
v3.1h-021,Concomitant use of warfarin and aspirin bleeding risk,DDI,R3,MULTI_ENTITY,42349978,chunk-42349978-001,New Agents for Acne Treatment and Updates to Isotretinoin Guidelines.,New Agents for Acne Treatment and Updates to Isotretinoin Guidelines.,PENDING,,,PubMed_Central,,,
v3.1h-021,Concomitant use of warfarin and aspirin bleeding risk,DDI,R3,MULTI_ENTITY,42359186,chunk-42359186-001,Early-Onset Amiodarone Pulmonary Toxicity at a Standard Maintenance Dose Masquerading as Decompensated Heart Failure: A Case Report and Literature Review.,Early-Onset Amiodarone Pulmonary Toxicity at a Standard Maintenance Dose Masquerading as Decompensated Heart Failure: A Case Report and Literature Review.,PENDING,,,PubMed_Central,,,
v3.1h-021,Concomitant use of warfarin and aspirin bleeding risk,DDI,R3,MULTI_ENTITY,42364820,chunk-42364820-001,Finerenone: a next-generation nonsteroidal mineralocorticoid receptor antagonist reshaping the management of cardiovascular and metabolic diseases.,Finerenone: a next-generation nonsteroidal mineralocorticoid receptor antagonist reshaping the management of cardiovascular and metabolic diseases.,PENDING,,,PubMed_Central,,,
v3.1h-021,Concomitant use of warfarin and aspirin bleeding risk,DDI,R3,MULTI_ENTITY,42366387,chunk-42366387-001,Cannabidiol as an adjunct in refractory paroxysmal sympathetic hyperactivity following severe traumatic brain injury: a case report.,Cannabidiol as an adjunct in refractory paroxysmal sympathetic hyperactivity following severe traumatic brain injury: a case report.,PENDING,,,PubMed_Central,,,
v3.1h-021,Concomitant use of warfarin and aspirin bleeding risk,DDI,R3,MULTI_ENTITY,42366486,chunk-42366486-001,Finerenone and Cardiorenal Outcomes: A Narrative Review.,Finerenone and Cardiorenal Outcomes: A Narrative Review.,PENDING,,,PubMed_Central,,,
v3.1h-021,Concomitant use of warfarin and aspirin bleeding risk,DDI,R3,MULTI_ENTITY,42368238,chunk-42368238-001,"Optimized Oral Glutamatergic Augmentation in Refractory Home-Dominant Contamination Obsessive-Compulsive Disorder With Somatic, Affective, and Motivational Features: A Case Report of Incremental Functional Gains.","Optimized Oral Glutamatergic Augmentation in Refractory Home-Dominant Contamination Obsessive-Compulsive Disorder With Somatic, Affective, and Motivational Features: A Case Report of Incremental Functional Gains.",PENDING,,,PubMed_Central,,,
v3.1h-021,Concomitant use of warfarin and aspirin bleeding risk,DDI,R3,MULTI_ENTITY,42371403,chunk-42371403-001,Does gabapentin add value to multimodal analgesia in thoracic surgery? A procedure-specific meta-analysis.,Does gabapentin add value to multimodal analgesia in thoracic surgery? A procedure-specific meta-analysis.,PENDING,,,PubMed_Central,,,
v3.1h-021,Concomitant use of warfarin and aspirin bleeding risk,DDI,R3,MULTI_ENTITY,42374912,chunk-42374912-001,Risk of Hyperkalemia in Patients with Heart Failure Treated with Spironolactone in Combination with Sacubitril/Valsartan vs. Renin-Angiotensin System Inhibitors.,Risk of Hyperkalemia in Patients with Heart Failure Treated with Spironolactone in Combination with Sacubitril/Valsartan vs. Renin-Angiotensin System Inhibitors.,PENDING,,,PubMed_Central,,,
v3.1h-021,Concomitant use of warfarin and aspirin bleeding risk,DDI,R3,MULTI_ENTITY,42394350,chunk-42394350-001,"The DOAC-FRAIL Study-Same Dose, Different Story: Prevalence of Deviant Direct Oral Anticoagulant Levels in Nursing Home Residents.","The DOAC-FRAIL Study-Same Dose, Different Story: Prevalence of Deviant Direct Oral Anticoagulant Levels in Nursing Home Residents.",PENDING,,,PubMed_Central,,,
v3.1h-021,Concomitant use of warfarin and aspirin bleeding risk,DDI,R3,MULTI_ENTITY,42398817,chunk-42398817-001,Rediscovering digitalis in heart failure with reduced ejection fraction: Current evidence and expert survey on contemporary use.,Rediscovering digitalis in heart failure with reduced ejection fraction: Current evidence and expert survey on contemporary use.,PENDING,,,PubMed_Central,,,
v3.1h-021,Concomitant use of warfarin and aspirin bleeding risk,DDI,R3,MULTI_ENTITY,42413824,chunk-42413824-001,Direct oral anticoagulant use and drug-drug interactions in transplant recipients receiving calcineurin inhibitors.,Direct oral anticoagulant use and drug-drug interactions in transplant recipients receiving calcineurin inhibitors.,PENDING,,,PubMed_Central,,,
v3.1h-021,Concomitant use of warfarin and aspirin bleeding risk,DDI,R3,MULTI_ENTITY,42415794,chunk-42415794-001,Pharmacovigilance profiles of three generations of mineralocorticoid receptor antagonists and network toxicology analysis.,Pharmacovigilance profiles of three generations of mineralocorticoid receptor antagonists and network toxicology analysis.,PENDING,,,PubMed_Central,,,
v3.1h-021,Concomitant use of warfarin and aspirin bleeding risk,DDI,R3,MULTI_ENTITY,42429832,chunk-42429832-001,Current perspectives on natural and pharmacological interventions for combating drug-induced pulmonary toxicity.,Current perspectives on natural and pharmacological interventions for combating drug-induced pulmonary toxicity.,PENDING,,,PubMed_Central,,,
v3.1h-021,Concomitant use of warfarin and aspirin bleeding risk,DDI,R3,MULTI_ENTITY,42431357,chunk-42431357-001,"Oral use of anxiolytic, sedative, and anaesthetic medications in domestic cats (Felis catus): A scoping review.","Oral use of anxiolytic, sedative, and anaesthetic medications in domestic cats (Felis catus): A scoping review.",PENDING,,,PubMed_Central,,,
v3.1h-021,Concomitant use of warfarin and aspirin bleeding risk,DDI,R3,MULTI_ENTITY,42436620,chunk-42436620-001,Research on drug interactions and efficacy optimization of combined medication for elderly patients with ischemic cerebrovascular disease in Guangxi Zhuang Autonomous Region.,Research on drug interactions and efficacy optimization of combined medication for elderly patients with ischemic cerebrovascular disease in Guangxi Zhuang Autonomous Region.,PENDING,,,PubMed_Central,,,
v3.1h-021,Concomitant use of warfarin and aspirin bleeding risk,DDI,R3,MULTI_ENTITY,42437608,chunk-42437608-001,"Influence of prior administration of gabapentin and integrative practices on sedation scores, physiological parameters, and propofol requirement in cats sedated with dexmedetomidine.","Influence of prior administration of gabapentin and integrative practices on sedation scores, physiological parameters, and propofol requirement in cats sedated with dexmedetomidine.",PENDING,,,PubMed_Central,,,
v3.1h-021,Concomitant use of warfarin and aspirin bleeding risk,DDI,R3,MULTI_ENTITY,42438486,chunk-42438486-001,"A first-in-human study evaluating safety, PK, and PD of a novel universal anticoagulant reversal agent, OKL-1111.","A first-in-human study evaluating safety, PK, and PD of a novel universal anticoagulant reversal agent, OKL-1111.",PENDING,,,PubMed_Central,,,
v3.1h-021,Concomitant use of warfarin and aspirin bleeding risk,DDI,R3,MULTI_ENTITY,42438581,chunk-42438581-001,Unmasking Refractory Hypothyroidism: Persistent Iron-Levothyroxine Interaction Despite Appropriate Dose Separation.,Unmasking Refractory Hypothyroidism: Persistent Iron-Levothyroxine Interaction Despite Appropriate Dose Separation.,PENDING,,,PubMed_Central,,,
v3.1h-021,Concomitant use of warfarin and aspirin bleeding risk,DDI,R3,MULTI_ENTITY,42448258,chunk-42448258-001,Anticoagulant Regimen for Nonvalvular Atrial Fibrillation in the Elderly and Frail Population.,Anticoagulant Regimen for Nonvalvular Atrial Fibrillation in the Elderly and Frail Population.,PENDING,,,PubMed_Central,,,
v3.1h-021,Concomitant use of warfarin and aspirin bleeding risk,DDI,R3,MULTI_ENTITY,42458467,chunk-42458467-001,"Use of prescription medications potentially harmful during pregnancy among women of reproductive age by pregnancy status and contraceptive use in the United States, 2009-2020.","Use of prescription medications potentially harmful during pregnancy among women of reproductive age by pregnancy status and contraceptive use in the United States, 2009-2020.",PENDING,,,PubMed_Central,,,
v3.1h-021,Concomitant use of warfarin and aspirin bleeding risk,DDI,R3,MULTI_ENTITY,42461919,chunk-42461919-001,Signal mining and analysis of adverse events associated with Isotretinoin: A 20-Year real-world pharmacovigilance study based on FAERS and EudraVigilance databases.,Signal mining and analysis of adverse events associated with Isotretinoin: A 20-Year real-world pharmacovigilance study based on FAERS and EudraVigilance databases.,PENDING,,,PubMed_Central,,,
v3.1h-021,Concomitant use of warfarin and aspirin bleeding risk,DDI,R3,MULTI_ENTITY,42462752,chunk-42462752-001,Risk of fracture with gabapentinoid treatment in older adults: a multinational population-based study.,Risk of fracture with gabapentinoid treatment in older adults: a multinational population-based study.,PENDING,,,PubMed_Central,,,
v3.1h-021,Concomitant use of warfarin and aspirin bleeding risk,DDI,R3,MULTI_ENTITY,42466914,chunk-42466914-001,Amiodarone-induced pulmonary toxicity: case series and review of clinical-radiological correlations.,Amiodarone-induced pulmonary toxicity: case series and review of clinical-radiological correlations.,PENDING,,,PubMed_Central,,,
v3.1h-021,Concomitant use of warfarin and aspirin bleeding risk,DDI,R3,MULTI_ENTITY,42475421,chunk-42475421-001,"Vascular Endothelial Growth Factor Receptor 1-Blocking Antibody Improves Endothelial Structure, Kidney Function, and GFR in Diabetic Mice.","Vascular Endothelial Growth Factor Receptor 1-Blocking Antibody Improves Endothelial Structure, Kidney Function, and GFR in Diabetic Mice.",PENDING,,,PubMed_Central,,,
v3.1h-021,Concomitant use of warfarin and aspirin bleeding risk,DDI,R3,MULTI_ENTITY,42481856,chunk-42481856-001,Integrating Clinical Evidence with PBPK Modeling to Assess PPI-Clopidogrel-CYP2C19 Interactions in Chinese ACS Patients.,Integrating Clinical Evidence with PBPK Modeling to Assess PPI-Clopidogrel-CYP2C19 Interactions in Chinese ACS Patients.,PENDING,,,PubMed_Central,,,
v3.1h-021,Concomitant use of warfarin and aspirin bleeding risk,DDI,R3,MULTI_ENTITY,42483729,chunk-42483729-001,"Once-Nightly Pregabalin for Co-Occurring Nightmares, Poor Sleep, and Headaches: A Case Series.","Once-Nightly Pregabalin for Co-Occurring Nightmares, Poor Sleep, and Headaches: A Case Series.",PENDING,,,PubMed_Central,,,
v3.1h-021,Concomitant use of warfarin and aspirin bleeding risk,DDI,R3,MULTI_ENTITY,42484991,chunk-42484991-001,Budget Impact of Eplerenone for Heart Failure with Reduced Ejection Fraction: National Perspective and Regional Implications in Italy.,Budget Impact of Eplerenone for Heart Failure with Reduced Ejection Fraction: National Perspective and Regional Implications in Italy.,PENDING,,,PubMed_Central,,,
v3.1h-021,Concomitant use of warfarin and aspirin bleeding risk,DDI,R3,MULTI_ENTITY,42489609,chunk-42489609-001,Cilostazol-Induced Digoxin Toxicity Presenting as Accelerated Idioventricular Rhythm and Recurrent Syncope.,Cilostazol-Induced Digoxin Toxicity Presenting as Accelerated Idioventricular Rhythm and Recurrent Syncope.,PENDING,,,PubMed_Central,,,
v3.1h-021,Concomitant use of warfarin and aspirin bleeding risk,DDI,R3,MULTI_ENTITY,42497636,chunk-42497636-001,Macrophage membrane camouflaged biomimetic nanomedicine for normalizing electrical dysfunction and inflammation pathology in atrial fibrillation.,Macrophage membrane camouflaged biomimetic nanomedicine for normalizing electrical dysfunction and inflammation pathology in atrial fibrillation.,PENDING,,,PubMed_Central,,,
v3.1h-021,Concomitant use of warfarin and aspirin bleeding risk,DDI,R3,MULTI_ENTITY,42499456,chunk-42499456-001,"Association of Proximal Tubule Secretion With Hyperkalemia Risk, Treatment Response, and Outcomes in Heart Failure With Preserved Ejection Fraction.","Association of Proximal Tubule Secretion With Hyperkalemia Risk, Treatment Response, and Outcomes in Heart Failure With Preserved Ejection Fraction.",PENDING,,,PubMed_Central,,,
v3.1h-021,Concomitant use of warfarin and aspirin bleeding risk,DDI,R3,MULTI_ENTITY,42515713,chunk-42515713-001,CYP2D6 Metabolizer Phenotype Is Associated with Early Antidepressant Discontinuation in the UK Biobank.,CYP2D6 Metabolizer Phenotype Is Associated with Early Antidepressant Discontinuation in the UK Biobank.,PENDING,,,PubMed_Central,,,
v3.1h-021,Concomitant use of warfarin and aspirin bleeding risk,DDI,R3,MULTI_ENTITY,42522519,chunk-42522519-001,Examining the safety of dermatological and surgical procedures in patients undergoing systemic isotretinoin therapy: An updated review.,Examining the safety of dermatological and surgical procedures in patients undergoing systemic isotretinoin therapy: An updated review.,PENDING,,,PubMed_Central,,,
v3.1h-021,Concomitant use of warfarin and aspirin bleeding risk,DDI,R3,MULTI_ENTITY,42527260,chunk-42527260-001,Gabapentin for Postoperative Analgesia in Cardiac Surgery via Sternotomy: A Systematic Review and Meta-Analysis of Randomized Controlled Trials.,Gabapentin for Postoperative Analgesia in Cardiac Surgery via Sternotomy: A Systematic Review and Meta-Analysis of Randomized Controlled Trials.,PENDING,,,PubMed_Central,,,
v3.1h-021,Concomitant use of warfarin and aspirin bleeding risk,DDI,R3,MULTI_ENTITY,42528583,chunk-42528583-001,Amiodarone-induced granulomatous lung injury mimicking organizing pneumonia: a case report.,Amiodarone-induced granulomatous lung injury mimicking organizing pneumonia: a case report.,PENDING,,,PubMed_Central,,,
v3.1h-021,Concomitant use of warfarin and aspirin bleeding risk,DDI,R3,MULTI_ENTITY,42546121,chunk-42546121-001,Direct Oral Anticoagulants for Atrial Fibrillation in Patients Receiving Hemodialysis: A Review and Discussion of Evidence.,Direct Oral Anticoagulants for Atrial Fibrillation in Patients Receiving Hemodialysis: A Review and Discussion of Evidence.,PENDING,,,PubMed_Central,,,
v3.1h-021,Concomitant use of warfarin and aspirin bleeding risk,DDI,R3,MULTI_ENTITY,42558881,chunk-42558881-001,Drug-associated psoriasis: a pharmacovigilance study based on the FAERS database.,Drug-associated psoriasis: a pharmacovigilance study based on the FAERS database.,PENDING,,,PubMed_Central,,,
v3.1h-021,Concomitant use of warfarin and aspirin bleeding risk,DDI,R3,MULTI_ENTITY,42571795,chunk-42571795-001,Mechanistic insights into cytochrome P450 inhibition by progesterone and its impact on fluoxetine pharmacokinetics.,Mechanistic insights into cytochrome P450 inhibition by progesterone and its impact on fluoxetine pharmacokinetics.,PENDING,,,PubMed_Central,,,
v3.1h-021,Concomitant use of warfarin and aspirin bleeding risk,DDI,R3,MULTI_ENTITY,42573610,chunk-42573610-001,Paracetamol-induced hepatic injury following intentional self-poisoning: a case report and therapeutic considerations.,Paracetamol-induced hepatic injury following intentional self-poisoning: a case report and therapeutic considerations.,PENDING,,,PubMed_Central,,,
v3.1h-021,Concomitant use of warfarin and aspirin bleeding risk,DDI,R3,MULTI_ENTITY,42580175,chunk-42580175-001,"Iodine excess in relation to decreased free thyroxine levels during pregnancy in an iodine-sufficient region, and potential interactions with iron and selenium.","Iodine excess in relation to decreased free thyroxine levels during pregnancy in an iodine-sufficient region, and potential interactions with iron and selenium.",PENDING,,,PubMed_Central,,,
v3.1h-021,Concomitant use of warfarin and aspirin bleeding risk,DDI,R3,MULTI_ENTITY,42580545,chunk-42580545-001,Non-steroidal anti-inflammatory drugs and CYP2C9 - Impacts of genetics and phenoconversion on the risk of adverse effects.,Non-steroidal anti-inflammatory drugs and CYP2C9 - Impacts of genetics and phenoconversion on the risk of adverse effects.,PENDING,,,PubMed_Central,,,
v3.1h-021,Concomitant use of warfarin and aspirin bleeding risk,DDI,R3,MULTI_ENTITY,42584699,chunk-42584699-001,"The ""obesity paradox"" in dosing: a comprehensive analytical review of cockcroft-gault versus CKD-EPI for predicting clearance of narrow-therapeutic-index drugs in patients with BMI > 40 kg/m².","The ""obesity paradox"" in dosing: a comprehensive analytical review of cockcroft-gault versus CKD-EPI for predicting clearance of narrow-therapeutic-index drugs in patients with BMI > 40 kg/m².",PENDING,,,PubMed_Central,,,
v3.1h-021,Concomitant use of warfarin and aspirin bleeding risk,DDI,R3,MULTI_ENTITY,42586461,chunk-42586461-001,Pharmacogenomic and drug interactions risk in cardio-oncology: A precision medicine perspective for India.,Pharmacogenomic and drug interactions risk in cardio-oncology: A precision medicine perspective for India.,PENDING,,,PubMed_Central,,,
v3.1h-021,Concomitant use of warfarin and aspirin bleeding risk,DDI,R3,MULTI_ENTITY,42587752,chunk-42587752-001,Rapid Volumetric Bioprinting Coupled with Dynamic Perfusion Enhances Human Hepatic Organoid Toxicity Testing.,Rapid Volumetric Bioprinting Coupled with Dynamic Perfusion Enhances Human Hepatic Organoid Toxicity Testing.,PENDING,,,PubMed_Central,,,
v3.1h-021,Concomitant use of warfarin and aspirin bleeding risk,DDI,R3,MULTI_ENTITY,42590087,chunk-42590087-001,"Digoxin Dosing Errors, Drug Interactions and Off-Label Risks: Insights from an EudraVigilance Disproportionality Analysis.","Digoxin Dosing Errors, Drug Interactions and Off-Label Risks: Insights from an EudraVigilance Disproportionality Analysis.",PENDING,,,PubMed_Central,,,
v3.1h-021,Concomitant use of warfarin and aspirin bleeding risk,DDI,R3,MULTI_ENTITY,42591558,chunk-42591558-001,Physiologically based pharmacokinetic modeling of fluconazole: interpretation of gender-dependent pharmacokinetics and cytochrome P450 inhibition.,Physiologically based pharmacokinetic modeling of fluconazole: interpretation of gender-dependent pharmacokinetics and cytochrome P450 inhibition.,PENDING,,,PubMed_Central,,,
v3.1h-021,Concomitant use of warfarin and aspirin bleeding risk,DDI,R3,MULTI_ENTITY,42595037,chunk-42595037-001,Evidence for the Use of Steroidal Aldosterone Antagonists in Patients With Kidney Failure.,Evidence for the Use of Steroidal Aldosterone Antagonists in Patients With Kidney Failure.,PENDING,,,PubMed_Central,,,
v3.1h-021,Concomitant use of warfarin and aspirin bleeding risk,DDI,R3,MULTI_ENTITY,42595240,chunk-42595240-001,Xenobiotic-Induced Liver Injury in the United States: A 25-Year Retrospective Analysis of National Poison Data System.,Xenobiotic-Induced Liver Injury in the United States: A 25-Year Retrospective Analysis of National Poison Data System.,PENDING,,,PubMed_Central,,,
v3.1h-021,Concomitant use of warfarin and aspirin bleeding risk,DDI,R3,MULTI_ENTITY,42596979,chunk-42596979-001,Sertraline use in pregnancy and placental transfer: A pharmacokinetic prospective cohort study.,Sertraline use in pregnancy and placental transfer: A pharmacokinetic prospective cohort study.,PENDING,,,PubMed_Central,,,
v3.1h-021,Concomitant use of warfarin and aspirin bleeding risk,DDI,R3,MULTI_ENTITY,42598366,chunk-42598366-001,"A 76-Year-Old Man With Hemorrhagic Stroke, Recurrent Thromboembolic Events, and Atrial Fibrillation Under Optimal Medical Treatment: When Anticoagulants Fail.","A 76-Year-Old Man With Hemorrhagic Stroke, Recurrent Thromboembolic Events, and Atrial Fibrillation Under Optimal Medical Treatment: When Anticoagulants Fail.",PENDING,,,PubMed_Central,,,
v3.1h-021,Concomitant use of warfarin and aspirin bleeding risk,DDI,R3,MULTI_ENTITY,42603144,chunk-42603144-001,Differential Quantification of Cutibacterium acnes Phylotypes IA and IB/II on Healthy and Acne-Prone Human Skin.,Differential Quantification of Cutibacterium acnes Phylotypes IA and IB/II on Healthy and Acne-Prone Human Skin.,PENDING,,,PubMed_Central,,,
v3.1h-021,Concomitant use of warfarin and aspirin bleeding risk,DDI,R3,MULTI_ENTITY,42610101,chunk-42610101-001,Nature's Poison Pill: A Case of Digoxin-Like Toxicity From the Seed of the Ornamental Plant Thevetia peruviana.,Nature's Poison Pill: A Case of Digoxin-Like Toxicity From the Seed of the Ornamental Plant Thevetia peruviana.,PENDING,,,PubMed_Central,,,
v3.1h-021,Concomitant use of warfarin and aspirin bleeding risk,DDI,R3,MULTI_ENTITY,42618000,chunk-42618000-001,Pipamperone metabolism by various recombinant cytochrome preparations.,Pipamperone metabolism by various recombinant cytochrome preparations.,PENDING,,,PubMed_Central,,,
v3.1h-021,Concomitant use of warfarin and aspirin bleeding risk,DDI,R3,MULTI_ENTITY,42621983,chunk-42621983-001,Mass-Forming NSAID-Associated Colopathy Mimicking Right-Sided Colon Cancer: A Case Report.,Mass-Forming NSAID-Associated Colopathy Mimicking Right-Sided Colon Cancer: A Case Report.,PENDING,,,PubMed_Central,,,
v3.1h-021,Concomitant use of warfarin and aspirin bleeding risk,DDI,R3,MULTI_ENTITY,42622073,chunk-42622073-001,Assessment of Pharmacokinetic Interaction and Clinical Efficacy of Clopidogrel Co-administered with Ilaprazole.,Assessment of Pharmacokinetic Interaction and Clinical Efficacy of Clopidogrel Co-administered with Ilaprazole.,PENDING,,,PubMed_Central,,,
v3.1h-021,Concomitant use of warfarin and aspirin bleeding risk,DDI,R3,MULTI_ENTITY,42628776,chunk-42628776-001,Differentiating hepatic and renal toxicity reveals CYP-independent mechanisms of acetaminophen-induced acute kidney injury.,Differentiating hepatic and renal toxicity reveals CYP-independent mechanisms of acetaminophen-induced acute kidney injury.,PENDING,,,PubMed_Central,,,
v3.1h-021,Concomitant use of warfarin and aspirin bleeding risk,DDI,R3,MULTI_ENTITY,42628883,chunk-42628883-001,Effects of psychotropic medications on a placenta cell model: A functional study with BeWo cells.,Effects of psychotropic medications on a placenta cell model: A functional study with BeWo cells.,PENDING,,,PubMed_Central,,,
v3.1h-021,Concomitant use of warfarin and aspirin bleeding risk,DDI,R3,MULTI_ENTITY,42630019,chunk-42630019-001,Pharmacogenomics in Dentistry: From CYP-Mediated Drug Response to Precision Prescribing in Oral Healthcare.,Pharmacogenomics in Dentistry: From CYP-Mediated Drug Response to Precision Prescribing in Oral Healthcare.,PENDING,,,PubMed_Central,,,
v3.1h-021,Concomitant use of warfarin and aspirin bleeding risk,DDI,R3,MULTI_ENTITY,42631638,chunk-42631638-001,Diallyl trisulfide ameliorates acetaminophen-induced acute liver injury through the oxidative modification of CYP2E1 cysteine residues.,Diallyl trisulfide ameliorates acetaminophen-induced acute liver injury through the oxidative modification of CYP2E1 cysteine residues.,PENDING,,,PubMed_Central,,,
v3.1h-021,Concomitant use of warfarin and aspirin bleeding risk,DDI,R3,MULTI_ENTITY,42631653,chunk-42631653-001,Application of Physiologically Based Pharmacokinetic Modeling to Optimize Assessment of Age-Related Fluoxetine Accumulation in the Elderly.,Application of Physiologically Based Pharmacokinetic Modeling to Optimize Assessment of Age-Related Fluoxetine Accumulation in the Elderly.,PENDING,,,PubMed_Central,,,
v3.1h-021,Concomitant use of warfarin and aspirin bleeding risk,DDI,R3,MULTI_ENTITY,42632694,chunk-42632694-001,Oral co-delivery of quercetin and anthocyanins via dual-ligand nanoparticles alleviate obesity and associated metabolic disorders.,Oral co-delivery of quercetin and anthocyanins via dual-ligand nanoparticles alleviate obesity and associated metabolic disorders.,PENDING,,,PubMed_Central,,,
v3.1h-021,Concomitant use of warfarin and aspirin bleeding risk,DDI,R3,MULTI_ENTITY,42633086,chunk-42633086-001,Nivolumab after recurrent pembrolizumab-associated hepatotoxicity in PD-L1-high metastatic squamous non-small cell lung cancer: a case report.,Nivolumab after recurrent pembrolizumab-associated hepatotoxicity in PD-L1-high metastatic squamous non-small cell lung cancer: a case report.,PENDING,,,PubMed_Central,,,
v3.1h-021,Concomitant use of warfarin and aspirin bleeding risk,DDI,R3,MULTI_ENTITY,42636556,chunk-42636556-001,Multicenter Evaluation of Opioid Prescribing After Minimally Invasive Repair of Pectus Excavatum Before The 2024 American Academy of Pediatrics Guideline: Room to Improve.,Multicenter Evaluation of Opioid Prescribing After Minimally Invasive Repair of Pectus Excavatum Before The 2024 American Academy of Pediatrics Guideline: Room to Improve.,PENDING,,,PubMed_Central,,,
v3.1h-021,Concomitant use of warfarin and aspirin bleeding risk,DDI,R3,MULTI_ENTITY,42636576,chunk-42636576-001,"Real-world variability and factors associated with individual low-density-lipoprotein cholesterol response to different doses of atorvastatin, rosuvastatin, and simvastatin in 28,647 Chinese patients.","Real-world variability and factors associated with individual low-density-lipoprotein cholesterol response to different doses of atorvastatin, rosuvastatin, and simvastatin in 28,647 Chinese patients.",PENDING,,,PubMed_Central,,,
v3.1h-021,Concomitant use of warfarin and aspirin bleeding risk,DDI,R3,MULTI_ENTITY,42637515,chunk-42637515-001,An uncommon side effect of statins: perioral neuropathic symptoms.,An uncommon side effect of statins: perioral neuropathic symptoms.,PENDING,,,PubMed_Central,,,
v3.1h-021,Concomitant use of warfarin and aspirin bleeding risk,DDI,R3,MULTI_ENTITY,42638417,chunk-42638417-001,The Bacterial Metabolite Lndole-3-Propionic Acid Alleviates Acetaminophen-Induced Acute Liver Injury Partly through the Aryl Hydrocarbon Receptor Pathway.,The Bacterial Metabolite Lndole-3-Propionic Acid Alleviates Acetaminophen-Induced Acute Liver Injury Partly through the Aryl Hydrocarbon Receptor Pathway.,PENDING,,,PubMed_Central,,,
v3.1h-021,Concomitant use of warfarin and aspirin bleeding risk,DDI,R3,MULTI_ENTITY,42643702,chunk-42643702-001,Sex-Specific Safety Signals of Finerenone Versus Spironolactone: Insights From the FDA Adverse Event Reporting System.,Sex-Specific Safety Signals of Finerenone Versus Spironolactone: Insights From the FDA Adverse Event Reporting System.,PENDING,,,PubMed_Central,,,
v3.1h-021,Concomitant use of warfarin and aspirin bleeding risk,DDI,R3,MULTI_ENTITY,42645604,chunk-42645604-001,"Berberine-associated lipid-inflammatory regulation in atherosclerosis: an integrative transcriptomic, single-cell, and in vivo study.","Berberine-associated lipid-inflammatory regulation in atherosclerosis: an integrative transcriptomic, single-cell, and in vivo study.",PENDING,,,PubMed_Central,,,
v3.1h-021,Concomitant use of warfarin and aspirin bleeding risk,DDI,R3,MULTI_ENTITY,42647165,chunk-42647165-001,Pharmacotherapeutic considerations for the treatment of post-traumatic stress disorder during and after pregnancy: an update.,Pharmacotherapeutic considerations for the treatment of post-traumatic stress disorder during and after pregnancy: an update.,PENDING,,,PubMed_Central,,,
v3.1h-021,Concomitant use of warfarin and aspirin bleeding risk,DDI,R3,MULTI_ENTITY,42647942,chunk-42647942-001,Use of Corrected QT Cutoffs Derived from Biological Variation to Predict Adverse Events Due to Antipsychotic Drugs: Case Report.,Use of Corrected QT Cutoffs Derived from Biological Variation to Predict Adverse Events Due to Antipsychotic Drugs: Case Report.,PENDING,,,PubMed_Central,,,
v3.1h-021,Concomitant use of warfarin and aspirin bleeding risk,DDI,R3,MULTI_ENTITY,42652369,chunk-42652369-001,"Shifting Public Interest in Liver Health, Hepatotoxic Medications, and Dietary Supplements in Kazakhstan: A Five-Year Google Trends Infodemiology Study.","Shifting Public Interest in Liver Health, Hepatotoxic Medications, and Dietary Supplements in Kazakhstan: A Five-Year Google Trends Infodemiology Study.",PENDING,,,PubMed_Central,,,
v3.1h-021,Concomitant use of warfarin and aspirin bleeding risk,DDI,R3,MULTI_ENTITY,42653071,chunk-42653071-001,Safety and Efficacy Assessment of Cannabis Plant Compared to Atorvastatin for Lipid Lowering in Diabetic and Obese Wistar Male Rats.,Safety and Efficacy Assessment of Cannabis Plant Compared to Atorvastatin for Lipid Lowering in Diabetic and Obese Wistar Male Rats.,PENDING,,,PubMed_Central,,,
v3.1h-021,Concomitant use of warfarin and aspirin bleeding risk,DDI,R3,MULTI_ENTITY,42653173,chunk-42653173-001,Molecular Mechanisms of Acute Drug Toxicity in Polypharmacy: Analgesic-Psychotropic Interactions.,Molecular Mechanisms of Acute Drug Toxicity in Polypharmacy: Analgesic-Psychotropic Interactions.,PENDING,,,PubMed_Central,,,
v3.1h-021,Concomitant use of warfarin and aspirin bleeding risk,DDI,R3,MULTI_ENTITY,42653808,chunk-42653808-001,"Berberine-Drug Interactions: Mechanisms, Clinical Relevance and Risk Stratification-A Narrative Review.","Berberine-Drug Interactions: Mechanisms, Clinical Relevance and Risk Stratification-A Narrative Review.",PENDING,,,PubMed_Central,,,
v3.1h-021,Concomitant use of warfarin and aspirin bleeding risk,DDI,R3,MULTI_ENTITY,42654146,chunk-42654146-001,Moxifloxacin-Mediated Downregulation of Intestinal P-Glycoprotein Alters the Pharmacokinetics of Dabigatran Etexilate: Mechanistic Insights in Rats and PBPK Model-Informed Dose Optimization.,Moxifloxacin-Mediated Downregulation of Intestinal P-Glycoprotein Alters the Pharmacokinetics of Dabigatran Etexilate: Mechanistic Insights in Rats and PBPK Model-Informed Dose Optimization.,PENDING,,,PubMed_Central,,,
v3.1h-021,Concomitant use of warfarin and aspirin bleeding risk,DDI,R3,MULTI_ENTITY,42654342,chunk-42654342-001,Therapeutic Potential of Anti-Obesity Drugs in Obesity-Associated Female Reproductive Dysfunction: Translating Mechanistic Evidence into Personalized Clinical Strategies.,Therapeutic Potential of Anti-Obesity Drugs in Obesity-Associated Female Reproductive Dysfunction: Translating Mechanistic Evidence into Personalized Clinical Strategies.,PENDING,,,PubMed_Central,,,
v3.1h-021,Concomitant use of warfarin and aspirin bleeding risk,DDI,R3,MULTI_ENTITY,42658230,chunk-42658230-001,Supratherapeutic Digoxin Levels in Children with Cardiac Disease.,Supratherapeutic Digoxin Levels in Children with Cardiac Disease.,PENDING,,,PubMed_Central,,,
v3.1h-021,Concomitant use of warfarin and aspirin bleeding risk,DDI,R3,MULTI_ENTITY,42660303,chunk-42660303-001,Cardioprotective effects of natural phytochemicals from traditional medicinal plants against doxorubicin-induced cardiotoxicity: A meta-analysis of preclinical studies.,Cardioprotective effects of natural phytochemicals from traditional medicinal plants against doxorubicin-induced cardiotoxicity: A meta-analysis of preclinical studies.,PENDING,,,PubMed_Central,,,
v3.1h-021,Concomitant use of warfarin and aspirin bleeding risk,DDI,R3,MULTI_ENTITY,42661734,chunk-42661734-001,Sex-specific effects of resveratrol and metformin on mitochondrial function and inflammatory activation in a TNF-α-driven human iPSC-derived endothelial dysfunction model.,Sex-specific effects of resveratrol and metformin on mitochondrial function and inflammatory activation in a TNF-α-driven human iPSC-derived endothelial dysfunction model.,PENDING,,,PubMed_Central,,,
v3.1h-021,Concomitant use of warfarin and aspirin bleeding risk,DDI,R3,MULTI_ENTITY,42662112,chunk-42662112-001,A Comparative Study to Evaluate the Renoprotective Effect of Antidiabetic Drugs in Patients With Type 2 Diabetes Mellitus.,A Comparative Study to Evaluate the Renoprotective Effect of Antidiabetic Drugs in Patients With Type 2 Diabetes Mellitus.,PENDING,,,PubMed_Central,,,
v3.1h-021,Concomitant use of warfarin and aspirin bleeding risk,DDI,R3,MULTI_ENTITY,42662351,chunk-42662351-001,Sertraline-induced fetotoxicity in mice: Protective effects of vitamin E on foetal growth and organ histology.,Sertraline-induced fetotoxicity in mice: Protective effects of vitamin E on foetal growth and organ histology.,PENDING,,,PubMed_Central,,,
v3.1h-021,Concomitant use of warfarin and aspirin bleeding risk,DDI,R3,MULTI_ENTITY,42662739,chunk-42662739-001,Transporter Interactions of Methoxyflavones and Their In Vivo Pharmacokinetic Implications.,Transporter Interactions of Methoxyflavones and Their In Vivo Pharmacokinetic Implications.,PENDING,,,PubMed_Central,,,
v3.1h-021,Concomitant use of warfarin and aspirin bleeding risk,DDI,R3,MULTI_ENTITY,42662744,chunk-42662744-001,Perfluoroether Peptide-Modified Artificial Viral Capsid for Enhanced Doxorubicin Delivery to Liver Cancer Cells.,Perfluoroether Peptide-Modified Artificial Viral Capsid for Enhanced Doxorubicin Delivery to Liver Cancer Cells.,PENDING,,,PubMed_Central,,,
v3.1h-021,Concomitant use of warfarin and aspirin bleeding risk,DDI,R3,MULTI_ENTITY,42662904,chunk-42662904-001,Early cardiac proteomic profiling in a long-latency doxorubicin cardiomyopathy model exhibits sexual dimorphism for cardioprotection.,Early cardiac proteomic profiling in a long-latency doxorubicin cardiomyopathy model exhibits sexual dimorphism for cardioprotection.,PENDING,,,PubMed_Central,,,
v3.1h-021,Concomitant use of warfarin and aspirin bleeding risk,DDI,R3,MULTI_ENTITY,42663261,chunk-42663261-001,"Clinical outcomes of ""massive"" acetaminophen overdose treated with standard vs. augmented dose acetylcysteine.","Clinical outcomes of ""massive"" acetaminophen overdose treated with standard vs. augmented dose acetylcysteine.",PENDING,,,PubMed_Central,,,
v3.1h-021,Concomitant use of warfarin and aspirin bleeding risk,DDI,R3,MULTI_ENTITY,42663921,chunk-42663921-001,Qishen Yiqi Dripping Pills ameliorate doxorubicin-induced cardiotoxicity: a study based on bioinformatics and experimental verification.,Qishen Yiqi Dripping Pills ameliorate doxorubicin-induced cardiotoxicity: a study based on bioinformatics and experimental verification.,PENDING,,,PubMed_Central,,,
v3.1h-021,Concomitant use of warfarin and aspirin bleeding risk,DDI,R3,MULTI_ENTITY,42663925,chunk-42663925-001,Selective and Time-Dependent Alterations in Cytochrome P450 (CYP) Enzyme Activity and Expression by Major Phytocannabinoids.,Selective and Time-Dependent Alterations in Cytochrome P450 (CYP) Enzyme Activity and Expression by Major Phytocannabinoids.,PENDING,,,PubMed_Central,,,
v3.1h-021,Concomitant use of warfarin and aspirin bleeding risk,DDI,R3,MULTI_ENTITY,42665114,chunk-42665114-001,Doxorubicin-induced Cardiotoxicity is Propagated by Paracrine Signaling through Small Extracellular Vesicles.,Doxorubicin-induced Cardiotoxicity is Propagated by Paracrine Signaling through Small Extracellular Vesicles.,PENDING,,,PubMed_Central,,,
v3.1h-021,Concomitant use of warfarin and aspirin bleeding risk,DDI,R3,MULTI_ENTITY,42665174,chunk-42665174-001,Acetaminophen-induced developmental neurobehavioral and sensory organ toxicity in zebrafish.,Acetaminophen-induced developmental neurobehavioral and sensory organ toxicity in zebrafish.,PENDING,,,PubMed_Central,,,
v3.1h-021,Concomitant use of warfarin and aspirin bleeding risk,DDI,R3,MULTI_ENTITY,42665888,chunk-42665888-001,"EXPRESS: Effect of oral gabapentin administered in-hospital on behavioral stress, compliance, and physiologic stress markers: a randomized, double-blind, placebo-controlled trial.","EXPRESS: Effect of oral gabapentin administered in-hospital on behavioral stress, compliance, and physiologic stress markers: a randomized, double-blind, placebo-controlled trial.",PENDING,,,PubMed_Central,,,
v3.1h-021,Concomitant use of warfarin and aspirin bleeding risk,DDI,R3,MULTI_ENTITY,42666103,chunk-42666103-001,Clinical relevance of pharmacogenomic information for improving prescribing practices in acutely admitted older medical patients.,Clinical relevance of pharmacogenomic information for improving prescribing practices in acutely admitted older medical patients.,PENDING,,,PubMed_Central,,,
v3.1h-021,Concomitant use of warfarin and aspirin bleeding risk,DDI,R3,MULTI_ENTITY,42666410,chunk-42666410-001,Preoperative Gabapentin in Pediatric Anterior Cruciate Ligament Reconstruction With Peripheral Nerve Blockade: A Retrospective Cohort Study.,Preoperative Gabapentin in Pediatric Anterior Cruciate Ligament Reconstruction With Peripheral Nerve Blockade: A Retrospective Cohort Study.,PENDING,,,PubMed_Central,,,
v3.1h-021,Concomitant use of warfarin and aspirin bleeding risk,DDI,R3,MULTI_ENTITY,42667072,chunk-42667072-001,Unlocking the brain: Biodistribution insights into tween 80 nanoliposomes in healthy brains.,Unlocking the brain: Biodistribution insights into tween 80 nanoliposomes in healthy brains.,PENDING,,,PubMed_Central,,,
v3.1h-021,Concomitant use of warfarin and aspirin bleeding risk,DDI,R3,MULTI_ENTITY,42667336,chunk-42667336-001,Atorvastatin Exerts Context-Dependent Metabolic and Beneficial Effects on Behavior and Apoptotic Signaling in a Cafeteria Diet-Induced Metabolic Dysfunction Model.,Atorvastatin Exerts Context-Dependent Metabolic and Beneficial Effects on Behavior and Apoptotic Signaling in a Cafeteria Diet-Induced Metabolic Dysfunction Model.,PENDING,,,PubMed_Central,,,
v3.1h-021,Concomitant use of warfarin and aspirin bleeding risk,DDI,R3,MULTI_ENTITY,42667464,chunk-42667464-001,Schisandra chinensis polysaccharide attenuates diabetic islet cell injury by promoting autophagy via suppression of the PI3K/AKT/mTOR signaling cascade.,Schisandra chinensis polysaccharide attenuates diabetic islet cell injury by promoting autophagy via suppression of the PI3K/AKT/mTOR signaling cascade.,PENDING,,,PubMed_Central,,,
v3.1h-021,Concomitant use of warfarin and aspirin bleeding risk,DDI,R3,MULTI_ENTITY,42667784,chunk-42667784-001,Mechanism of Gegen Qinlian Decoction in the treatment of diabetic cataract based on network pharmacology and experimental validation.,Mechanism of Gegen Qinlian Decoction in the treatment of diabetic cataract based on network pharmacology and experimental validation.,PENDING,,,PubMed_Central,,,
v3.1h-021,Concomitant use of warfarin and aspirin bleeding risk,DDI,R3,MULTI_ENTITY,42669317,chunk-42669317-001,Ethical considerations in suspected isotretinoin nonadherence and/or diversion.,Ethical considerations in suspected isotretinoin nonadherence and/or diversion.,PENDING,,,PubMed_Central,,,
v3.1h-021,Concomitant use of warfarin and aspirin bleeding risk,DDI,R3,MULTI_ENTITY,42670022,chunk-42670022-001,Apixaban Dose Selection in Kidney Failure: Reconciling Pharmacokinetics and Clinical Outcomes.,Apixaban Dose Selection in Kidney Failure: Reconciling Pharmacokinetics and Clinical Outcomes.,PENDING,,,PubMed_Central,,,
v3.1h-021,Concomitant use of warfarin and aspirin bleeding risk,DDI,R3,MULTI_ENTITY,42670080,chunk-42670080-001,Anthracycline Cardiotoxicity: A Real-World Study Based on FDA Adverse Event Reporting System Database.,Anthracycline Cardiotoxicity: A Real-World Study Based on FDA Adverse Event Reporting System Database.,PENDING,,,PubMed_Central,,,
v3.1h-021,Concomitant use of warfarin and aspirin bleeding risk,DDI,R3,MULTI_ENTITY,42670520,chunk-42670520-001,Younger Age is Associated with Treatment and Complication Outcomes Among Type 2 Diabetes Mellitus Patients in Kigali University Teaching Hospital.,Younger Age is Associated with Treatment and Complication Outcomes Among Type 2 Diabetes Mellitus Patients in Kigali University Teaching Hospital.,PENDING,,,PubMed_Central,,,
v3.1h-021,Concomitant use of warfarin and aspirin bleeding risk,DDI,R3,MULTI_ENTITY,42670540,chunk-42670540-001,Mechanisms and the Role of p38 MAPK Signaling in Doxorubicin-Induced Cardiotoxicity: A Review.,Mechanisms and the Role of p38 MAPK Signaling in Doxorubicin-Induced Cardiotoxicity: A Review.,PENDING,,,PubMed_Central,,,
v3.1h-021,Concomitant use of warfarin and aspirin bleeding risk,DDI,R3,MULTI_ENTITY,42670801,chunk-42670801-001,Therapeutic Potential of Nanocurcumin in Mitigating Duloxetine-Induced Hepatic Damage: Biochemical and Histopathological Insights.,Therapeutic Potential of Nanocurcumin in Mitigating Duloxetine-Induced Hepatic Damage: Biochemical and Histopathological Insights.,PENDING,,,PubMed_Central,,,
v3.1h-021,Concomitant use of warfarin and aspirin bleeding risk,DDI,R3,MULTI_ENTITY,42671218,chunk-42671218-001,Protective Effects of Luteolin Against Cisplatin-Induced Hepatic and Renal Toxicity: Biochemical and Cellular Evidence.,Protective Effects of Luteolin Against Cisplatin-Induced Hepatic and Renal Toxicity: Biochemical and Cellular Evidence.,PENDING,,,PubMed_Central,,,
v3.1h-021,Concomitant use of warfarin and aspirin bleeding risk,DDI,R3,MULTI_ENTITY,42674049,chunk-42674049-001,A Near-Infrared Fluorescent Probe for Imaging Nitroxyl Dynamics in Ferroptosis-Associated Drug-Induced Liver Injury.,A Near-Infrared Fluorescent Probe for Imaging Nitroxyl Dynamics in Ferroptosis-Associated Drug-Induced Liver Injury.,PENDING,,,PubMed_Central,,,
v3.1h-021,Concomitant use of warfarin and aspirin bleeding risk,DDI,R3,MULTI_ENTITY,42674100,chunk-42674100-001,Drug Repurposing Signals for Abdominal Aortic Aneurysms.,Drug Repurposing Signals for Abdominal Aortic Aneurysms.,PENDING,,,PubMed_Central,,,
v3.1h-021,Concomitant use of warfarin and aspirin bleeding risk,DDI,R3,MULTI_ENTITY,42675227,chunk-42675227-001,Stevioside promotes hepatocyte proliferation via YAP signaling in cholestatic disease.,Stevioside promotes hepatocyte proliferation via YAP signaling in cholestatic disease.,PENDING,,,PubMed_Central,,,
v3.1h-021,Concomitant use of warfarin and aspirin bleeding risk,DDI,R3,MULTI_ENTITY,42675497,chunk-42675497-001,Delayed ischemic stroke ten days after aluminum phosphide ingestion in a previously healthy 21-year-old Ethiopian woman: a case report.,Delayed ischemic stroke ten days after aluminum phosphide ingestion in a previously healthy 21-year-old Ethiopian woman: a case report.,PENDING,,,PubMed_Central,,,
v3.1h-021,Concomitant use of warfarin and aspirin bleeding risk,DDI,R3,MULTI_ENTITY,42675994,chunk-42675994-001,"An Adaptive, Time-Informed, Phenotype-Guided Pharmacological Framework for Severe Traumatic Brain Injury : A Hypothesis-Driven Narrative Review.","An Adaptive, Time-Informed, Phenotype-Guided Pharmacological Framework for Severe Traumatic Brain Injury : A Hypothesis-Driven Narrative Review.",PENDING,,,PubMed_Central,,,
v3.1h-021,Concomitant use of warfarin and aspirin bleeding risk,DDI,R3,MULTI_ENTITY,42676526,chunk-42676526-001,Tricholoma matsutake polypeptide modulates cardiac metabolism and restores autophagic flux to mitigate doxorubicin-induced senescence.,Tricholoma matsutake polypeptide modulates cardiac metabolism and restores autophagic flux to mitigate doxorubicin-induced senescence.,PENDING,,,PubMed_Central,,,
v3.1h-021,Concomitant use of warfarin and aspirin bleeding risk,DDI,R3,MULTI_ENTITY,42676937,chunk-42676937-001,Evaluation of acne vulgaris patient care in outpatient clinics: guideline adherence and patient education.,Evaluation of acne vulgaris patient care in outpatient clinics: guideline adherence and patient education.,PENDING,,,PubMed_Central,,,
v3.1h-021,Concomitant use of warfarin and aspirin bleeding risk,DDI,R3,MULTI_ENTITY,42677064,chunk-42677064-001,Targeting Novel Pathways in Pulmonary Arterial Hypertension: A Systematic Review and Meta-Analysis of New Therapeutic Agents.,Targeting Novel Pathways in Pulmonary Arterial Hypertension: A Systematic Review and Meta-Analysis of New Therapeutic Agents.,PENDING,,,PubMed_Central,,,
v3.1h-021,Concomitant use of warfarin and aspirin bleeding risk,DDI,R3,MULTI_ENTITY,42677606,chunk-42677606-001,Mitochondrial Unfolded Protein Response Regulates Copper-Induced Oxidative Stress via a Sirt3/FOXO3a Signaling Pathway in Chicken Hepatocytes.,Mitochondrial Unfolded Protein Response Regulates Copper-Induced Oxidative Stress via a Sirt3/FOXO3a Signaling Pathway in Chicken Hepatocytes.,PENDING,,,PubMed_Central,,,
v3.1h-021,Concomitant use of warfarin and aspirin bleeding risk,DDI,R3,MULTI_ENTITY,42677663,chunk-42677663-001,Chronic BDE-47 Exposure Induces DNA Damage in Hepatocytes: Involvement of Oxidative Stress and CYP1A1/2 Upregulation.,Chronic BDE-47 Exposure Induces DNA Damage in Hepatocytes: Involvement of Oxidative Stress and CYP1A1/2 Upregulation.,PENDING,,,PubMed_Central,,,
v3.1h-021,Concomitant use of warfarin and aspirin bleeding risk,DDI,R3,MULTI_ENTITY,42678094,chunk-42678094-001,Deciphering the Mechanisms of Statin-Ezetimibe Drug Combinations Using Boolean Logical Modeling and Transcriptomic Data.,Deciphering the Mechanisms of Statin-Ezetimibe Drug Combinations Using Boolean Logical Modeling and Transcriptomic Data.,PENDING,,,PubMed_Central,,,
v3.1h-021,Concomitant use of warfarin and aspirin bleeding risk,DDI,R3,MULTI_ENTITY,42678242,chunk-42678242-001,Hepatoprotective effects of resolvin D1 in mice exposed to ethanol and galactosamine.,Hepatoprotective effects of resolvin D1 in mice exposed to ethanol and galactosamine.,PENDING,,,PubMed_Central,,,
v3.1h-021,Concomitant use of warfarin and aspirin bleeding risk,DDI,R3,MULTI_ENTITY,42678243,chunk-42678243-001,MSCs overexpressing FGF21 alleviate acetaminophen-induced acute liver injury by eliciting macrophage-mediated phagocytosis.,MSCs overexpressing FGF21 alleviate acetaminophen-induced acute liver injury by eliciting macrophage-mediated phagocytosis.,PENDING,,,PubMed_Central,,,
v3.1h-021,Concomitant use of warfarin and aspirin bleeding risk,DDI,R3,MULTI_ENTITY,42679743,chunk-42679743-001,Dual-response mitochondria-targeted fluorescent probe for Hypochlorous acid and viscosity: Applications in liver injury diagnosis and environmental monitoring.,Dual-response mitochondria-targeted fluorescent probe for Hypochlorous acid and viscosity: Applications in liver injury diagnosis and environmental monitoring.,PENDING,,,PubMed_Central,,,
v3.1h-021,Concomitant use of warfarin and aspirin bleeding risk,DDI,R3,MULTI_ENTITY,42679829,chunk-42679829-001,"Adolescent health across Asia Pacific, 2000-23: a systematic analysis for the Global Burden of Disease Study 2023.","Adolescent health across Asia Pacific, 2000-23: a systematic analysis for the Global Burden of Disease Study 2023.",PENDING,,,PubMed_Central,,,
v3.1h-021,Concomitant use of warfarin and aspirin bleeding risk,DDI,R3,MULTI_ENTITY,42680287,chunk-42680287-001,Lipid-lowering and hepatoprotective effects of Ocimum sanctum L. (Thai holy basil) flower against MASLD and liver inflammation in rats.,Lipid-lowering and hepatoprotective effects of Ocimum sanctum L. (Thai holy basil) flower against MASLD and liver inflammation in rats.,PENDING,,,PubMed_Central,,,
v3.1h-021,Concomitant use of warfarin and aspirin bleeding risk,DDI,R3,MULTI_ENTITY,42681676,chunk-42681676-001,Targeting breast cancer stem cells by restoring RBM38 function: mechanism and protein delivery therapy.,Targeting breast cancer stem cells by restoring RBM38 function: mechanism and protein delivery therapy.,PENDING,,,PubMed_Central,,,
v3.1h-021,Concomitant use of warfarin and aspirin bleeding risk,DDI,R3,MULTI_ENTITY,42682722,chunk-42682722-001,"PRO/CON debate: nonsteroidal versus steroidal mineralocorticoid receptor antagonists in chronic kidney disease: progress, pragmatism, and remaining uncertainties.","PRO/CON debate: nonsteroidal versus steroidal mineralocorticoid receptor antagonists in chronic kidney disease: progress, pragmatism, and remaining uncertainties.",PENDING,,,PubMed_Central,,,
v3.1h-022,CYP2C9 interaction between fluconazole and warfarin,DDI,R3,CYP_DDI,27148747,chunk-27148747-001,"Alendronate Sodium as Enteric Coated Solid Lipid Nanoparticles; Preparation, Optimization, and In Vivo Evaluation to Enhance Its Oral Bioavailability.","Alendronate Sodium as Enteric Coated Solid Lipid Nanoparticles; Preparation, Optimization, and In Vivo Evaluation to Enhance Its Oral Bioavailability.",PENDING,,,PubMed_Central,,,
v3.1h-022,CYP2C9 interaction between fluconazole and warfarin,DDI,R3,CYP_DDI,27956102,chunk-27956102-001,Pharyngolaryngeal ulcers associated with the improper use of alendronate.,Pharyngolaryngeal ulcers associated with the improper use of alendronate.,PENDING,,,PubMed_Central,,,
v3.1h-022,CYP2C9 interaction between fluconazole and warfarin,DDI,R3,CYP_DDI,28520369,chunk-28520369-001,Celecoxib Therapy and CYP2C9 Genotype.,Celecoxib Therapy and CYP2C9 Genotype.,PENDING,,,PubMed_Central,,,
v3.1h-022,CYP2C9 interaction between fluconazole and warfarin,DDI,R3,CYP_DDI,28520381,chunk-28520381-001,Metoprolol Therapy and CYP2D6 Genotype.,Metoprolol Therapy and CYP2D6 Genotype.,PENDING,,,PubMed_Central,,,
v3.1h-022,CYP2C9 interaction between fluconazole and warfarin,DDI,R3,CYP_DDI,29262813,chunk-29262813-001,Renoprotective RAAS inhibition does not affect the association between worse renal function and higher plasma aldosterone levels.,Renoprotective RAAS inhibition does not affect the association between worse renal function and higher plasma aldosterone levels.,PENDING,,,PubMed_Central,,,
v3.1h-022,CYP2C9 interaction between fluconazole and warfarin,DDI,R3,CYP_DDI,29856752,chunk-29856752-001,Quality by design approach to optimize the formulation variables influencing the characteristics of biodegradable intramuscular in-situ gel loaded with alendronate sodium for osteoporosis.,Quality by design approach to optimize the formulation variables influencing the characteristics of biodegradable intramuscular in-situ gel loaded with alendronate sodium for osteoporosis.,PENDING,,,PubMed_Central,,,
v3.1h-022,CYP2C9 interaction between fluconazole and warfarin,DDI,R3,CYP_DDI,30422511,chunk-30422511-001,Vitamin A Toxicity.,Vitamin A Toxicity.,PENDING,,,PubMed_Central,,,
v3.1h-022,CYP2C9 interaction between fluconazole and warfarin,DDI,R3,CYP_DDI,30626809,chunk-30626809-001,Symptoms and Upper Gastrointestinal Mucosal Injury Associated with Bisphosphonate Therapy.,Symptoms and Upper Gastrointestinal Mucosal Injury Associated with Bisphosphonate Therapy.,PENDING,,,PubMed_Central,,,
v3.1h-022,CYP2C9 interaction between fluconazole and warfarin,DDI,R3,CYP_DDI,31583609,chunk-31583609-001,Physiologically Based Pharmacokinetic Modelling to Identify Pharmacokinetic Parameters Driving Drug Exposure Changes in the Elderly.,Physiologically Based Pharmacokinetic Modelling to Identify Pharmacokinetic Parameters Driving Drug Exposure Changes in the Elderly.,PENDING,,,PubMed_Central,,,
v3.1h-022,CYP2C9 interaction between fluconazole and warfarin,DDI,R3,CYP_DDI,32666144,chunk-32666144-001,Upper gastrointestinal safety of oral bisphosphonate in hospitalized patients.,Upper gastrointestinal safety of oral bisphosphonate in hospitalized patients.,PENDING,,,PubMed_Central,,,
v3.1h-022,CYP2C9 interaction between fluconazole and warfarin,DDI,R3,CYP_DDI,32699722,chunk-32699722-001,Metformin Associated Lactic Acidosis in the Intensive Care Unit: A Rare Condition Mimicking Sepsis.,Metformin Associated Lactic Acidosis in the Intensive Care Unit: A Rare Condition Mimicking Sepsis.,PENDING,,,PubMed_Central,,,
v3.1h-022,CYP2C9 interaction between fluconazole and warfarin,DDI,R3,CYP_DDI,33048477,chunk-33048477-001,Impact of Green Tea Catechin Ingestion on the Pharmacokinetics of Lisinopril in Healthy Volunteers.,Impact of Green Tea Catechin Ingestion on the Pharmacokinetics of Lisinopril in Healthy Volunteers.,PENDING,,,PubMed_Central,,,
v3.1h-022,CYP2C9 interaction between fluconazole and warfarin,DDI,R3,CYP_DDI,33777146,chunk-33777146-001,Severe Oral Mucosal Ulceration Associated with Oral Bisphosphonate Use: The Importance of Imparting Proper Instructions on Medication Administration and Intake.,Severe Oral Mucosal Ulceration Associated with Oral Bisphosphonate Use: The Importance of Imparting Proper Instructions on Medication Administration and Intake.,PENDING,,,PubMed_Central,,,
v3.1h-022,CYP2C9 interaction between fluconazole and warfarin,DDI,R3,CYP_DDI,33986677,chunk-33986677-001,"Radiation Increases Bioavailability of Lisinopril, a Mitigator of Radiation-Induced Toxicities.","Radiation Increases Bioavailability of Lisinopril, a Mitigator of Radiation-Induced Toxicities.",PENDING,,,PubMed_Central,,,
v3.1h-022,CYP2C9 interaction between fluconazole and warfarin,DDI,R3,CYP_DDI,34258506,chunk-34258506-001,A Prospective Open-Label Observational Study of a Buffered Soluble 70 mg Alendronate Effervescent Tablet on Upper Gastrointestinal Safety and Medication Errors: The GastroPASS Study.,A Prospective Open-Label Observational Study of a Buffered Soluble 70 mg Alendronate Effervescent Tablet on Upper Gastrointestinal Safety and Medication Errors: The GastroPASS Study.,PENDING,,,PubMed_Central,,,
v3.1h-022,CYP2C9 interaction between fluconazole and warfarin,DDI,R3,CYP_DDI,36300543,chunk-36300543-001,"The effect of diminazene, an angiotensin-converting enzyme 2 activator, on adenine-induced chronic kidney disease in rats.","The effect of diminazene, an angiotensin-converting enzyme 2 activator, on adenine-induced chronic kidney disease in rats.",PENDING,,,PubMed_Central,,,
v3.1h-022,CYP2C9 interaction between fluconazole and warfarin,DDI,R3,CYP_DDI,37539955,chunk-37539955-001,Interventions for chronic kidney disease in people with sickle cell disease.,Interventions for chronic kidney disease in people with sickle cell disease.,PENDING,,,PubMed_Central,,,
v3.1h-022,CYP2C9 interaction between fluconazole and warfarin,DDI,R3,CYP_DDI,37715904,chunk-37715904-001,Associations of metal mixtures with thyroid function and potential interactions with iodine status: results from a cross-sectional study in MEWHC.,Associations of metal mixtures with thyroid function and potential interactions with iodine status: results from a cross-sectional study in MEWHC.,PENDING,,,PubMed_Central,,,
v3.1h-022,CYP2C9 interaction between fluconazole and warfarin,DDI,R3,CYP_DDI,37746873,chunk-37746873-001,Longitudinal Trajectory of Opioid Prescribing and its Associated Serious Adverse Events: A Population-Wide Cohort Study in Taiwan.,Longitudinal Trajectory of Opioid Prescribing and its Associated Serious Adverse Events: A Population-Wide Cohort Study in Taiwan.,PENDING,,,PubMed_Central,,,
v3.1h-022,CYP2C9 interaction between fluconazole and warfarin,DDI,R3,CYP_DDI,38006536,chunk-38006536-001,Clinical and Laboratory Factors Related to Seizure and Serotonin Toxicity in Tramadol Intoxication: An Egyptian Study.,Clinical and Laboratory Factors Related to Seizure and Serotonin Toxicity in Tramadol Intoxication: An Egyptian Study.,PENDING,,,PubMed_Central,,,
v3.1h-022,CYP2C9 interaction between fluconazole and warfarin,DDI,R3,CYP_DDI,38053572,chunk-38053572-001,Nephroprotective effects of diminazene on doxorubicin-induced acute kidney injury in rats.,Nephroprotective effects of diminazene on doxorubicin-induced acute kidney injury in rats.,PENDING,,,PubMed_Central,,,
v3.1h-022,CYP2C9 interaction between fluconazole and warfarin,DDI,R3,CYP_DDI,38374855,chunk-38374855-001,An Unusual Presentation of Cobblestone Esophagus From Bisphosphonate Use.,An Unusual Presentation of Cobblestone Esophagus From Bisphosphonate Use.,PENDING,,,PubMed_Central,,,
v3.1h-022,CYP2C9 interaction between fluconazole and warfarin,DDI,R3,CYP_DDI,38676494,chunk-38676494-001,"A Review of the Association between Infections, Seizures, and Drugs.","A Review of the Association between Infections, Seizures, and Drugs.",PENDING,,,PubMed_Central,,,
v3.1h-022,CYP2C9 interaction between fluconazole and warfarin,DDI,R3,CYP_DDI,38710058,chunk-38710058-001,"The Salutary Effects of Diminazene, Lisinopril or Valsartan on Cisplatin - Induced Acute Kidney Injury in Rats: A Comparative Study.","The Salutary Effects of Diminazene, Lisinopril or Valsartan on Cisplatin - Induced Acute Kidney Injury in Rats: A Comparative Study.",PENDING,,,PubMed_Central,,,
v3.1h-022,CYP2C9 interaction between fluconazole and warfarin,DDI,R3,CYP_DDI,38758406,chunk-38758406-001,Screening for ferroptosis genes related to endometrial carcinoma and predicting of targeted drugs based on bioinformatics.,Screening for ferroptosis genes related to endometrial carcinoma and predicting of targeted drugs based on bioinformatics.,PENDING,,,PubMed_Central,,,
v3.1h-022,CYP2C9 interaction between fluconazole and warfarin,DDI,R3,CYP_DDI,38832136,chunk-38832136-001,From pill to pain: Alendronate-induced esophageal injury-A case report and review.,From pill to pain: Alendronate-induced esophageal injury-A case report and review.,PENDING,,,PubMed_Central,,,
v3.1h-022,CYP2C9 interaction between fluconazole and warfarin,DDI,R3,CYP_DDI,39074188,chunk-39074188-001,Sex Differences in Physiological Responses to a National Collegiate Athletic Association Division I Soccer Season.,Sex Differences in Physiological Responses to a National Collegiate Athletic Association Division I Soccer Season.,PENDING,,,PubMed_Central,,,
v3.1h-022,CYP2C9 interaction between fluconazole and warfarin,DDI,R3,CYP_DDI,39114562,chunk-39114562-001,A network meta-analysis: evaluating the efficacy and safety of concurrent proton pump inhibitors and clopidogrel therapy in post-PCI patients.,A network meta-analysis: evaluating the efficacy and safety of concurrent proton pump inhibitors and clopidogrel therapy in post-PCI patients.,PENDING,,,PubMed_Central,,,
v3.1h-022,CYP2C9 interaction between fluconazole and warfarin,DDI,R3,CYP_DDI,39430173,chunk-39430173-001,Prospective Trial on the Pharmacokinetics of Clopidogrel in Hemodialysis Patients.,Prospective Trial on the Pharmacokinetics of Clopidogrel in Hemodialysis Patients.,PENDING,,,PubMed_Central,,,
v3.1h-022,CYP2C9 interaction between fluconazole and warfarin,DDI,R3,CYP_DDI,39817374,chunk-39817374-001,Delineating CYP2C19-mediated Interactions: Network Pharmacology Investigation of Ilaprazole and Clopidogrel versus Conventional Proton Pump Inhibitors.,Delineating CYP2C19-mediated Interactions: Network Pharmacology Investigation of Ilaprazole and Clopidogrel versus Conventional Proton Pump Inhibitors.,PENDING,,,PubMed_Central,,,
v3.1h-022,CYP2C9 interaction between fluconazole and warfarin,DDI,R3,CYP_DDI,40149400,chunk-40149400-001,The Association Between Statin Drugs and Rhabdomyolysis: An Analysis of FDA Adverse Event Reporting System (FAERS) Data and Transcriptomic Profiles.,The Association Between Statin Drugs and Rhabdomyolysis: An Analysis of FDA Adverse Event Reporting System (FAERS) Data and Transcriptomic Profiles.,PENDING,,,PubMed_Central,,,
v3.1h-022,CYP2C9 interaction between fluconazole and warfarin,DDI,R3,CYP_DDI,40198642,chunk-40198642-001,Impact of Ginkgo biloba drug interactions on bleeding risk and coagulation profiles: A comprehensive analysis.,Impact of Ginkgo biloba drug interactions on bleeding risk and coagulation profiles: A comprehensive analysis.,PENDING,,,PubMed_Central,,,
v3.1h-022,CYP2C9 interaction between fluconazole and warfarin,DDI,R3,CYP_DDI,40242084,chunk-40242084-001,Tramadol use and risk of seizure: A report of two cases and a review of recent literature.,Tramadol use and risk of seizure: A report of two cases and a review of recent literature.,PENDING,,,PubMed_Central,,,
v3.1h-022,CYP2C9 interaction between fluconazole and warfarin,DDI,R3,CYP_DDI,40272900,chunk-40272900-001,In vitro seizure risk assessment using a microelectrode array and comparison with an in vivo rat study.,In vitro seizure risk assessment using a microelectrode array and comparison with an in vivo rat study.,PENDING,,,PubMed_Central,,,
v3.1h-022,CYP2C9 interaction between fluconazole and warfarin,DDI,R3,CYP_DDI,40289797,chunk-40289797-001,Association of Biomarkers With Intracerebral Hematoma Expansion and Arterial Thromboembolic Events in Patients With Acute Intracranial Hemorrhage: The ANNEXA-I Biomarker Substudy.,Association of Biomarkers With Intracerebral Hematoma Expansion and Arterial Thromboembolic Events in Patients With Acute Intracranial Hemorrhage: The ANNEXA-I Biomarker Substudy.,PENDING,,,PubMed_Central,,,
v3.1h-022,CYP2C9 interaction between fluconazole and warfarin,DDI,R3,CYP_DDI,40357791,chunk-40357791-001,Antiplatelet-Proton Pump Inhibitor Interactions and Arterial Thrombotic Events: A Pharmacovigilance Assessment using Disproportionality and Interaction Analysis.,Antiplatelet-Proton Pump Inhibitor Interactions and Arterial Thrombotic Events: A Pharmacovigilance Assessment using Disproportionality and Interaction Analysis.,PENDING,,,PubMed_Central,,,
v3.1h-022,CYP2C9 interaction between fluconazole and warfarin,DDI,R3,CYP_DDI,40406172,chunk-40406172-001,Digoxin for Fetal Tachyarrhythmia: Toxicity in an Underweight Mother.,Digoxin for Fetal Tachyarrhythmia: Toxicity in an Underweight Mother.,PENDING,,,PubMed_Central,,,
v3.1h-022,CYP2C9 interaction between fluconazole and warfarin,DDI,R3,CYP_DDI,40618353,chunk-40618353-001,[Management of emergencies in direct oral anticoagulant-treated patients: practice pearls].,[Management of emergencies in direct oral anticoagulant-treated patients: practice pearls].,PENDING,,,PubMed_Central,,,
v3.1h-022,CYP2C9 interaction between fluconazole and warfarin,DDI,R3,CYP_DDI,40685887,chunk-40685887-001,Efficacy and Safety of Clopidogrel With and Without a Proton Pump Inhibitor: A Systematic Review and Meta-Analysis.,Efficacy and Safety of Clopidogrel With and Without a Proton Pump Inhibitor: A Systematic Review and Meta-Analysis.,PENDING,,,PubMed_Central,,,
v3.1h-022,CYP2C9 interaction between fluconazole and warfarin,DDI,R3,CYP_DDI,40749454,chunk-40749454-001,Drug-Related epileptic seizures and Age-Specific Differences: A Real-World study based on the FAERS database.,Drug-Related epileptic seizures and Age-Specific Differences: A Real-World study based on the FAERS database.,PENDING,,,PubMed_Central,,,
v3.1h-022,CYP2C9 interaction between fluconazole and warfarin,DDI,R3,CYP_DDI,40771914,chunk-40771914-001,"Pharmacodynamics, pharmacokinetics, interactions with other drugs, toxicity and clinical effectiveness of proton pump inhibitors.","Pharmacodynamics, pharmacokinetics, interactions with other drugs, toxicity and clinical effectiveness of proton pump inhibitors.",PENDING,,,PubMed_Central,,,
v3.1h-022,CYP2C9 interaction between fluconazole and warfarin,DDI,R3,CYP_DDI,40825054,chunk-40825054-001,"Analysis of hemorrhagic transformation and intracerebral hemorrhage under combination therapy with alteplase and antiplatelets or anticoagulants, using the Japanese Adverse Drug Event Report database.","Analysis of hemorrhagic transformation and intracerebral hemorrhage under combination therapy with alteplase and antiplatelets or anticoagulants, using the Japanese Adverse Drug Event Report database.",PENDING,,,PubMed_Central,,,
v3.1h-022,CYP2C9 interaction between fluconazole and warfarin,DDI,R3,CYP_DDI,40828441,chunk-40828441-001,Oral anticoagulants-related bleeding: what happens in the emergency room? The Galeno study.,Oral anticoagulants-related bleeding: what happens in the emergency room? The Galeno study.,PENDING,,,PubMed_Central,,,
v3.1h-022,CYP2C9 interaction between fluconazole and warfarin,DDI,R3,CYP_DDI,40845290,chunk-40845290-001,The Effects of a Semester of Preprofessional Dance Training on Biomarkers and Performance Variables in Elite Adolescent Ballet Dancers.,The Effects of a Semester of Preprofessional Dance Training on Biomarkers and Performance Variables in Elite Adolescent Ballet Dancers.,PENDING,,,PubMed_Central,,,
v3.1h-022,CYP2C9 interaction between fluconazole and warfarin,DDI,R3,CYP_DDI,40881144,chunk-40881144-001,A Description of QT-Interval Prolonging Drug Interactions with Fluoroquinolones in Older Women with Uncomplicated Urinary Tract Infections.,A Description of QT-Interval Prolonging Drug Interactions with Fluoroquinolones in Older Women with Uncomplicated Urinary Tract Infections.,PENDING,,,PubMed_Central,,,
v3.1h-022,CYP2C9 interaction between fluconazole and warfarin,DDI,R3,CYP_DDI,40910969,chunk-40910969-001,The Risk of Breakthrough Cardiac Events Associated With Psychiatric Medications in Patients With Diagnosed and Clinically Treated Long QT Syndrome.,The Risk of Breakthrough Cardiac Events Associated With Psychiatric Medications in Patients With Diagnosed and Clinically Treated Long QT Syndrome.,PENDING,,,PubMed_Central,,,
v3.1h-022,CYP2C9 interaction between fluconazole and warfarin,DDI,R3,CYP_DDI,40915652,chunk-40915652-001,Nonsteroidal Anti-Inflammatory Drugs and Risk of Gastrointestinal Bleeding: A Systematic Review and Meta-Analysis.,Nonsteroidal Anti-Inflammatory Drugs and Risk of Gastrointestinal Bleeding: A Systematic Review and Meta-Analysis.,PENDING,,,PubMed_Central,,,
v3.1h-022,CYP2C9 interaction between fluconazole and warfarin,DDI,R3,CYP_DDI,40978465,chunk-40978465-001,Abnormal Ca(2+) handling and reduced I(to) contribute to citalopram-induced QT prolongation and cardiac arrhythmias.,Abnormal Ca(2+) handling and reduced I(to) contribute to citalopram-induced QT prolongation and cardiac arrhythmias.,PENDING,,,PubMed_Central,,,
v3.1h-022,CYP2C9 interaction between fluconazole and warfarin,DDI,R3,CYP_DDI,40988289,chunk-40988289-001,Drug-drug interactions: A descriptive analysis of FDA adverse event reporting system.,Drug-drug interactions: A descriptive analysis of FDA adverse event reporting system.,PENDING,,,PubMed_Central,,,
v3.1h-022,CYP2C9 interaction between fluconazole and warfarin,DDI,R3,CYP_DDI,41004670,chunk-41004670-001,"Correlation Between Escitalopram, Sertraline, and Fluoxetine Serum Levels and QTc Interval Prolongation in Children and Adolescents.","Correlation Between Escitalopram, Sertraline, and Fluoxetine Serum Levels and QTc Interval Prolongation in Children and Adolescents.",PENDING,,,PubMed_Central,,,
v3.1h-022,CYP2C9 interaction between fluconazole and warfarin,DDI,R3,CYP_DDI,41017291,chunk-41017291-001,Use of Drugs With Actionable Pharmacogenetic Biomarkers and Possible Prescribing Changes Among Older People.,Use of Drugs With Actionable Pharmacogenetic Biomarkers and Possible Prescribing Changes Among Older People.,PENDING,,,PubMed_Central,,,
v3.1h-022,CYP2C9 interaction between fluconazole and warfarin,DDI,R3,CYP_DDI,41061201,chunk-41061201-001,Risk of Seizure Associated With Concomitant Use of Tramadol and Antidepressants in Older Nursing Home Residents.,Risk of Seizure Associated With Concomitant Use of Tramadol and Antidepressants in Older Nursing Home Residents.,PENDING,,,PubMed_Central,,,
v3.1h-022,CYP2C9 interaction between fluconazole and warfarin,DDI,R3,CYP_DDI,41075377,chunk-41075377-001,Interpretation of the association between thyroid peroxidase antibodies and thyroid function during pregnancy: An individual participant data meta-analysis.,Interpretation of the association between thyroid peroxidase antibodies and thyroid function during pregnancy: An individual participant data meta-analysis.,PENDING,,,PubMed_Central,,,
v3.1h-022,CYP2C9 interaction between fluconazole and warfarin,DDI,R3,CYP_DDI,41077316,chunk-41077316-001,Metabolic enzyme-mediated pharmacokinetic and pharmacodynamic interactions between Danshen Yin and clopidogrel in normal and acute myocardial infarction rats.,Metabolic enzyme-mediated pharmacokinetic and pharmacodynamic interactions between Danshen Yin and clopidogrel in normal and acute myocardial infarction rats.,PENDING,,,PubMed_Central,,,
v3.1h-022,CYP2C9 interaction between fluconazole and warfarin,DDI,R3,CYP_DDI,41085374,chunk-41085374-001,Assessing Impact of Concomitant Use of Proton Pump Inhibitors and Clopidogrel on Incidence of Major Adverse Cardiovascular Events: A Retrospective Cohort Study.,Assessing Impact of Concomitant Use of Proton Pump Inhibitors and Clopidogrel on Incidence of Major Adverse Cardiovascular Events: A Retrospective Cohort Study.,PENDING,,,PubMed_Central,,,
v3.1h-022,CYP2C9 interaction between fluconazole and warfarin,DDI,R3,CYP_DDI,41089323,chunk-41089323-001,Arrhythmic events pertinent with antidepressants: a Bayesian disproportional analysis mining the FDA Adverse Event Reporting System database.,Arrhythmic events pertinent with antidepressants: a Bayesian disproportional analysis mining the FDA Adverse Event Reporting System database.,PENDING,,,PubMed_Central,,,
v3.1h-022,CYP2C9 interaction between fluconazole and warfarin,DDI,R3,CYP_DDI,41098965,chunk-41098965-001,Procoagulant off-target effect of the direct oral anticoagulant reversal agent Andexanet alfa.,Procoagulant off-target effect of the direct oral anticoagulant reversal agent Andexanet alfa.,PENDING,,,PubMed_Central,,,
v3.1h-022,CYP2C9 interaction between fluconazole and warfarin,DDI,R3,CYP_DDI,41100334,chunk-41100334-001,Review of Safety and Efficacy of Polmacoxib: A Novel Dual Inhibitor of Cyclo-oxygenase 2 and Carbonic Anhydrase in Osteoarthritis and Acute Painful Conditions.,Review of Safety and Efficacy of Polmacoxib: A Novel Dual Inhibitor of Cyclo-oxygenase 2 and Carbonic Anhydrase in Osteoarthritis and Acute Painful Conditions.,PENDING,,,PubMed_Central,,,
v3.1h-022,CYP2C9 interaction between fluconazole and warfarin,DDI,R3,CYP_DDI,41109285,chunk-41109285-001,Challenges in the treatment of hypothyroidism: malabsorption and pseudo-malabsorption of levothyroxine.,Challenges in the treatment of hypothyroidism: malabsorption and pseudo-malabsorption of levothyroxine.,PENDING,,,PubMed_Central,,,
v3.1h-022,CYP2C9 interaction between fluconazole and warfarin,DDI,R3,CYP_DDI,41112691,chunk-41112691-001,"Risk Factors Associated with Thrombus Development Following Pharmacologic Anticoagulation Reversal with Coagulation Factor Xa [Recombinant], Inactivated-zhzo.","Risk Factors Associated with Thrombus Development Following Pharmacologic Anticoagulation Reversal with Coagulation Factor Xa [Recombinant], Inactivated-zhzo.",PENDING,,,PubMed_Central,,,
v3.1h-022,CYP2C9 interaction between fluconazole and warfarin,DDI,R3,CYP_DDI,41141842,chunk-41141842-001,Andexanet alfa for the reversal of the low-molecular-weight heparin enoxaparin.,Andexanet alfa for the reversal of the low-molecular-weight heparin enoxaparin.,PENDING,,,PubMed_Central,,,
v3.1h-022,CYP2C9 interaction between fluconazole and warfarin,DDI,R3,CYP_DDI,41158891,chunk-41158891-001,Seizures Following Single-Dose Intravenous Tramadol for Postsurgical Pain: A Report of Two Cases.,Seizures Following Single-Dose Intravenous Tramadol for Postsurgical Pain: A Report of Two Cases.,PENDING,,,PubMed_Central,,,
v3.1h-022,CYP2C9 interaction between fluconazole and warfarin,DDI,R3,CYP_DDI,41177211,chunk-41177211-001,Biomedical pharmacology study on metformin and glucose (PMID 41177211),Metformin decreases hepatic glucose production and decreases intestinal absorption of glucose.,PENDING,,,PubMed_Central,,,
v3.1h-022,CYP2C9 interaction between fluconazole and warfarin,DDI,R3,CYP_DDI,41225655,chunk-41225655-001,TNF-α inhibitor etanercept improves cerebrovascular function in elderly RA patients: findings from a randomized controlled trial.,TNF-α inhibitor etanercept improves cerebrovascular function in elderly RA patients: findings from a randomized controlled trial.,PENDING,,,PubMed_Central,,,
v3.1h-022,CYP2C9 interaction between fluconazole and warfarin,DDI,R3,CYP_DDI,41266704,chunk-41266704-001,Andexanet Alfa in Emergency Cranial Neurosurgical Procedures: A Bicentric Analysis of Efficacy and Safety.,Andexanet Alfa in Emergency Cranial Neurosurgical Procedures: A Bicentric Analysis of Efficacy and Safety.,PENDING,,,PubMed_Central,,,
v3.1h-022,CYP2C9 interaction between fluconazole and warfarin,DDI,R3,CYP_DDI,41278442,chunk-41278442-001,Pharmacological management of major complications following left ventricular assist device implantation in type 2 diabetes mellitus.,Pharmacological management of major complications following left ventricular assist device implantation in type 2 diabetes mellitus.,PENDING,,,PubMed_Central,,,
v3.1h-022,CYP2C9 interaction between fluconazole and warfarin,DDI,R3,CYP_DDI,41323006,chunk-41323006-001,"Randomized, Double-Blind, Placebo-Controlled, Dose-Ranging Comparison of the Analgesic Efficacy and Safety of Intravenous Ketoprofen, Tramadol, and Morphine After Bony Impacted Mandibular Third Molar Surgery.","Randomized, Double-Blind, Placebo-Controlled, Dose-Ranging Comparison of the Analgesic Efficacy and Safety of Intravenous Ketoprofen, Tramadol, and Morphine After Bony Impacted Mandibular Third Molar Surgery.",PENDING,,,PubMed_Central,,,
v3.1h-022,CYP2C9 interaction between fluconazole and warfarin,DDI,R3,CYP_DDI,41347947,chunk-41347947-001,"Navigating complementary and alternative medicine use, medication adherence, and herb-drug interaction risks among gout patients: a multicenter cross-sectional study in indonesia.","Navigating complementary and alternative medicine use, medication adherence, and herb-drug interaction risks among gout patients: a multicenter cross-sectional study in indonesia.",PENDING,,,PubMed_Central,,,
v3.1h-022,CYP2C9 interaction between fluconazole and warfarin,DDI,R3,CYP_DDI,41397500,chunk-41397500-001,Exploring the link between antipsychotic and antidepressant use and severe QT prolongation: Impacts on ventricular arrhythmias and sudden cardiac death.,Exploring the link between antipsychotic and antidepressant use and severe QT prolongation: Impacts on ventricular arrhythmias and sudden cardiac death.,PENDING,,,PubMed_Central,,,
v3.1h-022,CYP2C9 interaction between fluconazole and warfarin,DDI,R3,CYP_DDI,41406988,chunk-41406988-001,Trends and variation in the use of andexanet alfa for the reversal of direct oral anticoagulants in NHS trusts in England.,Trends and variation in the use of andexanet alfa for the reversal of direct oral anticoagulants in NHS trusts in England.,PENDING,,,PubMed_Central,,,
v3.1h-022,CYP2C9 interaction between fluconazole and warfarin,DDI,R3,CYP_DDI,41428604,chunk-41428604-001,The Stability of Drugs Commonly Used in Intensive Care Units Co-Administered via Feeding Tube and Its Dependence on pH: An in vitro Study.,The Stability of Drugs Commonly Used in Intensive Care Units Co-Administered via Feeding Tube and Its Dependence on pH: An in vitro Study.,PENDING,,,PubMed_Central,,,
v3.1h-022,CYP2C9 interaction between fluconazole and warfarin,DDI,R3,CYP_DDI,41452043,chunk-41452043-001,Rising Escitalopram Use in British Columbia: Is it Rational and Evidence-Informed?,Rising Escitalopram Use in British Columbia: Is it Rational and Evidence-Informed?,PENDING,,,PubMed_Central,,,
v3.1h-022,CYP2C9 interaction between fluconazole and warfarin,DDI,R3,CYP_DDI,41459594,chunk-41459594-001,Degree of Cyclooxygenase-2 Inhibition Modulates Blood Pressure Response.,Degree of Cyclooxygenase-2 Inhibition Modulates Blood Pressure Response.,PENDING,,,PubMed_Central,,,
v3.1h-022,CYP2C9 interaction between fluconazole and warfarin,DDI,R3,CYP_DDI,41463106,chunk-41463106-001,Reconsidering Digoxin in Atrial Fibrillation: From Historical Controversy to Physiologically Guided and Personalized Rate Control.,Reconsidering Digoxin in Atrial Fibrillation: From Historical Controversy to Physiologically Guided and Personalized Rate Control.,PENDING,,,PubMed_Central,,,
v3.1h-022,CYP2C9 interaction between fluconazole and warfarin,DDI,R3,CYP_DDI,41489241,chunk-41489241-001,The role of a fixed combination of ibuprofen/paracetamol in the management of acute pain: an Italian expert narrative review.,The role of a fixed combination of ibuprofen/paracetamol in the management of acute pain: an Italian expert narrative review.,PENDING,,,PubMed_Central,,,
v3.1h-022,CYP2C9 interaction between fluconazole and warfarin,DDI,R3,CYP_DDI,41496228,chunk-41496228-001,The impact of prenatal maternal-fetal metal levels and placental transfer efficiency of metals on neonatal thyroid function: The modulatory role of maternal vitamin D levels in pregnancy.,The impact of prenatal maternal-fetal metal levels and placental transfer efficiency of metals on neonatal thyroid function: The modulatory role of maternal vitamin D levels in pregnancy.,PENDING,,,PubMed_Central,,,
v3.1h-022,CYP2C9 interaction between fluconazole and warfarin,DDI,R3,CYP_DDI,41733550,chunk-41733550-001,Cyclooxygenase-2 Inhibition and Anti-Platelet Aggregation Activity of Astaxanthin-Hydrogel in Comparison to Celecoxib Against Rheumatoid Arthritis in Wistar Rat Model.,Cyclooxygenase-2 Inhibition and Anti-Platelet Aggregation Activity of Astaxanthin-Hydrogel in Comparison to Celecoxib Against Rheumatoid Arthritis in Wistar Rat Model.,PENDING,,,PubMed_Central,,,
v3.1h-022,CYP2C9 interaction between fluconazole and warfarin,DDI,R3,CYP_DDI,41748094,chunk-41748094-001,Heart Rate-Corrected QT Interval Dynamics Following Antidepressant Switching from Escitalopram to High-Dose Venlafaxine: Cardiac Safety Insights from the Early Medication Change Cohort.,Heart Rate-Corrected QT Interval Dynamics Following Antidepressant Switching from Escitalopram to High-Dose Venlafaxine: Cardiac Safety Insights from the Early Medication Change Cohort.,PENDING,,,PubMed_Central,,,
v3.1h-022,CYP2C9 interaction between fluconazole and warfarin,DDI,R3,CYP_DDI,41754906,chunk-41754906-001,"An Overview of Anticoagulant Drugs Pharmacology, Therapeutic Approaches, Limitations and Perspectives.","An Overview of Anticoagulant Drugs Pharmacology, Therapeutic Approaches, Limitations and Perspectives.",PENDING,,,PubMed_Central,,,
v3.1h-022,CYP2C9 interaction between fluconazole and warfarin,DDI,R3,CYP_DDI,41766537,chunk-41766537-001,Increased Risk of Ischemic Events in Patients With Stroke Treated With Clopidogrel and a P-CAB or PPI.,Increased Risk of Ischemic Events in Patients With Stroke Treated With Clopidogrel and a P-CAB or PPI.,PENDING,,,PubMed_Central,,,
v3.1h-022,CYP2C9 interaction between fluconazole and warfarin,DDI,R3,CYP_DDI,41776019,chunk-41776019-001,Andexanet alfa Reduces Hematoma Expansion Following Controlled Cortical Impact in Mice Pretreated with Rivaroxaban.,Andexanet alfa Reduces Hematoma Expansion Following Controlled Cortical Impact in Mice Pretreated with Rivaroxaban.,PENDING,,,PubMed_Central,,,
v3.1h-022,CYP2C9 interaction between fluconazole and warfarin,DDI,R3,CYP_DDI,41791695,chunk-41791695-001,"Harnessing the gut-heart axis for cardiovascular drug innovation: microbiome, metabolites, and personalized treatment strategies.","Harnessing the gut-heart axis for cardiovascular drug innovation: microbiome, metabolites, and personalized treatment strategies.",PENDING,,,PubMed_Central,,,
v3.1h-022,CYP2C9 interaction between fluconazole and warfarin,DDI,R3,CYP_DDI,41808861,chunk-41808861-001,Network toxicology reveals key genes of amiodarone induced pulmonary fibrosis: based on machine learning and SHAP analysis.,Network toxicology reveals key genes of amiodarone induced pulmonary fibrosis: based on machine learning and SHAP analysis.,PENDING,,,PubMed_Central,,,
v3.1h-022,CYP2C9 interaction between fluconazole and warfarin,DDI,R3,CYP_DDI,41811250,chunk-41811250-001,Influence of transporter polymorphisms on digoxin serum concentrations: a systematic review and meta-analysis.,Influence of transporter polymorphisms on digoxin serum concentrations: a systematic review and meta-analysis.,PENDING,,,PubMed_Central,,,
v3.1h-022,CYP2C9 interaction between fluconazole and warfarin,DDI,R3,CYP_DDI,41818114,chunk-41818114-001,Dabigatran-induced Gastrointestinal Bleed Treated by 4-factor Prothrombin Complex Concentrate in a Tertiary Care Hospital in Sikkim.,Dabigatran-induced Gastrointestinal Bleed Treated by 4-factor Prothrombin Complex Concentrate in a Tertiary Care Hospital in Sikkim.,PENDING,,,PubMed_Central,,,
v3.1h-022,CYP2C9 interaction between fluconazole and warfarin,DDI,R3,CYP_DDI,41828566,chunk-41828566-001,"Integrating Network Toxicology, Machine Learning, and Molecular Dynamics to Explore the Molecular Network of Triclosan-Induced Acute Myocardial Infarction.","Integrating Network Toxicology, Machine Learning, and Molecular Dynamics to Explore the Molecular Network of Triclosan-Induced Acute Myocardial Infarction.",PENDING,,,PubMed_Central,,,
v3.1h-022,CYP2C9 interaction between fluconazole and warfarin,DDI,R3,CYP_DDI,41833262,chunk-41833262-001,Pearls and Pitfalls for the Emergency Clinician: Beta Blocker and Calcium Channel Blocker Toxicity.,Pearls and Pitfalls for the Emergency Clinician: Beta Blocker and Calcium Channel Blocker Toxicity.,PENDING,,,PubMed_Central,,,
v3.1h-022,CYP2C9 interaction between fluconazole and warfarin,DDI,R3,CYP_DDI,41839242,chunk-41839242-001,ABI3BP protects against cerebral ischemia-reperfusion injury by preserving blood-brain barrier integrity and activating PI3K/Akt signaling.,ABI3BP protects against cerebral ischemia-reperfusion injury by preserving blood-brain barrier integrity and activating PI3K/Akt signaling.,PENDING,,,PubMed_Central,,,
v3.1h-022,CYP2C9 interaction between fluconazole and warfarin,DDI,R3,CYP_DDI,41840835,chunk-41840835-001,Signal detection of drug-induced esophageal ulcer across 20 years of real-world study: Focus on 49 high-risk medicines.,Signal detection of drug-induced esophageal ulcer across 20 years of real-world study: Focus on 49 high-risk medicines.,PENDING,,,PubMed_Central,,,
v3.1h-022,CYP2C9 interaction between fluconazole and warfarin,DDI,R3,CYP_DDI,41846702,chunk-41846702-001,Acute Myocardial Infarction Secondary to Triple Vessel Coronary Artery Disease in a 31-year-old Female with Systemic Lupus Erythematosus: Case Report and Review of Literature.,Acute Myocardial Infarction Secondary to Triple Vessel Coronary Artery Disease in a 31-year-old Female with Systemic Lupus Erythematosus: Case Report and Review of Literature.,PENDING,,,PubMed_Central,,,
v3.1h-022,CYP2C9 interaction between fluconazole and warfarin,DDI,R3,CYP_DDI,41848246,chunk-41848246-001,[Nausea and dystonia in a woman with psychiatric illness].,[Nausea and dystonia in a woman with psychiatric illness].,PENDING,,,PubMed_Central,,,
v3.1h-022,CYP2C9 interaction between fluconazole and warfarin,DDI,R3,CYP_DDI,41858685,chunk-41858685-001,Impact of nutrition education intervention on dietary intake among pregnant women with hypothyroidism - A randomized controlled trial.,Impact of nutrition education intervention on dietary intake among pregnant women with hypothyroidism - A randomized controlled trial.,PENDING,,,PubMed_Central,,,
v3.1h-022,CYP2C9 interaction between fluconazole and warfarin,DDI,R3,CYP_DDI,41873481,chunk-41873481-001,Acceptance of recommendations by a pharmacogenetics clinic.,Acceptance of recommendations by a pharmacogenetics clinic.,PENDING,,,PubMed_Central,,,
v3.1h-022,CYP2C9 interaction between fluconazole and warfarin,DDI,R3,CYP_DDI,41924710,chunk-41924710-001,"DXM, CYP2D6-inhibiting antidepressants, piracetam, and glutamine: proposing a ketamine-class antidepressant regimen with existing drugs.","DXM, CYP2D6-inhibiting antidepressants, piracetam, and glutamine: proposing a ketamine-class antidepressant regimen with existing drugs.",PENDING,,,PubMed_Central,,,
v3.1h-022,CYP2C9 interaction between fluconazole and warfarin,DDI,R3,CYP_DDI,41976898,chunk-41976898-001,Anticoagulation Stewardship Program in the DOAC Era.,Anticoagulation Stewardship Program in the DOAC Era.,PENDING,,,PubMed_Central,,,
v3.1h-022,CYP2C9 interaction between fluconazole and warfarin,DDI,R3,CYP_DDI,41977337,chunk-41977337-001,Pharmacological Management of Thrombosis: Current State and Future Strategies.,Pharmacological Management of Thrombosis: Current State and Future Strategies.,PENDING,,,PubMed_Central,,,
v3.1h-022,CYP2C9 interaction between fluconazole and warfarin,DDI,R3,CYP_DDI,42005166,chunk-42005166-001,Inhibitor-Free Variant of the Cheung Regimen: Successful Adjunctive Therapy in Long-Standing Hypochondriasis With Prominent Somatic Features.,Inhibitor-Free Variant of the Cheung Regimen: Successful Adjunctive Therapy in Long-Standing Hypochondriasis With Prominent Somatic Features.,PENDING,,,PubMed_Central,,,
v3.1h-022,CYP2C9 interaction between fluconazole and warfarin,DDI,R3,CYP_DDI,42007940,chunk-42007940-001,Acute pharmaceutical poisoning as a cause of seizure events: a database analysis (2011-2023).,Acute pharmaceutical poisoning as a cause of seizure events: a database analysis (2011-2023).,PENDING,,,PubMed_Central,,,
v3.1h-022,CYP2C9 interaction between fluconazole and warfarin,DDI,R3,CYP_DDI,42034022,chunk-42034022-001,Lower dosing of Loxoprofen in type two diabetics with bone fractures/surgeries; Distinction from common NSAIDs.,Lower dosing of Loxoprofen in type two diabetics with bone fractures/surgeries; Distinction from common NSAIDs.,PENDING,,,PubMed_Central,,,
v3.1h-022,CYP2C9 interaction between fluconazole and warfarin,DDI,R3,CYP_DDI,42045358,chunk-42045358-001,Prevalence of drug-induced interstitial lung disease in Saudi Arabia: a real-world data study.,Prevalence of drug-induced interstitial lung disease in Saudi Arabia: a real-world data study.,PENDING,,,PubMed_Central,,,
v3.1h-022,CYP2C9 interaction between fluconazole and warfarin,DDI,R3,CYP_DDI,42055120,chunk-42055120-001,"Impact of Fluoxetine Brain Concentrations, Plasma Exposure, and Neurometabolism on Depressive and Anxiety Symptoms in Adolescents: A Multimodal Fluorine and Proton Magnetic Resonance Spectroscopy Study.","Impact of Fluoxetine Brain Concentrations, Plasma Exposure, and Neurometabolism on Depressive and Anxiety Symptoms in Adolescents: A Multimodal Fluorine and Proton Magnetic Resonance Spectroscopy Study.",PENDING,,,PubMed_Central,,,
v3.1h-022,CYP2C9 interaction between fluconazole and warfarin,DDI,R3,CYP_DDI,42063765,chunk-42063765-001,Evaluation of community pharmacists' knowledge and real-world practices in drug interaction management: a cross-sectional study.,Evaluation of community pharmacists' knowledge and real-world practices in drug interaction management: a cross-sectional study.,PENDING,,,PubMed_Central,,,
v3.1h-022,CYP2C9 interaction between fluconazole and warfarin,DDI,R3,CYP_DDI,42087312,chunk-42087312-001,Anticoagulation in Patients With Gastrointestinal Disease.,Anticoagulation in Patients With Gastrointestinal Disease.,PENDING,,,PubMed_Central,,,
v3.1h-022,CYP2C9 interaction between fluconazole and warfarin,DDI,R3,CYP_DDI,42121128,chunk-42121128-001,Evaluation of drugs and risk factors requiring therapeutic drug monitoring in the Neonatal Intensive Care Unit: a retrospective study.,Evaluation of drugs and risk factors requiring therapeutic drug monitoring in the Neonatal Intensive Care Unit: a retrospective study.,PENDING,,,PubMed_Central,,,
v3.1h-022,CYP2C9 interaction between fluconazole and warfarin,DDI,R3,CYP_DDI,42125454,chunk-42125454-001,Milnacipran continuation during pregnancy in a patient with severe post-traumatic stress disorder and psychotic depression: a case report with 3-year pediatric follow-up.,Milnacipran continuation during pregnancy in a patient with severe post-traumatic stress disorder and psychotic depression: a case report with 3-year pediatric follow-up.,PENDING,,,PubMed_Central,,,
v3.1h-022,CYP2C9 interaction between fluconazole and warfarin,DDI,R3,CYP_DDI,42128628,chunk-42128628-001,Comparative efficacy and safety of apixaban and rivaroxaban versus warfarin in atrial fibrillation patients with end-stage renal disease: a systematic review and meta-analysis.,Comparative efficacy and safety of apixaban and rivaroxaban versus warfarin in atrial fibrillation patients with end-stage renal disease: a systematic review and meta-analysis.,PENDING,,,PubMed_Central,,,
v3.1h-022,CYP2C9 interaction between fluconazole and warfarin,DDI,R3,CYP_DDI,42128899,chunk-42128899-001,Cilostazol mitigates amiodarone-induced pulmonary toxicity and fibrosis by regulating the cAMP/TGF-β1 pathway-mediated epithelial-to-mesenchymal transition in rats.,Cilostazol mitigates amiodarone-induced pulmonary toxicity and fibrosis by regulating the cAMP/TGF-β1 pathway-mediated epithelial-to-mesenchymal transition in rats.,PENDING,,,PubMed_Central,,,
v3.1h-022,CYP2C9 interaction between fluconazole and warfarin,DDI,R3,CYP_DDI,42150307,chunk-42150307-001,Metabolomic signatures of SSRI exposure during neural differentiation and correlation of lysophosphatidylcholines with early symptoms of neurodevelopmental disorders.,Metabolomic signatures of SSRI exposure during neural differentiation and correlation of lysophosphatidylcholines with early symptoms of neurodevelopmental disorders.,PENDING,,,PubMed_Central,,,
v3.1h-022,CYP2C9 interaction between fluconazole and warfarin,DDI,R3,CYP_DDI,42159622,chunk-42159622-001,The hidden impact of renal impairment on ribociclib exposure and co-medications: a case report.,The hidden impact of renal impairment on ribociclib exposure and co-medications: a case report.,PENDING,,,PubMed_Central,,,
v3.1h-022,CYP2C9 interaction between fluconazole and warfarin,DDI,R3,CYP_DDI,42181774,chunk-42181774-001,Transient abnormal acylcarnitine profile in newborn screening mimicking multiple acyl-Coenzyme A dehydrogenase deficiency associated with maternal sertraline use.,Transient abnormal acylcarnitine profile in newborn screening mimicking multiple acyl-Coenzyme A dehydrogenase deficiency associated with maternal sertraline use.,PENDING,,,PubMed_Central,,,
v3.1h-022,CYP2C9 interaction between fluconazole and warfarin,DDI,R3,CYP_DDI,42192153,chunk-42192153-001,Folic acid attenuates maternal sertraline-induced hepatic injury in rat offspring.,Folic acid attenuates maternal sertraline-induced hepatic injury in rat offspring.,PENDING,,,PubMed_Central,,,
v3.1h-022,CYP2C9 interaction between fluconazole and warfarin,DDI,R3,CYP_DDI,42206096,chunk-42206096-001,"Anticoagulation associated intracerebral haemorrhage trends, treatment and outcomes in a metropolitan cohort: analysed by availability of specific versus non-specific reversal agents.","Anticoagulation associated intracerebral haemorrhage trends, treatment and outcomes in a metropolitan cohort: analysed by availability of specific versus non-specific reversal agents.",PENDING,,,PubMed_Central,,,
v3.1h-022,CYP2C9 interaction between fluconazole and warfarin,DDI,R3,CYP_DDI,42216360,chunk-42216360-001,Real-world off-label apixaban dosing and clinical outcomes in patients with heart failure and end-stage kidney disease.,Real-world off-label apixaban dosing and clinical outcomes in patients with heart failure and end-stage kidney disease.,PENDING,,,PubMed_Central,,,
v3.1h-022,CYP2C9 interaction between fluconazole and warfarin,DDI,R3,CYP_DDI,42238941,chunk-42238941-001,"A Cross-Sectional Study on Oral Anticoagulant Utilization and Adverse Drug Reactions at Teaching Hospital, Iran.","A Cross-Sectional Study on Oral Anticoagulant Utilization and Adverse Drug Reactions at Teaching Hospital, Iran.",PENDING,,,PubMed_Central,,,
v3.1h-022,CYP2C9 interaction between fluconazole and warfarin,DDI,R3,CYP_DDI,42246839,chunk-42246839-001,Routine blood monitoring in acne vulgaris patients on isotretinoin: Is reassessment warranted? A retrospective cohort study from Tygerberg Hospital.,Routine blood monitoring in acne vulgaris patients on isotretinoin: Is reassessment warranted? A retrospective cohort study from Tygerberg Hospital.,PENDING,,,PubMed_Central,,,
v3.1h-022,CYP2C9 interaction between fluconazole and warfarin,DDI,R3,CYP_DDI,42254302,chunk-42254302-001,Current Trends in NSAID Prescribing for Osteoarthritis and Axial Spondyloarthritis: Insights From Moroccan Rheumatologists Practices.,Current Trends in NSAID Prescribing for Osteoarthritis and Axial Spondyloarthritis: Insights From Moroccan Rheumatologists Practices.,PENDING,,,PubMed_Central,,,
v3.1h-022,CYP2C9 interaction between fluconazole and warfarin,DDI,R3,CYP_DDI,42267072,chunk-42267072-001,A Case of Prolonged Serotonin Toxicity After Fluoxetine Ingestion in an Adolescent Patient.,A Case of Prolonged Serotonin Toxicity After Fluoxetine Ingestion in an Adolescent Patient.,PENDING,,,PubMed_Central,,,
v3.1h-022,CYP2C9 interaction between fluconazole and warfarin,DDI,R3,CYP_DDI,42269153,chunk-42269153-001,Antidotes for Anticoagulation Reversal.,Antidotes for Anticoagulation Reversal.,PENDING,,,PubMed_Central,,,
v3.1h-022,CYP2C9 interaction between fluconazole and warfarin,DDI,R3,CYP_DDI,42292838,chunk-42292838-001,Pharmacological pitfalls in inpatient lung transplant care and management of medication risks.,Pharmacological pitfalls in inpatient lung transplant care and management of medication risks.,PENDING,,,PubMed_Central,,,
v3.1h-022,CYP2C9 interaction between fluconazole and warfarin,DDI,R3,CYP_DDI,42293737,chunk-42293737-001,A UK-wide analysis of the use of reversal agents in 198 patients on direct oral anticoagulants prior to urgent procedures.,A UK-wide analysis of the use of reversal agents in 198 patients on direct oral anticoagulants prior to urgent procedures.,PENDING,,,PubMed_Central,,,
v3.1h-022,CYP2C9 interaction between fluconazole and warfarin,DDI,R3,CYP_DDI,42294746,chunk-42294746-001,[Which aldosterone antagonist? Choosing between sprionolactone and the novel drug finerenone].,[Which aldosterone antagonist? Choosing between sprionolactone and the novel drug finerenone].,PENDING,,,PubMed_Central,,,
v3.1h-022,CYP2C9 interaction between fluconazole and warfarin,DDI,R3,CYP_DDI,42295720,chunk-42295720-001,Continuous alternate day vs intermittent daily fixed doses of oral isotretinoin in grade 2 acne vulgaris.,Continuous alternate day vs intermittent daily fixed doses of oral isotretinoin in grade 2 acne vulgaris.,PENDING,,,PubMed_Central,,,
v3.1h-022,CYP2C9 interaction between fluconazole and warfarin,DDI,R3,CYP_DDI,42306636,chunk-42306636-001,Unexpected Improvement of Obsessive-Compulsive Disorder Symptoms Following the Mistaken Prescription of Clomiphene: A Novel Perspective on Hormonal Influences in OCD.,Unexpected Improvement of Obsessive-Compulsive Disorder Symptoms Following the Mistaken Prescription of Clomiphene: A Novel Perspective on Hormonal Influences in OCD.,PENDING,,,PubMed_Central,,,
v3.1h-022,CYP2C9 interaction between fluconazole and warfarin,DDI,R3,CYP_DDI,42318218,chunk-42318218-001,A case report and literature review of proton pump inhibitors inducing insulin autoimmune syndrome.,A case report and literature review of proton pump inhibitors inducing insulin autoimmune syndrome.,PENDING,,,PubMed_Central,,,
v3.1h-022,CYP2C9 interaction between fluconazole and warfarin,DDI,R3,CYP_DDI,42326111,chunk-42326111-001,Lascufloxacin-Induced QT Prolongation in an Elderly Patient Treated With Escitalopram: A Case Report.,Lascufloxacin-Induced QT Prolongation in an Elderly Patient Treated With Escitalopram: A Case Report.,PENDING,,,PubMed_Central,,,
v3.1h-022,CYP2C9 interaction between fluconazole and warfarin,DDI,R3,CYP_DDI,42327596,chunk-42327596-001,Thrombosis and Survival after Prothrombin Complex Concentrate Use to treat Oral Anticoagulant Associated Haemorrhage.,Thrombosis and Survival after Prothrombin Complex Concentrate Use to treat Oral Anticoagulant Associated Haemorrhage.,PENDING,,,PubMed_Central,,,
v3.1h-022,CYP2C9 interaction between fluconazole and warfarin,DDI,R3,CYP_DDI,42332214,chunk-42332214-001,Optimizing Amiodarone Maintenance Dose to Minimize N-Desethylamiodarone Accumulation and Pulmonary Toxicity: Insights from Machine Learning and Pharmacokinetic Simulation.,Optimizing Amiodarone Maintenance Dose to Minimize N-Desethylamiodarone Accumulation and Pulmonary Toxicity: Insights from Machine Learning and Pharmacokinetic Simulation.,PENDING,,,PubMed_Central,,,
v3.1h-022,CYP2C9 interaction between fluconazole and warfarin,DDI,R3,CYP_DDI,42332506,chunk-42332506-001,Pachydermoperiostosis (Touraine-Solente-Gole syndrome): A case report and literature review.,Pachydermoperiostosis (Touraine-Solente-Gole syndrome): A case report and literature review.,PENDING,,,PubMed_Central,,,
v3.1h-022,CYP2C9 interaction between fluconazole and warfarin,DDI,R3,CYP_DDI,42349978,chunk-42349978-001,New Agents for Acne Treatment and Updates to Isotretinoin Guidelines.,New Agents for Acne Treatment and Updates to Isotretinoin Guidelines.,PENDING,,,PubMed_Central,,,
v3.1h-022,CYP2C9 interaction between fluconazole and warfarin,DDI,R3,CYP_DDI,42359186,chunk-42359186-001,Early-Onset Amiodarone Pulmonary Toxicity at a Standard Maintenance Dose Masquerading as Decompensated Heart Failure: A Case Report and Literature Review.,Early-Onset Amiodarone Pulmonary Toxicity at a Standard Maintenance Dose Masquerading as Decompensated Heart Failure: A Case Report and Literature Review.,PENDING,,,PubMed_Central,,,
v3.1h-022,CYP2C9 interaction between fluconazole and warfarin,DDI,R3,CYP_DDI,42364820,chunk-42364820-001,Finerenone: a next-generation nonsteroidal mineralocorticoid receptor antagonist reshaping the management of cardiovascular and metabolic diseases.,Finerenone: a next-generation nonsteroidal mineralocorticoid receptor antagonist reshaping the management of cardiovascular and metabolic diseases.,PENDING,,,PubMed_Central,,,
v3.1h-022,CYP2C9 interaction between fluconazole and warfarin,DDI,R3,CYP_DDI,42366387,chunk-42366387-001,Cannabidiol as an adjunct in refractory paroxysmal sympathetic hyperactivity following severe traumatic brain injury: a case report.,Cannabidiol as an adjunct in refractory paroxysmal sympathetic hyperactivity following severe traumatic brain injury: a case report.,PENDING,,,PubMed_Central,,,
v3.1h-022,CYP2C9 interaction between fluconazole and warfarin,DDI,R3,CYP_DDI,42366486,chunk-42366486-001,Finerenone and Cardiorenal Outcomes: A Narrative Review.,Finerenone and Cardiorenal Outcomes: A Narrative Review.,PENDING,,,PubMed_Central,,,
v3.1h-022,CYP2C9 interaction between fluconazole and warfarin,DDI,R3,CYP_DDI,42368238,chunk-42368238-001,"Optimized Oral Glutamatergic Augmentation in Refractory Home-Dominant Contamination Obsessive-Compulsive Disorder With Somatic, Affective, and Motivational Features: A Case Report of Incremental Functional Gains.","Optimized Oral Glutamatergic Augmentation in Refractory Home-Dominant Contamination Obsessive-Compulsive Disorder With Somatic, Affective, and Motivational Features: A Case Report of Incremental Functional Gains.",PENDING,,,PubMed_Central,,,
v3.1h-022,CYP2C9 interaction between fluconazole and warfarin,DDI,R3,CYP_DDI,42371403,chunk-42371403-001,Does gabapentin add value to multimodal analgesia in thoracic surgery? A procedure-specific meta-analysis.,Does gabapentin add value to multimodal analgesia in thoracic surgery? A procedure-specific meta-analysis.,PENDING,,,PubMed_Central,,,
v3.1h-022,CYP2C9 interaction between fluconazole and warfarin,DDI,R3,CYP_DDI,42374912,chunk-42374912-001,Risk of Hyperkalemia in Patients with Heart Failure Treated with Spironolactone in Combination with Sacubitril/Valsartan vs. Renin-Angiotensin System Inhibitors.,Risk of Hyperkalemia in Patients with Heart Failure Treated with Spironolactone in Combination with Sacubitril/Valsartan vs. Renin-Angiotensin System Inhibitors.,PENDING,,,PubMed_Central,,,
v3.1h-022,CYP2C9 interaction between fluconazole and warfarin,DDI,R3,CYP_DDI,42394350,chunk-42394350-001,"The DOAC-FRAIL Study-Same Dose, Different Story: Prevalence of Deviant Direct Oral Anticoagulant Levels in Nursing Home Residents.","The DOAC-FRAIL Study-Same Dose, Different Story: Prevalence of Deviant Direct Oral Anticoagulant Levels in Nursing Home Residents.",PENDING,,,PubMed_Central,,,
v3.1h-022,CYP2C9 interaction between fluconazole and warfarin,DDI,R3,CYP_DDI,42398817,chunk-42398817-001,Rediscovering digitalis in heart failure with reduced ejection fraction: Current evidence and expert survey on contemporary use.,Rediscovering digitalis in heart failure with reduced ejection fraction: Current evidence and expert survey on contemporary use.,PENDING,,,PubMed_Central,,,
v3.1h-022,CYP2C9 interaction between fluconazole and warfarin,DDI,R3,CYP_DDI,42413824,chunk-42413824-001,Direct oral anticoagulant use and drug-drug interactions in transplant recipients receiving calcineurin inhibitors.,Direct oral anticoagulant use and drug-drug interactions in transplant recipients receiving calcineurin inhibitors.,PENDING,,,PubMed_Central,,,
v3.1h-022,CYP2C9 interaction between fluconazole and warfarin,DDI,R3,CYP_DDI,42415794,chunk-42415794-001,Pharmacovigilance profiles of three generations of mineralocorticoid receptor antagonists and network toxicology analysis.,Pharmacovigilance profiles of three generations of mineralocorticoid receptor antagonists and network toxicology analysis.,PENDING,,,PubMed_Central,,,
v3.1h-022,CYP2C9 interaction between fluconazole and warfarin,DDI,R3,CYP_DDI,42429832,chunk-42429832-001,Current perspectives on natural and pharmacological interventions for combating drug-induced pulmonary toxicity.,Current perspectives on natural and pharmacological interventions for combating drug-induced pulmonary toxicity.,PENDING,,,PubMed_Central,,,
v3.1h-022,CYP2C9 interaction between fluconazole and warfarin,DDI,R3,CYP_DDI,42431357,chunk-42431357-001,"Oral use of anxiolytic, sedative, and anaesthetic medications in domestic cats (Felis catus): A scoping review.","Oral use of anxiolytic, sedative, and anaesthetic medications in domestic cats (Felis catus): A scoping review.",PENDING,,,PubMed_Central,,,
v3.1h-022,CYP2C9 interaction between fluconazole and warfarin,DDI,R3,CYP_DDI,42436620,chunk-42436620-001,Research on drug interactions and efficacy optimization of combined medication for elderly patients with ischemic cerebrovascular disease in Guangxi Zhuang Autonomous Region.,Research on drug interactions and efficacy optimization of combined medication for elderly patients with ischemic cerebrovascular disease in Guangxi Zhuang Autonomous Region.,PENDING,,,PubMed_Central,,,
v3.1h-022,CYP2C9 interaction between fluconazole and warfarin,DDI,R3,CYP_DDI,42437608,chunk-42437608-001,"Influence of prior administration of gabapentin and integrative practices on sedation scores, physiological parameters, and propofol requirement in cats sedated with dexmedetomidine.","Influence of prior administration of gabapentin and integrative practices on sedation scores, physiological parameters, and propofol requirement in cats sedated with dexmedetomidine.",PENDING,,,PubMed_Central,,,
v3.1h-022,CYP2C9 interaction between fluconazole and warfarin,DDI,R3,CYP_DDI,42438486,chunk-42438486-001,"A first-in-human study evaluating safety, PK, and PD of a novel universal anticoagulant reversal agent, OKL-1111.","A first-in-human study evaluating safety, PK, and PD of a novel universal anticoagulant reversal agent, OKL-1111.",PENDING,,,PubMed_Central,,,
v3.1h-022,CYP2C9 interaction between fluconazole and warfarin,DDI,R3,CYP_DDI,42438581,chunk-42438581-001,Unmasking Refractory Hypothyroidism: Persistent Iron-Levothyroxine Interaction Despite Appropriate Dose Separation.,Unmasking Refractory Hypothyroidism: Persistent Iron-Levothyroxine Interaction Despite Appropriate Dose Separation.,PENDING,,,PubMed_Central,,,
v3.1h-022,CYP2C9 interaction between fluconazole and warfarin,DDI,R3,CYP_DDI,42448258,chunk-42448258-001,Anticoagulant Regimen for Nonvalvular Atrial Fibrillation in the Elderly and Frail Population.,Anticoagulant Regimen for Nonvalvular Atrial Fibrillation in the Elderly and Frail Population.,PENDING,,,PubMed_Central,,,
v3.1h-022,CYP2C9 interaction between fluconazole and warfarin,DDI,R3,CYP_DDI,42458467,chunk-42458467-001,"Use of prescription medications potentially harmful during pregnancy among women of reproductive age by pregnancy status and contraceptive use in the United States, 2009-2020.","Use of prescription medications potentially harmful during pregnancy among women of reproductive age by pregnancy status and contraceptive use in the United States, 2009-2020.",PENDING,,,PubMed_Central,,,
v3.1h-022,CYP2C9 interaction between fluconazole and warfarin,DDI,R3,CYP_DDI,42461919,chunk-42461919-001,Signal mining and analysis of adverse events associated with Isotretinoin: A 20-Year real-world pharmacovigilance study based on FAERS and EudraVigilance databases.,Signal mining and analysis of adverse events associated with Isotretinoin: A 20-Year real-world pharmacovigilance study based on FAERS and EudraVigilance databases.,PENDING,,,PubMed_Central,,,
v3.1h-022,CYP2C9 interaction between fluconazole and warfarin,DDI,R3,CYP_DDI,42462752,chunk-42462752-001,Risk of fracture with gabapentinoid treatment in older adults: a multinational population-based study.,Risk of fracture with gabapentinoid treatment in older adults: a multinational population-based study.,PENDING,,,PubMed_Central,,,
v3.1h-022,CYP2C9 interaction between fluconazole and warfarin,DDI,R3,CYP_DDI,42466914,chunk-42466914-001,Amiodarone-induced pulmonary toxicity: case series and review of clinical-radiological correlations.,Amiodarone-induced pulmonary toxicity: case series and review of clinical-radiological correlations.,PENDING,,,PubMed_Central,,,
v3.1h-022,CYP2C9 interaction between fluconazole and warfarin,DDI,R3,CYP_DDI,42475421,chunk-42475421-001,"Vascular Endothelial Growth Factor Receptor 1-Blocking Antibody Improves Endothelial Structure, Kidney Function, and GFR in Diabetic Mice.","Vascular Endothelial Growth Factor Receptor 1-Blocking Antibody Improves Endothelial Structure, Kidney Function, and GFR in Diabetic Mice.",PENDING,,,PubMed_Central,,,
v3.1h-022,CYP2C9 interaction between fluconazole and warfarin,DDI,R3,CYP_DDI,42481856,chunk-42481856-001,Integrating Clinical Evidence with PBPK Modeling to Assess PPI-Clopidogrel-CYP2C19 Interactions in Chinese ACS Patients.,Integrating Clinical Evidence with PBPK Modeling to Assess PPI-Clopidogrel-CYP2C19 Interactions in Chinese ACS Patients.,PENDING,,,PubMed_Central,,,
v3.1h-022,CYP2C9 interaction between fluconazole and warfarin,DDI,R3,CYP_DDI,42483729,chunk-42483729-001,"Once-Nightly Pregabalin for Co-Occurring Nightmares, Poor Sleep, and Headaches: A Case Series.","Once-Nightly Pregabalin for Co-Occurring Nightmares, Poor Sleep, and Headaches: A Case Series.",PENDING,,,PubMed_Central,,,
v3.1h-022,CYP2C9 interaction between fluconazole and warfarin,DDI,R3,CYP_DDI,42484991,chunk-42484991-001,Budget Impact of Eplerenone for Heart Failure with Reduced Ejection Fraction: National Perspective and Regional Implications in Italy.,Budget Impact of Eplerenone for Heart Failure with Reduced Ejection Fraction: National Perspective and Regional Implications in Italy.,PENDING,,,PubMed_Central,,,
v3.1h-022,CYP2C9 interaction between fluconazole and warfarin,DDI,R3,CYP_DDI,42489609,chunk-42489609-001,Cilostazol-Induced Digoxin Toxicity Presenting as Accelerated Idioventricular Rhythm and Recurrent Syncope.,Cilostazol-Induced Digoxin Toxicity Presenting as Accelerated Idioventricular Rhythm and Recurrent Syncope.,PENDING,,,PubMed_Central,,,
v3.1h-022,CYP2C9 interaction between fluconazole and warfarin,DDI,R3,CYP_DDI,42497636,chunk-42497636-001,Macrophage membrane camouflaged biomimetic nanomedicine for normalizing electrical dysfunction and inflammation pathology in atrial fibrillation.,Macrophage membrane camouflaged biomimetic nanomedicine for normalizing electrical dysfunction and inflammation pathology in atrial fibrillation.,PENDING,,,PubMed_Central,,,
v3.1h-022,CYP2C9 interaction between fluconazole and warfarin,DDI,R3,CYP_DDI,42499456,chunk-42499456-001,"Association of Proximal Tubule Secretion With Hyperkalemia Risk, Treatment Response, and Outcomes in Heart Failure With Preserved Ejection Fraction.","Association of Proximal Tubule Secretion With Hyperkalemia Risk, Treatment Response, and Outcomes in Heart Failure With Preserved Ejection Fraction.",PENDING,,,PubMed_Central,,,
v3.1h-022,CYP2C9 interaction between fluconazole and warfarin,DDI,R3,CYP_DDI,42515713,chunk-42515713-001,CYP2D6 Metabolizer Phenotype Is Associated with Early Antidepressant Discontinuation in the UK Biobank.,CYP2D6 Metabolizer Phenotype Is Associated with Early Antidepressant Discontinuation in the UK Biobank.,PENDING,,,PubMed_Central,,,
v3.1h-022,CYP2C9 interaction between fluconazole and warfarin,DDI,R3,CYP_DDI,42522519,chunk-42522519-001,Examining the safety of dermatological and surgical procedures in patients undergoing systemic isotretinoin therapy: An updated review.,Examining the safety of dermatological and surgical procedures in patients undergoing systemic isotretinoin therapy: An updated review.,PENDING,,,PubMed_Central,,,
v3.1h-022,CYP2C9 interaction between fluconazole and warfarin,DDI,R3,CYP_DDI,42527260,chunk-42527260-001,Gabapentin for Postoperative Analgesia in Cardiac Surgery via Sternotomy: A Systematic Review and Meta-Analysis of Randomized Controlled Trials.,Gabapentin for Postoperative Analgesia in Cardiac Surgery via Sternotomy: A Systematic Review and Meta-Analysis of Randomized Controlled Trials.,PENDING,,,PubMed_Central,,,
v3.1h-022,CYP2C9 interaction between fluconazole and warfarin,DDI,R3,CYP_DDI,42528583,chunk-42528583-001,Amiodarone-induced granulomatous lung injury mimicking organizing pneumonia: a case report.,Amiodarone-induced granulomatous lung injury mimicking organizing pneumonia: a case report.,PENDING,,,PubMed_Central,,,
v3.1h-022,CYP2C9 interaction between fluconazole and warfarin,DDI,R3,CYP_DDI,42546121,chunk-42546121-001,Direct Oral Anticoagulants for Atrial Fibrillation in Patients Receiving Hemodialysis: A Review and Discussion of Evidence.,Direct Oral Anticoagulants for Atrial Fibrillation in Patients Receiving Hemodialysis: A Review and Discussion of Evidence.,PENDING,,,PubMed_Central,,,
v3.1h-022,CYP2C9 interaction between fluconazole and warfarin,DDI,R3,CYP_DDI,42558881,chunk-42558881-001,Drug-associated psoriasis: a pharmacovigilance study based on the FAERS database.,Drug-associated psoriasis: a pharmacovigilance study based on the FAERS database.,PENDING,,,PubMed_Central,,,
v3.1h-022,CYP2C9 interaction between fluconazole and warfarin,DDI,R3,CYP_DDI,42571795,chunk-42571795-001,Mechanistic insights into cytochrome P450 inhibition by progesterone and its impact on fluoxetine pharmacokinetics.,Mechanistic insights into cytochrome P450 inhibition by progesterone and its impact on fluoxetine pharmacokinetics.,PENDING,,,PubMed_Central,,,
v3.1h-022,CYP2C9 interaction between fluconazole and warfarin,DDI,R3,CYP_DDI,42573610,chunk-42573610-001,Paracetamol-induced hepatic injury following intentional self-poisoning: a case report and therapeutic considerations.,Paracetamol-induced hepatic injury following intentional self-poisoning: a case report and therapeutic considerations.,PENDING,,,PubMed_Central,,,
v3.1h-022,CYP2C9 interaction between fluconazole and warfarin,DDI,R3,CYP_DDI,42580175,chunk-42580175-001,"Iodine excess in relation to decreased free thyroxine levels during pregnancy in an iodine-sufficient region, and potential interactions with iron and selenium.","Iodine excess in relation to decreased free thyroxine levels during pregnancy in an iodine-sufficient region, and potential interactions with iron and selenium.",PENDING,,,PubMed_Central,,,
v3.1h-022,CYP2C9 interaction between fluconazole and warfarin,DDI,R3,CYP_DDI,42580545,chunk-42580545-001,Non-steroidal anti-inflammatory drugs and CYP2C9 - Impacts of genetics and phenoconversion on the risk of adverse effects.,Non-steroidal anti-inflammatory drugs and CYP2C9 - Impacts of genetics and phenoconversion on the risk of adverse effects.,PENDING,,,PubMed_Central,,,
v3.1h-022,CYP2C9 interaction between fluconazole and warfarin,DDI,R3,CYP_DDI,42584699,chunk-42584699-001,"The ""obesity paradox"" in dosing: a comprehensive analytical review of cockcroft-gault versus CKD-EPI for predicting clearance of narrow-therapeutic-index drugs in patients with BMI > 40 kg/m².","The ""obesity paradox"" in dosing: a comprehensive analytical review of cockcroft-gault versus CKD-EPI for predicting clearance of narrow-therapeutic-index drugs in patients with BMI > 40 kg/m².",PENDING,,,PubMed_Central,,,
v3.1h-022,CYP2C9 interaction between fluconazole and warfarin,DDI,R3,CYP_DDI,42586461,chunk-42586461-001,Pharmacogenomic and drug interactions risk in cardio-oncology: A precision medicine perspective for India.,Pharmacogenomic and drug interactions risk in cardio-oncology: A precision medicine perspective for India.,PENDING,,,PubMed_Central,,,
v3.1h-022,CYP2C9 interaction between fluconazole and warfarin,DDI,R3,CYP_DDI,42587752,chunk-42587752-001,Rapid Volumetric Bioprinting Coupled with Dynamic Perfusion Enhances Human Hepatic Organoid Toxicity Testing.,Rapid Volumetric Bioprinting Coupled with Dynamic Perfusion Enhances Human Hepatic Organoid Toxicity Testing.,PENDING,,,PubMed_Central,,,
v3.1h-022,CYP2C9 interaction between fluconazole and warfarin,DDI,R3,CYP_DDI,42590087,chunk-42590087-001,"Digoxin Dosing Errors, Drug Interactions and Off-Label Risks: Insights from an EudraVigilance Disproportionality Analysis.","Digoxin Dosing Errors, Drug Interactions and Off-Label Risks: Insights from an EudraVigilance Disproportionality Analysis.",PENDING,,,PubMed_Central,,,
v3.1h-022,CYP2C9 interaction between fluconazole and warfarin,DDI,R3,CYP_DDI,42591558,chunk-42591558-001,Physiologically based pharmacokinetic modeling of fluconazole: interpretation of gender-dependent pharmacokinetics and cytochrome P450 inhibition.,Physiologically based pharmacokinetic modeling of fluconazole: interpretation of gender-dependent pharmacokinetics and cytochrome P450 inhibition.,PENDING,,,PubMed_Central,,,
v3.1h-022,CYP2C9 interaction between fluconazole and warfarin,DDI,R3,CYP_DDI,42595037,chunk-42595037-001,Evidence for the Use of Steroidal Aldosterone Antagonists in Patients With Kidney Failure.,Evidence for the Use of Steroidal Aldosterone Antagonists in Patients With Kidney Failure.,PENDING,,,PubMed_Central,,,
v3.1h-022,CYP2C9 interaction between fluconazole and warfarin,DDI,R3,CYP_DDI,42595240,chunk-42595240-001,Xenobiotic-Induced Liver Injury in the United States: A 25-Year Retrospective Analysis of National Poison Data System.,Xenobiotic-Induced Liver Injury in the United States: A 25-Year Retrospective Analysis of National Poison Data System.,PENDING,,,PubMed_Central,,,
v3.1h-022,CYP2C9 interaction between fluconazole and warfarin,DDI,R3,CYP_DDI,42596979,chunk-42596979-001,Sertraline use in pregnancy and placental transfer: A pharmacokinetic prospective cohort study.,Sertraline use in pregnancy and placental transfer: A pharmacokinetic prospective cohort study.,PENDING,,,PubMed_Central,,,
v3.1h-022,CYP2C9 interaction between fluconazole and warfarin,DDI,R3,CYP_DDI,42598366,chunk-42598366-001,"A 76-Year-Old Man With Hemorrhagic Stroke, Recurrent Thromboembolic Events, and Atrial Fibrillation Under Optimal Medical Treatment: When Anticoagulants Fail.","A 76-Year-Old Man With Hemorrhagic Stroke, Recurrent Thromboembolic Events, and Atrial Fibrillation Under Optimal Medical Treatment: When Anticoagulants Fail.",PENDING,,,PubMed_Central,,,
v3.1h-022,CYP2C9 interaction between fluconazole and warfarin,DDI,R3,CYP_DDI,42603144,chunk-42603144-001,Differential Quantification of Cutibacterium acnes Phylotypes IA and IB/II on Healthy and Acne-Prone Human Skin.,Differential Quantification of Cutibacterium acnes Phylotypes IA and IB/II on Healthy and Acne-Prone Human Skin.,PENDING,,,PubMed_Central,,,
v3.1h-022,CYP2C9 interaction between fluconazole and warfarin,DDI,R3,CYP_DDI,42610101,chunk-42610101-001,Nature's Poison Pill: A Case of Digoxin-Like Toxicity From the Seed of the Ornamental Plant Thevetia peruviana.,Nature's Poison Pill: A Case of Digoxin-Like Toxicity From the Seed of the Ornamental Plant Thevetia peruviana.,PENDING,,,PubMed_Central,,,
v3.1h-022,CYP2C9 interaction between fluconazole and warfarin,DDI,R3,CYP_DDI,42618000,chunk-42618000-001,Pipamperone metabolism by various recombinant cytochrome preparations.,Pipamperone metabolism by various recombinant cytochrome preparations.,PENDING,,,PubMed_Central,,,
v3.1h-022,CYP2C9 interaction between fluconazole and warfarin,DDI,R3,CYP_DDI,42621983,chunk-42621983-001,Mass-Forming NSAID-Associated Colopathy Mimicking Right-Sided Colon Cancer: A Case Report.,Mass-Forming NSAID-Associated Colopathy Mimicking Right-Sided Colon Cancer: A Case Report.,PENDING,,,PubMed_Central,,,
v3.1h-022,CYP2C9 interaction between fluconazole and warfarin,DDI,R3,CYP_DDI,42622073,chunk-42622073-001,Assessment of Pharmacokinetic Interaction and Clinical Efficacy of Clopidogrel Co-administered with Ilaprazole.,Assessment of Pharmacokinetic Interaction and Clinical Efficacy of Clopidogrel Co-administered with Ilaprazole.,PENDING,,,PubMed_Central,,,
v3.1h-022,CYP2C9 interaction between fluconazole and warfarin,DDI,R3,CYP_DDI,42628776,chunk-42628776-001,Differentiating hepatic and renal toxicity reveals CYP-independent mechanisms of acetaminophen-induced acute kidney injury.,Differentiating hepatic and renal toxicity reveals CYP-independent mechanisms of acetaminophen-induced acute kidney injury.,PENDING,,,PubMed_Central,,,
v3.1h-022,CYP2C9 interaction between fluconazole and warfarin,DDI,R3,CYP_DDI,42628883,chunk-42628883-001,Effects of psychotropic medications on a placenta cell model: A functional study with BeWo cells.,Effects of psychotropic medications on a placenta cell model: A functional study with BeWo cells.,PENDING,,,PubMed_Central,,,
v3.1h-022,CYP2C9 interaction between fluconazole and warfarin,DDI,R3,CYP_DDI,42630019,chunk-42630019-001,Pharmacogenomics in Dentistry: From CYP-Mediated Drug Response to Precision Prescribing in Oral Healthcare.,Pharmacogenomics in Dentistry: From CYP-Mediated Drug Response to Precision Prescribing in Oral Healthcare.,PENDING,,,PubMed_Central,,,
v3.1h-022,CYP2C9 interaction between fluconazole and warfarin,DDI,R3,CYP_DDI,42631638,chunk-42631638-001,Diallyl trisulfide ameliorates acetaminophen-induced acute liver injury through the oxidative modification of CYP2E1 cysteine residues.,Diallyl trisulfide ameliorates acetaminophen-induced acute liver injury through the oxidative modification of CYP2E1 cysteine residues.,PENDING,,,PubMed_Central,,,
v3.1h-022,CYP2C9 interaction between fluconazole and warfarin,DDI,R3,CYP_DDI,42631653,chunk-42631653-001,Application of Physiologically Based Pharmacokinetic Modeling to Optimize Assessment of Age-Related Fluoxetine Accumulation in the Elderly.,Application of Physiologically Based Pharmacokinetic Modeling to Optimize Assessment of Age-Related Fluoxetine Accumulation in the Elderly.,PENDING,,,PubMed_Central,,,
v3.1h-022,CYP2C9 interaction between fluconazole and warfarin,DDI,R3,CYP_DDI,42632694,chunk-42632694-001,Oral co-delivery of quercetin and anthocyanins via dual-ligand nanoparticles alleviate obesity and associated metabolic disorders.,Oral co-delivery of quercetin and anthocyanins via dual-ligand nanoparticles alleviate obesity and associated metabolic disorders.,PENDING,,,PubMed_Central,,,
v3.1h-022,CYP2C9 interaction between fluconazole and warfarin,DDI,R3,CYP_DDI,42633086,chunk-42633086-001,Nivolumab after recurrent pembrolizumab-associated hepatotoxicity in PD-L1-high metastatic squamous non-small cell lung cancer: a case report.,Nivolumab after recurrent pembrolizumab-associated hepatotoxicity in PD-L1-high metastatic squamous non-small cell lung cancer: a case report.,PENDING,,,PubMed_Central,,,
v3.1h-022,CYP2C9 interaction between fluconazole and warfarin,DDI,R3,CYP_DDI,42636556,chunk-42636556-001,Multicenter Evaluation of Opioid Prescribing After Minimally Invasive Repair of Pectus Excavatum Before The 2024 American Academy of Pediatrics Guideline: Room to Improve.,Multicenter Evaluation of Opioid Prescribing After Minimally Invasive Repair of Pectus Excavatum Before The 2024 American Academy of Pediatrics Guideline: Room to Improve.,PENDING,,,PubMed_Central,,,
v3.1h-022,CYP2C9 interaction between fluconazole and warfarin,DDI,R3,CYP_DDI,42636576,chunk-42636576-001,"Real-world variability and factors associated with individual low-density-lipoprotein cholesterol response to different doses of atorvastatin, rosuvastatin, and simvastatin in 28,647 Chinese patients.","Real-world variability and factors associated with individual low-density-lipoprotein cholesterol response to different doses of atorvastatin, rosuvastatin, and simvastatin in 28,647 Chinese patients.",PENDING,,,PubMed_Central,,,
v3.1h-022,CYP2C9 interaction between fluconazole and warfarin,DDI,R3,CYP_DDI,42637515,chunk-42637515-001,An uncommon side effect of statins: perioral neuropathic symptoms.,An uncommon side effect of statins: perioral neuropathic symptoms.,PENDING,,,PubMed_Central,,,
v3.1h-022,CYP2C9 interaction between fluconazole and warfarin,DDI,R3,CYP_DDI,42638417,chunk-42638417-001,The Bacterial Metabolite Lndole-3-Propionic Acid Alleviates Acetaminophen-Induced Acute Liver Injury Partly through the Aryl Hydrocarbon Receptor Pathway.,The Bacterial Metabolite Lndole-3-Propionic Acid Alleviates Acetaminophen-Induced Acute Liver Injury Partly through the Aryl Hydrocarbon Receptor Pathway.,PENDING,,,PubMed_Central,,,
v3.1h-022,CYP2C9 interaction between fluconazole and warfarin,DDI,R3,CYP_DDI,42643702,chunk-42643702-001,Sex-Specific Safety Signals of Finerenone Versus Spironolactone: Insights From the FDA Adverse Event Reporting System.,Sex-Specific Safety Signals of Finerenone Versus Spironolactone: Insights From the FDA Adverse Event Reporting System.,PENDING,,,PubMed_Central,,,
v3.1h-022,CYP2C9 interaction between fluconazole and warfarin,DDI,R3,CYP_DDI,42645604,chunk-42645604-001,"Berberine-associated lipid-inflammatory regulation in atherosclerosis: an integrative transcriptomic, single-cell, and in vivo study.","Berberine-associated lipid-inflammatory regulation in atherosclerosis: an integrative transcriptomic, single-cell, and in vivo study.",PENDING,,,PubMed_Central,,,
v3.1h-022,CYP2C9 interaction between fluconazole and warfarin,DDI,R3,CYP_DDI,42647165,chunk-42647165-001,Pharmacotherapeutic considerations for the treatment of post-traumatic stress disorder during and after pregnancy: an update.,Pharmacotherapeutic considerations for the treatment of post-traumatic stress disorder during and after pregnancy: an update.,PENDING,,,PubMed_Central,,,
v3.1h-022,CYP2C9 interaction between fluconazole and warfarin,DDI,R3,CYP_DDI,42647942,chunk-42647942-001,Use of Corrected QT Cutoffs Derived from Biological Variation to Predict Adverse Events Due to Antipsychotic Drugs: Case Report.,Use of Corrected QT Cutoffs Derived from Biological Variation to Predict Adverse Events Due to Antipsychotic Drugs: Case Report.,PENDING,,,PubMed_Central,,,
v3.1h-022,CYP2C9 interaction between fluconazole and warfarin,DDI,R3,CYP_DDI,42652369,chunk-42652369-001,"Shifting Public Interest in Liver Health, Hepatotoxic Medications, and Dietary Supplements in Kazakhstan: A Five-Year Google Trends Infodemiology Study.","Shifting Public Interest in Liver Health, Hepatotoxic Medications, and Dietary Supplements in Kazakhstan: A Five-Year Google Trends Infodemiology Study.",PENDING,,,PubMed_Central,,,
v3.1h-022,CYP2C9 interaction between fluconazole and warfarin,DDI,R3,CYP_DDI,42653071,chunk-42653071-001,Safety and Efficacy Assessment of Cannabis Plant Compared to Atorvastatin for Lipid Lowering in Diabetic and Obese Wistar Male Rats.,Safety and Efficacy Assessment of Cannabis Plant Compared to Atorvastatin for Lipid Lowering in Diabetic and Obese Wistar Male Rats.,PENDING,,,PubMed_Central,,,
v3.1h-022,CYP2C9 interaction between fluconazole and warfarin,DDI,R3,CYP_DDI,42653173,chunk-42653173-001,Molecular Mechanisms of Acute Drug Toxicity in Polypharmacy: Analgesic-Psychotropic Interactions.,Molecular Mechanisms of Acute Drug Toxicity in Polypharmacy: Analgesic-Psychotropic Interactions.,PENDING,,,PubMed_Central,,,
v3.1h-022,CYP2C9 interaction between fluconazole and warfarin,DDI,R3,CYP_DDI,42653808,chunk-42653808-001,"Berberine-Drug Interactions: Mechanisms, Clinical Relevance and Risk Stratification-A Narrative Review.","Berberine-Drug Interactions: Mechanisms, Clinical Relevance and Risk Stratification-A Narrative Review.",PENDING,,,PubMed_Central,,,
v3.1h-022,CYP2C9 interaction between fluconazole and warfarin,DDI,R3,CYP_DDI,42654146,chunk-42654146-001,Moxifloxacin-Mediated Downregulation of Intestinal P-Glycoprotein Alters the Pharmacokinetics of Dabigatran Etexilate: Mechanistic Insights in Rats and PBPK Model-Informed Dose Optimization.,Moxifloxacin-Mediated Downregulation of Intestinal P-Glycoprotein Alters the Pharmacokinetics of Dabigatran Etexilate: Mechanistic Insights in Rats and PBPK Model-Informed Dose Optimization.,PENDING,,,PubMed_Central,,,
v3.1h-022,CYP2C9 interaction between fluconazole and warfarin,DDI,R3,CYP_DDI,42654342,chunk-42654342-001,Therapeutic Potential of Anti-Obesity Drugs in Obesity-Associated Female Reproductive Dysfunction: Translating Mechanistic Evidence into Personalized Clinical Strategies.,Therapeutic Potential of Anti-Obesity Drugs in Obesity-Associated Female Reproductive Dysfunction: Translating Mechanistic Evidence into Personalized Clinical Strategies.,PENDING,,,PubMed_Central,,,
v3.1h-022,CYP2C9 interaction between fluconazole and warfarin,DDI,R3,CYP_DDI,42658230,chunk-42658230-001,Supratherapeutic Digoxin Levels in Children with Cardiac Disease.,Supratherapeutic Digoxin Levels in Children with Cardiac Disease.,PENDING,,,PubMed_Central,,,
v3.1h-022,CYP2C9 interaction between fluconazole and warfarin,DDI,R3,CYP_DDI,42660303,chunk-42660303-001,Cardioprotective effects of natural phytochemicals from traditional medicinal plants against doxorubicin-induced cardiotoxicity: A meta-analysis of preclinical studies.,Cardioprotective effects of natural phytochemicals from traditional medicinal plants against doxorubicin-induced cardiotoxicity: A meta-analysis of preclinical studies.,PENDING,,,PubMed_Central,,,
v3.1h-022,CYP2C9 interaction between fluconazole and warfarin,DDI,R3,CYP_DDI,42661734,chunk-42661734-001,Sex-specific effects of resveratrol and metformin on mitochondrial function and inflammatory activation in a TNF-α-driven human iPSC-derived endothelial dysfunction model.,Sex-specific effects of resveratrol and metformin on mitochondrial function and inflammatory activation in a TNF-α-driven human iPSC-derived endothelial dysfunction model.,PENDING,,,PubMed_Central,,,
v3.1h-022,CYP2C9 interaction between fluconazole and warfarin,DDI,R3,CYP_DDI,42662112,chunk-42662112-001,A Comparative Study to Evaluate the Renoprotective Effect of Antidiabetic Drugs in Patients With Type 2 Diabetes Mellitus.,A Comparative Study to Evaluate the Renoprotective Effect of Antidiabetic Drugs in Patients With Type 2 Diabetes Mellitus.,PENDING,,,PubMed_Central,,,
v3.1h-022,CYP2C9 interaction between fluconazole and warfarin,DDI,R3,CYP_DDI,42662351,chunk-42662351-001,Sertraline-induced fetotoxicity in mice: Protective effects of vitamin E on foetal growth and organ histology.,Sertraline-induced fetotoxicity in mice: Protective effects of vitamin E on foetal growth and organ histology.,PENDING,,,PubMed_Central,,,
v3.1h-022,CYP2C9 interaction between fluconazole and warfarin,DDI,R3,CYP_DDI,42662739,chunk-42662739-001,Transporter Interactions of Methoxyflavones and Their In Vivo Pharmacokinetic Implications.,Transporter Interactions of Methoxyflavones and Their In Vivo Pharmacokinetic Implications.,PENDING,,,PubMed_Central,,,
v3.1h-022,CYP2C9 interaction between fluconazole and warfarin,DDI,R3,CYP_DDI,42662744,chunk-42662744-001,Perfluoroether Peptide-Modified Artificial Viral Capsid for Enhanced Doxorubicin Delivery to Liver Cancer Cells.,Perfluoroether Peptide-Modified Artificial Viral Capsid for Enhanced Doxorubicin Delivery to Liver Cancer Cells.,PENDING,,,PubMed_Central,,,
v3.1h-022,CYP2C9 interaction between fluconazole and warfarin,DDI,R3,CYP_DDI,42662904,chunk-42662904-001,Early cardiac proteomic profiling in a long-latency doxorubicin cardiomyopathy model exhibits sexual dimorphism for cardioprotection.,Early cardiac proteomic profiling in a long-latency doxorubicin cardiomyopathy model exhibits sexual dimorphism for cardioprotection.,PENDING,,,PubMed_Central,,,
v3.1h-022,CYP2C9 interaction between fluconazole and warfarin,DDI,R3,CYP_DDI,42663261,chunk-42663261-001,"Clinical outcomes of ""massive"" acetaminophen overdose treated with standard vs. augmented dose acetylcysteine.","Clinical outcomes of ""massive"" acetaminophen overdose treated with standard vs. augmented dose acetylcysteine.",PENDING,,,PubMed_Central,,,
v3.1h-022,CYP2C9 interaction between fluconazole and warfarin,DDI,R3,CYP_DDI,42663921,chunk-42663921-001,Qishen Yiqi Dripping Pills ameliorate doxorubicin-induced cardiotoxicity: a study based on bioinformatics and experimental verification.,Qishen Yiqi Dripping Pills ameliorate doxorubicin-induced cardiotoxicity: a study based on bioinformatics and experimental verification.,PENDING,,,PubMed_Central,,,
v3.1h-022,CYP2C9 interaction between fluconazole and warfarin,DDI,R3,CYP_DDI,42663925,chunk-42663925-001,Selective and Time-Dependent Alterations in Cytochrome P450 (CYP) Enzyme Activity and Expression by Major Phytocannabinoids.,Selective and Time-Dependent Alterations in Cytochrome P450 (CYP) Enzyme Activity and Expression by Major Phytocannabinoids.,PENDING,,,PubMed_Central,,,
v3.1h-022,CYP2C9 interaction between fluconazole and warfarin,DDI,R3,CYP_DDI,42665114,chunk-42665114-001,Doxorubicin-induced Cardiotoxicity is Propagated by Paracrine Signaling through Small Extracellular Vesicles.,Doxorubicin-induced Cardiotoxicity is Propagated by Paracrine Signaling through Small Extracellular Vesicles.,PENDING,,,PubMed_Central,,,
v3.1h-022,CYP2C9 interaction between fluconazole and warfarin,DDI,R3,CYP_DDI,42665174,chunk-42665174-001,Acetaminophen-induced developmental neurobehavioral and sensory organ toxicity in zebrafish.,Acetaminophen-induced developmental neurobehavioral and sensory organ toxicity in zebrafish.,PENDING,,,PubMed_Central,,,
v3.1h-022,CYP2C9 interaction between fluconazole and warfarin,DDI,R3,CYP_DDI,42665888,chunk-42665888-001,"EXPRESS: Effect of oral gabapentin administered in-hospital on behavioral stress, compliance, and physiologic stress markers: a randomized, double-blind, placebo-controlled trial.","EXPRESS: Effect of oral gabapentin administered in-hospital on behavioral stress, compliance, and physiologic stress markers: a randomized, double-blind, placebo-controlled trial.",PENDING,,,PubMed_Central,,,
v3.1h-022,CYP2C9 interaction between fluconazole and warfarin,DDI,R3,CYP_DDI,42666103,chunk-42666103-001,Clinical relevance of pharmacogenomic information for improving prescribing practices in acutely admitted older medical patients.,Clinical relevance of pharmacogenomic information for improving prescribing practices in acutely admitted older medical patients.,PENDING,,,PubMed_Central,,,
v3.1h-022,CYP2C9 interaction between fluconazole and warfarin,DDI,R3,CYP_DDI,42666410,chunk-42666410-001,Preoperative Gabapentin in Pediatric Anterior Cruciate Ligament Reconstruction With Peripheral Nerve Blockade: A Retrospective Cohort Study.,Preoperative Gabapentin in Pediatric Anterior Cruciate Ligament Reconstruction With Peripheral Nerve Blockade: A Retrospective Cohort Study.,PENDING,,,PubMed_Central,,,
v3.1h-022,CYP2C9 interaction between fluconazole and warfarin,DDI,R3,CYP_DDI,42667072,chunk-42667072-001,Unlocking the brain: Biodistribution insights into tween 80 nanoliposomes in healthy brains.,Unlocking the brain: Biodistribution insights into tween 80 nanoliposomes in healthy brains.,PENDING,,,PubMed_Central,,,
v3.1h-022,CYP2C9 interaction between fluconazole and warfarin,DDI,R3,CYP_DDI,42667336,chunk-42667336-001,Atorvastatin Exerts Context-Dependent Metabolic and Beneficial Effects on Behavior and Apoptotic Signaling in a Cafeteria Diet-Induced Metabolic Dysfunction Model.,Atorvastatin Exerts Context-Dependent Metabolic and Beneficial Effects on Behavior and Apoptotic Signaling in a Cafeteria Diet-Induced Metabolic Dysfunction Model.,PENDING,,,PubMed_Central,,,
v3.1h-022,CYP2C9 interaction between fluconazole and warfarin,DDI,R3,CYP_DDI,42667464,chunk-42667464-001,Schisandra chinensis polysaccharide attenuates diabetic islet cell injury by promoting autophagy via suppression of the PI3K/AKT/mTOR signaling cascade.,Schisandra chinensis polysaccharide attenuates diabetic islet cell injury by promoting autophagy via suppression of the PI3K/AKT/mTOR signaling cascade.,PENDING,,,PubMed_Central,,,
v3.1h-022,CYP2C9 interaction between fluconazole and warfarin,DDI,R3,CYP_DDI,42667784,chunk-42667784-001,Mechanism of Gegen Qinlian Decoction in the treatment of diabetic cataract based on network pharmacology and experimental validation.,Mechanism of Gegen Qinlian Decoction in the treatment of diabetic cataract based on network pharmacology and experimental validation.,PENDING,,,PubMed_Central,,,
v3.1h-022,CYP2C9 interaction between fluconazole and warfarin,DDI,R3,CYP_DDI,42669317,chunk-42669317-001,Ethical considerations in suspected isotretinoin nonadherence and/or diversion.,Ethical considerations in suspected isotretinoin nonadherence and/or diversion.,PENDING,,,PubMed_Central,,,
v3.1h-022,CYP2C9 interaction between fluconazole and warfarin,DDI,R3,CYP_DDI,42670022,chunk-42670022-001,Apixaban Dose Selection in Kidney Failure: Reconciling Pharmacokinetics and Clinical Outcomes.,Apixaban Dose Selection in Kidney Failure: Reconciling Pharmacokinetics and Clinical Outcomes.,PENDING,,,PubMed_Central,,,
v3.1h-022,CYP2C9 interaction between fluconazole and warfarin,DDI,R3,CYP_DDI,42670080,chunk-42670080-001,Anthracycline Cardiotoxicity: A Real-World Study Based on FDA Adverse Event Reporting System Database.,Anthracycline Cardiotoxicity: A Real-World Study Based on FDA Adverse Event Reporting System Database.,PENDING,,,PubMed_Central,,,
v3.1h-022,CYP2C9 interaction between fluconazole and warfarin,DDI,R3,CYP_DDI,42670520,chunk-42670520-001,Younger Age is Associated with Treatment and Complication Outcomes Among Type 2 Diabetes Mellitus Patients in Kigali University Teaching Hospital.,Younger Age is Associated with Treatment and Complication Outcomes Among Type 2 Diabetes Mellitus Patients in Kigali University Teaching Hospital.,PENDING,,,PubMed_Central,,,
v3.1h-022,CYP2C9 interaction between fluconazole and warfarin,DDI,R3,CYP_DDI,42670540,chunk-42670540-001,Mechanisms and the Role of p38 MAPK Signaling in Doxorubicin-Induced Cardiotoxicity: A Review.,Mechanisms and the Role of p38 MAPK Signaling in Doxorubicin-Induced Cardiotoxicity: A Review.,PENDING,,,PubMed_Central,,,
v3.1h-022,CYP2C9 interaction between fluconazole and warfarin,DDI,R3,CYP_DDI,42670801,chunk-42670801-001,Therapeutic Potential of Nanocurcumin in Mitigating Duloxetine-Induced Hepatic Damage: Biochemical and Histopathological Insights.,Therapeutic Potential of Nanocurcumin in Mitigating Duloxetine-Induced Hepatic Damage: Biochemical and Histopathological Insights.,PENDING,,,PubMed_Central,,,
v3.1h-022,CYP2C9 interaction between fluconazole and warfarin,DDI,R3,CYP_DDI,42671218,chunk-42671218-001,Protective Effects of Luteolin Against Cisplatin-Induced Hepatic and Renal Toxicity: Biochemical and Cellular Evidence.,Protective Effects of Luteolin Against Cisplatin-Induced Hepatic and Renal Toxicity: Biochemical and Cellular Evidence.,PENDING,,,PubMed_Central,,,
v3.1h-022,CYP2C9 interaction between fluconazole and warfarin,DDI,R3,CYP_DDI,42674049,chunk-42674049-001,A Near-Infrared Fluorescent Probe for Imaging Nitroxyl Dynamics in Ferroptosis-Associated Drug-Induced Liver Injury.,A Near-Infrared Fluorescent Probe for Imaging Nitroxyl Dynamics in Ferroptosis-Associated Drug-Induced Liver Injury.,PENDING,,,PubMed_Central,,,
v3.1h-022,CYP2C9 interaction between fluconazole and warfarin,DDI,R3,CYP_DDI,42674100,chunk-42674100-001,Drug Repurposing Signals for Abdominal Aortic Aneurysms.,Drug Repurposing Signals for Abdominal Aortic Aneurysms.,PENDING,,,PubMed_Central,,,
v3.1h-022,CYP2C9 interaction between fluconazole and warfarin,DDI,R3,CYP_DDI,42675227,chunk-42675227-001,Stevioside promotes hepatocyte proliferation via YAP signaling in cholestatic disease.,Stevioside promotes hepatocyte proliferation via YAP signaling in cholestatic disease.,PENDING,,,PubMed_Central,,,
v3.1h-022,CYP2C9 interaction between fluconazole and warfarin,DDI,R3,CYP_DDI,42675497,chunk-42675497-001,Delayed ischemic stroke ten days after aluminum phosphide ingestion in a previously healthy 21-year-old Ethiopian woman: a case report.,Delayed ischemic stroke ten days after aluminum phosphide ingestion in a previously healthy 21-year-old Ethiopian woman: a case report.,PENDING,,,PubMed_Central,,,
v3.1h-022,CYP2C9 interaction between fluconazole and warfarin,DDI,R3,CYP_DDI,42675994,chunk-42675994-001,"An Adaptive, Time-Informed, Phenotype-Guided Pharmacological Framework for Severe Traumatic Brain Injury : A Hypothesis-Driven Narrative Review.","An Adaptive, Time-Informed, Phenotype-Guided Pharmacological Framework for Severe Traumatic Brain Injury : A Hypothesis-Driven Narrative Review.",PENDING,,,PubMed_Central,,,
v3.1h-022,CYP2C9 interaction between fluconazole and warfarin,DDI,R3,CYP_DDI,42676526,chunk-42676526-001,Tricholoma matsutake polypeptide modulates cardiac metabolism and restores autophagic flux to mitigate doxorubicin-induced senescence.,Tricholoma matsutake polypeptide modulates cardiac metabolism and restores autophagic flux to mitigate doxorubicin-induced senescence.,PENDING,,,PubMed_Central,,,
v3.1h-022,CYP2C9 interaction between fluconazole and warfarin,DDI,R3,CYP_DDI,42676937,chunk-42676937-001,Evaluation of acne vulgaris patient care in outpatient clinics: guideline adherence and patient education.,Evaluation of acne vulgaris patient care in outpatient clinics: guideline adherence and patient education.,PENDING,,,PubMed_Central,,,
v3.1h-022,CYP2C9 interaction between fluconazole and warfarin,DDI,R3,CYP_DDI,42677064,chunk-42677064-001,Targeting Novel Pathways in Pulmonary Arterial Hypertension: A Systematic Review and Meta-Analysis of New Therapeutic Agents.,Targeting Novel Pathways in Pulmonary Arterial Hypertension: A Systematic Review and Meta-Analysis of New Therapeutic Agents.,PENDING,,,PubMed_Central,,,
v3.1h-022,CYP2C9 interaction between fluconazole and warfarin,DDI,R3,CYP_DDI,42677606,chunk-42677606-001,Mitochondrial Unfolded Protein Response Regulates Copper-Induced Oxidative Stress via a Sirt3/FOXO3a Signaling Pathway in Chicken Hepatocytes.,Mitochondrial Unfolded Protein Response Regulates Copper-Induced Oxidative Stress via a Sirt3/FOXO3a Signaling Pathway in Chicken Hepatocytes.,PENDING,,,PubMed_Central,,,
v3.1h-022,CYP2C9 interaction between fluconazole and warfarin,DDI,R3,CYP_DDI,42677663,chunk-42677663-001,Chronic BDE-47 Exposure Induces DNA Damage in Hepatocytes: Involvement of Oxidative Stress and CYP1A1/2 Upregulation.,Chronic BDE-47 Exposure Induces DNA Damage in Hepatocytes: Involvement of Oxidative Stress and CYP1A1/2 Upregulation.,PENDING,,,PubMed_Central,,,
v3.1h-022,CYP2C9 interaction between fluconazole and warfarin,DDI,R3,CYP_DDI,42678094,chunk-42678094-001,Deciphering the Mechanisms of Statin-Ezetimibe Drug Combinations Using Boolean Logical Modeling and Transcriptomic Data.,Deciphering the Mechanisms of Statin-Ezetimibe Drug Combinations Using Boolean Logical Modeling and Transcriptomic Data.,PENDING,,,PubMed_Central,,,
v3.1h-022,CYP2C9 interaction between fluconazole and warfarin,DDI,R3,CYP_DDI,42678242,chunk-42678242-001,Hepatoprotective effects of resolvin D1 in mice exposed to ethanol and galactosamine.,Hepatoprotective effects of resolvin D1 in mice exposed to ethanol and galactosamine.,PENDING,,,PubMed_Central,,,
v3.1h-022,CYP2C9 interaction between fluconazole and warfarin,DDI,R3,CYP_DDI,42678243,chunk-42678243-001,MSCs overexpressing FGF21 alleviate acetaminophen-induced acute liver injury by eliciting macrophage-mediated phagocytosis.,MSCs overexpressing FGF21 alleviate acetaminophen-induced acute liver injury by eliciting macrophage-mediated phagocytosis.,PENDING,,,PubMed_Central,,,
v3.1h-022,CYP2C9 interaction between fluconazole and warfarin,DDI,R3,CYP_DDI,42679743,chunk-42679743-001,Dual-response mitochondria-targeted fluorescent probe for Hypochlorous acid and viscosity: Applications in liver injury diagnosis and environmental monitoring.,Dual-response mitochondria-targeted fluorescent probe for Hypochlorous acid and viscosity: Applications in liver injury diagnosis and environmental monitoring.,PENDING,,,PubMed_Central,,,
v3.1h-022,CYP2C9 interaction between fluconazole and warfarin,DDI,R3,CYP_DDI,42679829,chunk-42679829-001,"Adolescent health across Asia Pacific, 2000-23: a systematic analysis for the Global Burden of Disease Study 2023.","Adolescent health across Asia Pacific, 2000-23: a systematic analysis for the Global Burden of Disease Study 2023.",PENDING,,,PubMed_Central,,,
v3.1h-022,CYP2C9 interaction between fluconazole and warfarin,DDI,R3,CYP_DDI,42680287,chunk-42680287-001,Lipid-lowering and hepatoprotective effects of Ocimum sanctum L. (Thai holy basil) flower against MASLD and liver inflammation in rats.,Lipid-lowering and hepatoprotective effects of Ocimum sanctum L. (Thai holy basil) flower against MASLD and liver inflammation in rats.,PENDING,,,PubMed_Central,,,
v3.1h-022,CYP2C9 interaction between fluconazole and warfarin,DDI,R3,CYP_DDI,42681676,chunk-42681676-001,Targeting breast cancer stem cells by restoring RBM38 function: mechanism and protein delivery therapy.,Targeting breast cancer stem cells by restoring RBM38 function: mechanism and protein delivery therapy.,PENDING,,,PubMed_Central,,,
v3.1h-022,CYP2C9 interaction between fluconazole and warfarin,DDI,R3,CYP_DDI,42682722,chunk-42682722-001,"PRO/CON debate: nonsteroidal versus steroidal mineralocorticoid receptor antagonists in chronic kidney disease: progress, pragmatism, and remaining uncertainties.","PRO/CON debate: nonsteroidal versus steroidal mineralocorticoid receptor antagonists in chronic kidney disease: progress, pragmatism, and remaining uncertainties.",PENDING,,,PubMed_Central,,,
v3.1h-023,Spironolactone and lisinopril combination risks,DDI,R3,MULTI_ENTITY,27148747,chunk-27148747-001,"Alendronate Sodium as Enteric Coated Solid Lipid Nanoparticles; Preparation, Optimization, and In Vivo Evaluation to Enhance Its Oral Bioavailability.","Alendronate Sodium as Enteric Coated Solid Lipid Nanoparticles; Preparation, Optimization, and In Vivo Evaluation to Enhance Its Oral Bioavailability.",PENDING,,,PubMed_Central,,,
v3.1h-023,Spironolactone and lisinopril combination risks,DDI,R3,MULTI_ENTITY,27956102,chunk-27956102-001,Pharyngolaryngeal ulcers associated with the improper use of alendronate.,Pharyngolaryngeal ulcers associated with the improper use of alendronate.,PENDING,,,PubMed_Central,,,
v3.1h-023,Spironolactone and lisinopril combination risks,DDI,R3,MULTI_ENTITY,28520369,chunk-28520369-001,Celecoxib Therapy and CYP2C9 Genotype.,Celecoxib Therapy and CYP2C9 Genotype.,PENDING,,,PubMed_Central,,,
v3.1h-023,Spironolactone and lisinopril combination risks,DDI,R3,MULTI_ENTITY,28520381,chunk-28520381-001,Metoprolol Therapy and CYP2D6 Genotype.,Metoprolol Therapy and CYP2D6 Genotype.,PENDING,,,PubMed_Central,,,
v3.1h-023,Spironolactone and lisinopril combination risks,DDI,R3,MULTI_ENTITY,29262813,chunk-29262813-001,Renoprotective RAAS inhibition does not affect the association between worse renal function and higher plasma aldosterone levels.,Renoprotective RAAS inhibition does not affect the association between worse renal function and higher plasma aldosterone levels.,PENDING,,,PubMed_Central,,,
v3.1h-023,Spironolactone and lisinopril combination risks,DDI,R3,MULTI_ENTITY,29856752,chunk-29856752-001,Quality by design approach to optimize the formulation variables influencing the characteristics of biodegradable intramuscular in-situ gel loaded with alendronate sodium for osteoporosis.,Quality by design approach to optimize the formulation variables influencing the characteristics of biodegradable intramuscular in-situ gel loaded with alendronate sodium for osteoporosis.,PENDING,,,PubMed_Central,,,
v3.1h-023,Spironolactone and lisinopril combination risks,DDI,R3,MULTI_ENTITY,30422511,chunk-30422511-001,Vitamin A Toxicity.,Vitamin A Toxicity.,PENDING,,,PubMed_Central,,,
v3.1h-023,Spironolactone and lisinopril combination risks,DDI,R3,MULTI_ENTITY,30626809,chunk-30626809-001,Symptoms and Upper Gastrointestinal Mucosal Injury Associated with Bisphosphonate Therapy.,Symptoms and Upper Gastrointestinal Mucosal Injury Associated with Bisphosphonate Therapy.,PENDING,,,PubMed_Central,,,
v3.1h-023,Spironolactone and lisinopril combination risks,DDI,R3,MULTI_ENTITY,31583609,chunk-31583609-001,Physiologically Based Pharmacokinetic Modelling to Identify Pharmacokinetic Parameters Driving Drug Exposure Changes in the Elderly.,Physiologically Based Pharmacokinetic Modelling to Identify Pharmacokinetic Parameters Driving Drug Exposure Changes in the Elderly.,PENDING,,,PubMed_Central,,,
v3.1h-023,Spironolactone and lisinopril combination risks,DDI,R3,MULTI_ENTITY,32666144,chunk-32666144-001,Upper gastrointestinal safety of oral bisphosphonate in hospitalized patients.,Upper gastrointestinal safety of oral bisphosphonate in hospitalized patients.,PENDING,,,PubMed_Central,,,
v3.1h-023,Spironolactone and lisinopril combination risks,DDI,R3,MULTI_ENTITY,32699722,chunk-32699722-001,Metformin Associated Lactic Acidosis in the Intensive Care Unit: A Rare Condition Mimicking Sepsis.,Metformin Associated Lactic Acidosis in the Intensive Care Unit: A Rare Condition Mimicking Sepsis.,PENDING,,,PubMed_Central,,,
v3.1h-023,Spironolactone and lisinopril combination risks,DDI,R3,MULTI_ENTITY,33048477,chunk-33048477-001,Impact of Green Tea Catechin Ingestion on the Pharmacokinetics of Lisinopril in Healthy Volunteers.,Impact of Green Tea Catechin Ingestion on the Pharmacokinetics of Lisinopril in Healthy Volunteers.,PENDING,,,PubMed_Central,,,
v3.1h-023,Spironolactone and lisinopril combination risks,DDI,R3,MULTI_ENTITY,33777146,chunk-33777146-001,Severe Oral Mucosal Ulceration Associated with Oral Bisphosphonate Use: The Importance of Imparting Proper Instructions on Medication Administration and Intake.,Severe Oral Mucosal Ulceration Associated with Oral Bisphosphonate Use: The Importance of Imparting Proper Instructions on Medication Administration and Intake.,PENDING,,,PubMed_Central,,,
v3.1h-023,Spironolactone and lisinopril combination risks,DDI,R3,MULTI_ENTITY,33986677,chunk-33986677-001,"Radiation Increases Bioavailability of Lisinopril, a Mitigator of Radiation-Induced Toxicities.","Radiation Increases Bioavailability of Lisinopril, a Mitigator of Radiation-Induced Toxicities.",PENDING,,,PubMed_Central,,,
v3.1h-023,Spironolactone and lisinopril combination risks,DDI,R3,MULTI_ENTITY,34258506,chunk-34258506-001,A Prospective Open-Label Observational Study of a Buffered Soluble 70 mg Alendronate Effervescent Tablet on Upper Gastrointestinal Safety and Medication Errors: The GastroPASS Study.,A Prospective Open-Label Observational Study of a Buffered Soluble 70 mg Alendronate Effervescent Tablet on Upper Gastrointestinal Safety and Medication Errors: The GastroPASS Study.,PENDING,,,PubMed_Central,,,
v3.1h-023,Spironolactone and lisinopril combination risks,DDI,R3,MULTI_ENTITY,36300543,chunk-36300543-001,"The effect of diminazene, an angiotensin-converting enzyme 2 activator, on adenine-induced chronic kidney disease in rats.","The effect of diminazene, an angiotensin-converting enzyme 2 activator, on adenine-induced chronic kidney disease in rats.",PENDING,,,PubMed_Central,,,
v3.1h-023,Spironolactone and lisinopril combination risks,DDI,R3,MULTI_ENTITY,37539955,chunk-37539955-001,Interventions for chronic kidney disease in people with sickle cell disease.,Interventions for chronic kidney disease in people with sickle cell disease.,PENDING,,,PubMed_Central,,,
v3.1h-023,Spironolactone and lisinopril combination risks,DDI,R3,MULTI_ENTITY,37715904,chunk-37715904-001,Associations of metal mixtures with thyroid function and potential interactions with iodine status: results from a cross-sectional study in MEWHC.,Associations of metal mixtures with thyroid function and potential interactions with iodine status: results from a cross-sectional study in MEWHC.,PENDING,,,PubMed_Central,,,
v3.1h-023,Spironolactone and lisinopril combination risks,DDI,R3,MULTI_ENTITY,37746873,chunk-37746873-001,Longitudinal Trajectory of Opioid Prescribing and its Associated Serious Adverse Events: A Population-Wide Cohort Study in Taiwan.,Longitudinal Trajectory of Opioid Prescribing and its Associated Serious Adverse Events: A Population-Wide Cohort Study in Taiwan.,PENDING,,,PubMed_Central,,,
v3.1h-023,Spironolactone and lisinopril combination risks,DDI,R3,MULTI_ENTITY,38006536,chunk-38006536-001,Clinical and Laboratory Factors Related to Seizure and Serotonin Toxicity in Tramadol Intoxication: An Egyptian Study.,Clinical and Laboratory Factors Related to Seizure and Serotonin Toxicity in Tramadol Intoxication: An Egyptian Study.,PENDING,,,PubMed_Central,,,
v3.1h-023,Spironolactone and lisinopril combination risks,DDI,R3,MULTI_ENTITY,38053572,chunk-38053572-001,Nephroprotective effects of diminazene on doxorubicin-induced acute kidney injury in rats.,Nephroprotective effects of diminazene on doxorubicin-induced acute kidney injury in rats.,PENDING,,,PubMed_Central,,,
v3.1h-023,Spironolactone and lisinopril combination risks,DDI,R3,MULTI_ENTITY,38374855,chunk-38374855-001,An Unusual Presentation of Cobblestone Esophagus From Bisphosphonate Use.,An Unusual Presentation of Cobblestone Esophagus From Bisphosphonate Use.,PENDING,,,PubMed_Central,,,
v3.1h-023,Spironolactone and lisinopril combination risks,DDI,R3,MULTI_ENTITY,38676494,chunk-38676494-001,"A Review of the Association between Infections, Seizures, and Drugs.","A Review of the Association between Infections, Seizures, and Drugs.",PENDING,,,PubMed_Central,,,
v3.1h-023,Spironolactone and lisinopril combination risks,DDI,R3,MULTI_ENTITY,38710058,chunk-38710058-001,"The Salutary Effects of Diminazene, Lisinopril or Valsartan on Cisplatin - Induced Acute Kidney Injury in Rats: A Comparative Study.","The Salutary Effects of Diminazene, Lisinopril or Valsartan on Cisplatin - Induced Acute Kidney Injury in Rats: A Comparative Study.",PENDING,,,PubMed_Central,,,
v3.1h-023,Spironolactone and lisinopril combination risks,DDI,R3,MULTI_ENTITY,38758406,chunk-38758406-001,Screening for ferroptosis genes related to endometrial carcinoma and predicting of targeted drugs based on bioinformatics.,Screening for ferroptosis genes related to endometrial carcinoma and predicting of targeted drugs based on bioinformatics.,PENDING,,,PubMed_Central,,,
v3.1h-023,Spironolactone and lisinopril combination risks,DDI,R3,MULTI_ENTITY,38832136,chunk-38832136-001,From pill to pain: Alendronate-induced esophageal injury-A case report and review.,From pill to pain: Alendronate-induced esophageal injury-A case report and review.,PENDING,,,PubMed_Central,,,
v3.1h-023,Spironolactone and lisinopril combination risks,DDI,R3,MULTI_ENTITY,39074188,chunk-39074188-001,Sex Differences in Physiological Responses to a National Collegiate Athletic Association Division I Soccer Season.,Sex Differences in Physiological Responses to a National Collegiate Athletic Association Division I Soccer Season.,PENDING,,,PubMed_Central,,,
v3.1h-023,Spironolactone and lisinopril combination risks,DDI,R3,MULTI_ENTITY,39114562,chunk-39114562-001,A network meta-analysis: evaluating the efficacy and safety of concurrent proton pump inhibitors and clopidogrel therapy in post-PCI patients.,A network meta-analysis: evaluating the efficacy and safety of concurrent proton pump inhibitors and clopidogrel therapy in post-PCI patients.,PENDING,,,PubMed_Central,,,
v3.1h-023,Spironolactone and lisinopril combination risks,DDI,R3,MULTI_ENTITY,39430173,chunk-39430173-001,Prospective Trial on the Pharmacokinetics of Clopidogrel in Hemodialysis Patients.,Prospective Trial on the Pharmacokinetics of Clopidogrel in Hemodialysis Patients.,PENDING,,,PubMed_Central,,,
v3.1h-023,Spironolactone and lisinopril combination risks,DDI,R3,MULTI_ENTITY,39817374,chunk-39817374-001,Delineating CYP2C19-mediated Interactions: Network Pharmacology Investigation of Ilaprazole and Clopidogrel versus Conventional Proton Pump Inhibitors.,Delineating CYP2C19-mediated Interactions: Network Pharmacology Investigation of Ilaprazole and Clopidogrel versus Conventional Proton Pump Inhibitors.,PENDING,,,PubMed_Central,,,
v3.1h-023,Spironolactone and lisinopril combination risks,DDI,R3,MULTI_ENTITY,40149400,chunk-40149400-001,The Association Between Statin Drugs and Rhabdomyolysis: An Analysis of FDA Adverse Event Reporting System (FAERS) Data and Transcriptomic Profiles.,The Association Between Statin Drugs and Rhabdomyolysis: An Analysis of FDA Adverse Event Reporting System (FAERS) Data and Transcriptomic Profiles.,PENDING,,,PubMed_Central,,,
v3.1h-023,Spironolactone and lisinopril combination risks,DDI,R3,MULTI_ENTITY,40198642,chunk-40198642-001,Impact of Ginkgo biloba drug interactions on bleeding risk and coagulation profiles: A comprehensive analysis.,Impact of Ginkgo biloba drug interactions on bleeding risk and coagulation profiles: A comprehensive analysis.,PENDING,,,PubMed_Central,,,
v3.1h-023,Spironolactone and lisinopril combination risks,DDI,R3,MULTI_ENTITY,40242084,chunk-40242084-001,Tramadol use and risk of seizure: A report of two cases and a review of recent literature.,Tramadol use and risk of seizure: A report of two cases and a review of recent literature.,PENDING,,,PubMed_Central,,,
v3.1h-023,Spironolactone and lisinopril combination risks,DDI,R3,MULTI_ENTITY,40272900,chunk-40272900-001,In vitro seizure risk assessment using a microelectrode array and comparison with an in vivo rat study.,In vitro seizure risk assessment using a microelectrode array and comparison with an in vivo rat study.,PENDING,,,PubMed_Central,,,
v3.1h-023,Spironolactone and lisinopril combination risks,DDI,R3,MULTI_ENTITY,40289797,chunk-40289797-001,Association of Biomarkers With Intracerebral Hematoma Expansion and Arterial Thromboembolic Events in Patients With Acute Intracranial Hemorrhage: The ANNEXA-I Biomarker Substudy.,Association of Biomarkers With Intracerebral Hematoma Expansion and Arterial Thromboembolic Events in Patients With Acute Intracranial Hemorrhage: The ANNEXA-I Biomarker Substudy.,PENDING,,,PubMed_Central,,,
v3.1h-023,Spironolactone and lisinopril combination risks,DDI,R3,MULTI_ENTITY,40357791,chunk-40357791-001,Antiplatelet-Proton Pump Inhibitor Interactions and Arterial Thrombotic Events: A Pharmacovigilance Assessment using Disproportionality and Interaction Analysis.,Antiplatelet-Proton Pump Inhibitor Interactions and Arterial Thrombotic Events: A Pharmacovigilance Assessment using Disproportionality and Interaction Analysis.,PENDING,,,PubMed_Central,,,
v3.1h-023,Spironolactone and lisinopril combination risks,DDI,R3,MULTI_ENTITY,40406172,chunk-40406172-001,Digoxin for Fetal Tachyarrhythmia: Toxicity in an Underweight Mother.,Digoxin for Fetal Tachyarrhythmia: Toxicity in an Underweight Mother.,PENDING,,,PubMed_Central,,,
v3.1h-023,Spironolactone and lisinopril combination risks,DDI,R3,MULTI_ENTITY,40618353,chunk-40618353-001,[Management of emergencies in direct oral anticoagulant-treated patients: practice pearls].,[Management of emergencies in direct oral anticoagulant-treated patients: practice pearls].,PENDING,,,PubMed_Central,,,
v3.1h-023,Spironolactone and lisinopril combination risks,DDI,R3,MULTI_ENTITY,40685887,chunk-40685887-001,Efficacy and Safety of Clopidogrel With and Without a Proton Pump Inhibitor: A Systematic Review and Meta-Analysis.,Efficacy and Safety of Clopidogrel With and Without a Proton Pump Inhibitor: A Systematic Review and Meta-Analysis.,PENDING,,,PubMed_Central,,,
v3.1h-023,Spironolactone and lisinopril combination risks,DDI,R3,MULTI_ENTITY,40749454,chunk-40749454-001,Drug-Related epileptic seizures and Age-Specific Differences: A Real-World study based on the FAERS database.,Drug-Related epileptic seizures and Age-Specific Differences: A Real-World study based on the FAERS database.,PENDING,,,PubMed_Central,,,
v3.1h-023,Spironolactone and lisinopril combination risks,DDI,R3,MULTI_ENTITY,40771914,chunk-40771914-001,"Pharmacodynamics, pharmacokinetics, interactions with other drugs, toxicity and clinical effectiveness of proton pump inhibitors.","Pharmacodynamics, pharmacokinetics, interactions with other drugs, toxicity and clinical effectiveness of proton pump inhibitors.",PENDING,,,PubMed_Central,,,
v3.1h-023,Spironolactone and lisinopril combination risks,DDI,R3,MULTI_ENTITY,40825054,chunk-40825054-001,"Analysis of hemorrhagic transformation and intracerebral hemorrhage under combination therapy with alteplase and antiplatelets or anticoagulants, using the Japanese Adverse Drug Event Report database.","Analysis of hemorrhagic transformation and intracerebral hemorrhage under combination therapy with alteplase and antiplatelets or anticoagulants, using the Japanese Adverse Drug Event Report database.",PENDING,,,PubMed_Central,,,
v3.1h-023,Spironolactone and lisinopril combination risks,DDI,R3,MULTI_ENTITY,40828441,chunk-40828441-001,Oral anticoagulants-related bleeding: what happens in the emergency room? The Galeno study.,Oral anticoagulants-related bleeding: what happens in the emergency room? The Galeno study.,PENDING,,,PubMed_Central,,,
v3.1h-023,Spironolactone and lisinopril combination risks,DDI,R3,MULTI_ENTITY,40845290,chunk-40845290-001,The Effects of a Semester of Preprofessional Dance Training on Biomarkers and Performance Variables in Elite Adolescent Ballet Dancers.,The Effects of a Semester of Preprofessional Dance Training on Biomarkers and Performance Variables in Elite Adolescent Ballet Dancers.,PENDING,,,PubMed_Central,,,
v3.1h-023,Spironolactone and lisinopril combination risks,DDI,R3,MULTI_ENTITY,40881144,chunk-40881144-001,A Description of QT-Interval Prolonging Drug Interactions with Fluoroquinolones in Older Women with Uncomplicated Urinary Tract Infections.,A Description of QT-Interval Prolonging Drug Interactions with Fluoroquinolones in Older Women with Uncomplicated Urinary Tract Infections.,PENDING,,,PubMed_Central,,,
v3.1h-023,Spironolactone and lisinopril combination risks,DDI,R3,MULTI_ENTITY,40910969,chunk-40910969-001,The Risk of Breakthrough Cardiac Events Associated With Psychiatric Medications in Patients With Diagnosed and Clinically Treated Long QT Syndrome.,The Risk of Breakthrough Cardiac Events Associated With Psychiatric Medications in Patients With Diagnosed and Clinically Treated Long QT Syndrome.,PENDING,,,PubMed_Central,,,
v3.1h-023,Spironolactone and lisinopril combination risks,DDI,R3,MULTI_ENTITY,40915652,chunk-40915652-001,Nonsteroidal Anti-Inflammatory Drugs and Risk of Gastrointestinal Bleeding: A Systematic Review and Meta-Analysis.,Nonsteroidal Anti-Inflammatory Drugs and Risk of Gastrointestinal Bleeding: A Systematic Review and Meta-Analysis.,PENDING,,,PubMed_Central,,,
v3.1h-023,Spironolactone and lisinopril combination risks,DDI,R3,MULTI_ENTITY,40978465,chunk-40978465-001,Abnormal Ca(2+) handling and reduced I(to) contribute to citalopram-induced QT prolongation and cardiac arrhythmias.,Abnormal Ca(2+) handling and reduced I(to) contribute to citalopram-induced QT prolongation and cardiac arrhythmias.,PENDING,,,PubMed_Central,,,
v3.1h-023,Spironolactone and lisinopril combination risks,DDI,R3,MULTI_ENTITY,40988289,chunk-40988289-001,Drug-drug interactions: A descriptive analysis of FDA adverse event reporting system.,Drug-drug interactions: A descriptive analysis of FDA adverse event reporting system.,PENDING,,,PubMed_Central,,,
v3.1h-023,Spironolactone and lisinopril combination risks,DDI,R3,MULTI_ENTITY,41004670,chunk-41004670-001,"Correlation Between Escitalopram, Sertraline, and Fluoxetine Serum Levels and QTc Interval Prolongation in Children and Adolescents.","Correlation Between Escitalopram, Sertraline, and Fluoxetine Serum Levels and QTc Interval Prolongation in Children and Adolescents.",PENDING,,,PubMed_Central,,,
v3.1h-023,Spironolactone and lisinopril combination risks,DDI,R3,MULTI_ENTITY,41017291,chunk-41017291-001,Use of Drugs With Actionable Pharmacogenetic Biomarkers and Possible Prescribing Changes Among Older People.,Use of Drugs With Actionable Pharmacogenetic Biomarkers and Possible Prescribing Changes Among Older People.,PENDING,,,PubMed_Central,,,
v3.1h-023,Spironolactone and lisinopril combination risks,DDI,R3,MULTI_ENTITY,41061201,chunk-41061201-001,Risk of Seizure Associated With Concomitant Use of Tramadol and Antidepressants in Older Nursing Home Residents.,Risk of Seizure Associated With Concomitant Use of Tramadol and Antidepressants in Older Nursing Home Residents.,PENDING,,,PubMed_Central,,,
v3.1h-023,Spironolactone and lisinopril combination risks,DDI,R3,MULTI_ENTITY,41075377,chunk-41075377-001,Interpretation of the association between thyroid peroxidase antibodies and thyroid function during pregnancy: An individual participant data meta-analysis.,Interpretation of the association between thyroid peroxidase antibodies and thyroid function during pregnancy: An individual participant data meta-analysis.,PENDING,,,PubMed_Central,,,
v3.1h-023,Spironolactone and lisinopril combination risks,DDI,R3,MULTI_ENTITY,41077316,chunk-41077316-001,Metabolic enzyme-mediated pharmacokinetic and pharmacodynamic interactions between Danshen Yin and clopidogrel in normal and acute myocardial infarction rats.,Metabolic enzyme-mediated pharmacokinetic and pharmacodynamic interactions between Danshen Yin and clopidogrel in normal and acute myocardial infarction rats.,PENDING,,,PubMed_Central,,,
v3.1h-023,Spironolactone and lisinopril combination risks,DDI,R3,MULTI_ENTITY,41085374,chunk-41085374-001,Assessing Impact of Concomitant Use of Proton Pump Inhibitors and Clopidogrel on Incidence of Major Adverse Cardiovascular Events: A Retrospective Cohort Study.,Assessing Impact of Concomitant Use of Proton Pump Inhibitors and Clopidogrel on Incidence of Major Adverse Cardiovascular Events: A Retrospective Cohort Study.,PENDING,,,PubMed_Central,,,
v3.1h-023,Spironolactone and lisinopril combination risks,DDI,R3,MULTI_ENTITY,41089323,chunk-41089323-001,Arrhythmic events pertinent with antidepressants: a Bayesian disproportional analysis mining the FDA Adverse Event Reporting System database.,Arrhythmic events pertinent with antidepressants: a Bayesian disproportional analysis mining the FDA Adverse Event Reporting System database.,PENDING,,,PubMed_Central,,,
v3.1h-023,Spironolactone and lisinopril combination risks,DDI,R3,MULTI_ENTITY,41098965,chunk-41098965-001,Procoagulant off-target effect of the direct oral anticoagulant reversal agent Andexanet alfa.,Procoagulant off-target effect of the direct oral anticoagulant reversal agent Andexanet alfa.,PENDING,,,PubMed_Central,,,
v3.1h-023,Spironolactone and lisinopril combination risks,DDI,R3,MULTI_ENTITY,41100334,chunk-41100334-001,Review of Safety and Efficacy of Polmacoxib: A Novel Dual Inhibitor of Cyclo-oxygenase 2 and Carbonic Anhydrase in Osteoarthritis and Acute Painful Conditions.,Review of Safety and Efficacy of Polmacoxib: A Novel Dual Inhibitor of Cyclo-oxygenase 2 and Carbonic Anhydrase in Osteoarthritis and Acute Painful Conditions.,PENDING,,,PubMed_Central,,,
v3.1h-023,Spironolactone and lisinopril combination risks,DDI,R3,MULTI_ENTITY,41109285,chunk-41109285-001,Challenges in the treatment of hypothyroidism: malabsorption and pseudo-malabsorption of levothyroxine.,Challenges in the treatment of hypothyroidism: malabsorption and pseudo-malabsorption of levothyroxine.,PENDING,,,PubMed_Central,,,
v3.1h-023,Spironolactone and lisinopril combination risks,DDI,R3,MULTI_ENTITY,41112691,chunk-41112691-001,"Risk Factors Associated with Thrombus Development Following Pharmacologic Anticoagulation Reversal with Coagulation Factor Xa [Recombinant], Inactivated-zhzo.","Risk Factors Associated with Thrombus Development Following Pharmacologic Anticoagulation Reversal with Coagulation Factor Xa [Recombinant], Inactivated-zhzo.",PENDING,,,PubMed_Central,,,
v3.1h-023,Spironolactone and lisinopril combination risks,DDI,R3,MULTI_ENTITY,41141842,chunk-41141842-001,Andexanet alfa for the reversal of the low-molecular-weight heparin enoxaparin.,Andexanet alfa for the reversal of the low-molecular-weight heparin enoxaparin.,PENDING,,,PubMed_Central,,,
v3.1h-023,Spironolactone and lisinopril combination risks,DDI,R3,MULTI_ENTITY,41158891,chunk-41158891-001,Seizures Following Single-Dose Intravenous Tramadol for Postsurgical Pain: A Report of Two Cases.,Seizures Following Single-Dose Intravenous Tramadol for Postsurgical Pain: A Report of Two Cases.,PENDING,,,PubMed_Central,,,
v3.1h-023,Spironolactone and lisinopril combination risks,DDI,R3,MULTI_ENTITY,41177211,chunk-41177211-001,Biomedical pharmacology study on metformin and glucose (PMID 41177211),Metformin decreases hepatic glucose production and decreases intestinal absorption of glucose.,PENDING,,,PubMed_Central,,,
v3.1h-023,Spironolactone and lisinopril combination risks,DDI,R3,MULTI_ENTITY,41225655,chunk-41225655-001,TNF-α inhibitor etanercept improves cerebrovascular function in elderly RA patients: findings from a randomized controlled trial.,TNF-α inhibitor etanercept improves cerebrovascular function in elderly RA patients: findings from a randomized controlled trial.,PENDING,,,PubMed_Central,,,
v3.1h-023,Spironolactone and lisinopril combination risks,DDI,R3,MULTI_ENTITY,41266704,chunk-41266704-001,Andexanet Alfa in Emergency Cranial Neurosurgical Procedures: A Bicentric Analysis of Efficacy and Safety.,Andexanet Alfa in Emergency Cranial Neurosurgical Procedures: A Bicentric Analysis of Efficacy and Safety.,PENDING,,,PubMed_Central,,,
v3.1h-023,Spironolactone and lisinopril combination risks,DDI,R3,MULTI_ENTITY,41278442,chunk-41278442-001,Pharmacological management of major complications following left ventricular assist device implantation in type 2 diabetes mellitus.,Pharmacological management of major complications following left ventricular assist device implantation in type 2 diabetes mellitus.,PENDING,,,PubMed_Central,,,
v3.1h-023,Spironolactone and lisinopril combination risks,DDI,R3,MULTI_ENTITY,41323006,chunk-41323006-001,"Randomized, Double-Blind, Placebo-Controlled, Dose-Ranging Comparison of the Analgesic Efficacy and Safety of Intravenous Ketoprofen, Tramadol, and Morphine After Bony Impacted Mandibular Third Molar Surgery.","Randomized, Double-Blind, Placebo-Controlled, Dose-Ranging Comparison of the Analgesic Efficacy and Safety of Intravenous Ketoprofen, Tramadol, and Morphine After Bony Impacted Mandibular Third Molar Surgery.",PENDING,,,PubMed_Central,,,
v3.1h-023,Spironolactone and lisinopril combination risks,DDI,R3,MULTI_ENTITY,41347947,chunk-41347947-001,"Navigating complementary and alternative medicine use, medication adherence, and herb-drug interaction risks among gout patients: a multicenter cross-sectional study in indonesia.","Navigating complementary and alternative medicine use, medication adherence, and herb-drug interaction risks among gout patients: a multicenter cross-sectional study in indonesia.",PENDING,,,PubMed_Central,,,
v3.1h-023,Spironolactone and lisinopril combination risks,DDI,R3,MULTI_ENTITY,41397500,chunk-41397500-001,Exploring the link between antipsychotic and antidepressant use and severe QT prolongation: Impacts on ventricular arrhythmias and sudden cardiac death.,Exploring the link between antipsychotic and antidepressant use and severe QT prolongation: Impacts on ventricular arrhythmias and sudden cardiac death.,PENDING,,,PubMed_Central,,,
v3.1h-023,Spironolactone and lisinopril combination risks,DDI,R3,MULTI_ENTITY,41406988,chunk-41406988-001,Trends and variation in the use of andexanet alfa for the reversal of direct oral anticoagulants in NHS trusts in England.,Trends and variation in the use of andexanet alfa for the reversal of direct oral anticoagulants in NHS trusts in England.,PENDING,,,PubMed_Central,,,
v3.1h-023,Spironolactone and lisinopril combination risks,DDI,R3,MULTI_ENTITY,41428604,chunk-41428604-001,The Stability of Drugs Commonly Used in Intensive Care Units Co-Administered via Feeding Tube and Its Dependence on pH: An in vitro Study.,The Stability of Drugs Commonly Used in Intensive Care Units Co-Administered via Feeding Tube and Its Dependence on pH: An in vitro Study.,PENDING,,,PubMed_Central,,,
v3.1h-023,Spironolactone and lisinopril combination risks,DDI,R3,MULTI_ENTITY,41452043,chunk-41452043-001,Rising Escitalopram Use in British Columbia: Is it Rational and Evidence-Informed?,Rising Escitalopram Use in British Columbia: Is it Rational and Evidence-Informed?,PENDING,,,PubMed_Central,,,
v3.1h-023,Spironolactone and lisinopril combination risks,DDI,R3,MULTI_ENTITY,41459594,chunk-41459594-001,Degree of Cyclooxygenase-2 Inhibition Modulates Blood Pressure Response.,Degree of Cyclooxygenase-2 Inhibition Modulates Blood Pressure Response.,PENDING,,,PubMed_Central,,,
v3.1h-023,Spironolactone and lisinopril combination risks,DDI,R3,MULTI_ENTITY,41463106,chunk-41463106-001,Reconsidering Digoxin in Atrial Fibrillation: From Historical Controversy to Physiologically Guided and Personalized Rate Control.,Reconsidering Digoxin in Atrial Fibrillation: From Historical Controversy to Physiologically Guided and Personalized Rate Control.,PENDING,,,PubMed_Central,,,
v3.1h-023,Spironolactone and lisinopril combination risks,DDI,R3,MULTI_ENTITY,41489241,chunk-41489241-001,The role of a fixed combination of ibuprofen/paracetamol in the management of acute pain: an Italian expert narrative review.,The role of a fixed combination of ibuprofen/paracetamol in the management of acute pain: an Italian expert narrative review.,PENDING,,,PubMed_Central,,,
v3.1h-023,Spironolactone and lisinopril combination risks,DDI,R3,MULTI_ENTITY,41496228,chunk-41496228-001,The impact of prenatal maternal-fetal metal levels and placental transfer efficiency of metals on neonatal thyroid function: The modulatory role of maternal vitamin D levels in pregnancy.,The impact of prenatal maternal-fetal metal levels and placental transfer efficiency of metals on neonatal thyroid function: The modulatory role of maternal vitamin D levels in pregnancy.,PENDING,,,PubMed_Central,,,
v3.1h-023,Spironolactone and lisinopril combination risks,DDI,R3,MULTI_ENTITY,41733550,chunk-41733550-001,Cyclooxygenase-2 Inhibition and Anti-Platelet Aggregation Activity of Astaxanthin-Hydrogel in Comparison to Celecoxib Against Rheumatoid Arthritis in Wistar Rat Model.,Cyclooxygenase-2 Inhibition and Anti-Platelet Aggregation Activity of Astaxanthin-Hydrogel in Comparison to Celecoxib Against Rheumatoid Arthritis in Wistar Rat Model.,PENDING,,,PubMed_Central,,,
v3.1h-023,Spironolactone and lisinopril combination risks,DDI,R3,MULTI_ENTITY,41748094,chunk-41748094-001,Heart Rate-Corrected QT Interval Dynamics Following Antidepressant Switching from Escitalopram to High-Dose Venlafaxine: Cardiac Safety Insights from the Early Medication Change Cohort.,Heart Rate-Corrected QT Interval Dynamics Following Antidepressant Switching from Escitalopram to High-Dose Venlafaxine: Cardiac Safety Insights from the Early Medication Change Cohort.,PENDING,,,PubMed_Central,,,
v3.1h-023,Spironolactone and lisinopril combination risks,DDI,R3,MULTI_ENTITY,41754906,chunk-41754906-001,"An Overview of Anticoagulant Drugs Pharmacology, Therapeutic Approaches, Limitations and Perspectives.","An Overview of Anticoagulant Drugs Pharmacology, Therapeutic Approaches, Limitations and Perspectives.",PENDING,,,PubMed_Central,,,
v3.1h-023,Spironolactone and lisinopril combination risks,DDI,R3,MULTI_ENTITY,41766537,chunk-41766537-001,Increased Risk of Ischemic Events in Patients With Stroke Treated With Clopidogrel and a P-CAB or PPI.,Increased Risk of Ischemic Events in Patients With Stroke Treated With Clopidogrel and a P-CAB or PPI.,PENDING,,,PubMed_Central,,,
v3.1h-023,Spironolactone and lisinopril combination risks,DDI,R3,MULTI_ENTITY,41776019,chunk-41776019-001,Andexanet alfa Reduces Hematoma Expansion Following Controlled Cortical Impact in Mice Pretreated with Rivaroxaban.,Andexanet alfa Reduces Hematoma Expansion Following Controlled Cortical Impact in Mice Pretreated with Rivaroxaban.,PENDING,,,PubMed_Central,,,
v3.1h-023,Spironolactone and lisinopril combination risks,DDI,R3,MULTI_ENTITY,41791695,chunk-41791695-001,"Harnessing the gut-heart axis for cardiovascular drug innovation: microbiome, metabolites, and personalized treatment strategies.","Harnessing the gut-heart axis for cardiovascular drug innovation: microbiome, metabolites, and personalized treatment strategies.",PENDING,,,PubMed_Central,,,
v3.1h-023,Spironolactone and lisinopril combination risks,DDI,R3,MULTI_ENTITY,41808861,chunk-41808861-001,Network toxicology reveals key genes of amiodarone induced pulmonary fibrosis: based on machine learning and SHAP analysis.,Network toxicology reveals key genes of amiodarone induced pulmonary fibrosis: based on machine learning and SHAP analysis.,PENDING,,,PubMed_Central,,,
v3.1h-023,Spironolactone and lisinopril combination risks,DDI,R3,MULTI_ENTITY,41811250,chunk-41811250-001,Influence of transporter polymorphisms on digoxin serum concentrations: a systematic review and meta-analysis.,Influence of transporter polymorphisms on digoxin serum concentrations: a systematic review and meta-analysis.,PENDING,,,PubMed_Central,,,
v3.1h-023,Spironolactone and lisinopril combination risks,DDI,R3,MULTI_ENTITY,41818114,chunk-41818114-001,Dabigatran-induced Gastrointestinal Bleed Treated by 4-factor Prothrombin Complex Concentrate in a Tertiary Care Hospital in Sikkim.,Dabigatran-induced Gastrointestinal Bleed Treated by 4-factor Prothrombin Complex Concentrate in a Tertiary Care Hospital in Sikkim.,PENDING,,,PubMed_Central,,,
v3.1h-023,Spironolactone and lisinopril combination risks,DDI,R3,MULTI_ENTITY,41828566,chunk-41828566-001,"Integrating Network Toxicology, Machine Learning, and Molecular Dynamics to Explore the Molecular Network of Triclosan-Induced Acute Myocardial Infarction.","Integrating Network Toxicology, Machine Learning, and Molecular Dynamics to Explore the Molecular Network of Triclosan-Induced Acute Myocardial Infarction.",PENDING,,,PubMed_Central,,,
v3.1h-023,Spironolactone and lisinopril combination risks,DDI,R3,MULTI_ENTITY,41833262,chunk-41833262-001,Pearls and Pitfalls for the Emergency Clinician: Beta Blocker and Calcium Channel Blocker Toxicity.,Pearls and Pitfalls for the Emergency Clinician: Beta Blocker and Calcium Channel Blocker Toxicity.,PENDING,,,PubMed_Central,,,
v3.1h-023,Spironolactone and lisinopril combination risks,DDI,R3,MULTI_ENTITY,41839242,chunk-41839242-001,ABI3BP protects against cerebral ischemia-reperfusion injury by preserving blood-brain barrier integrity and activating PI3K/Akt signaling.,ABI3BP protects against cerebral ischemia-reperfusion injury by preserving blood-brain barrier integrity and activating PI3K/Akt signaling.,PENDING,,,PubMed_Central,,,
v3.1h-023,Spironolactone and lisinopril combination risks,DDI,R3,MULTI_ENTITY,41840835,chunk-41840835-001,Signal detection of drug-induced esophageal ulcer across 20 years of real-world study: Focus on 49 high-risk medicines.,Signal detection of drug-induced esophageal ulcer across 20 years of real-world study: Focus on 49 high-risk medicines.,PENDING,,,PubMed_Central,,,
v3.1h-023,Spironolactone and lisinopril combination risks,DDI,R3,MULTI_ENTITY,41846702,chunk-41846702-001,Acute Myocardial Infarction Secondary to Triple Vessel Coronary Artery Disease in a 31-year-old Female with Systemic Lupus Erythematosus: Case Report and Review of Literature.,Acute Myocardial Infarction Secondary to Triple Vessel Coronary Artery Disease in a 31-year-old Female with Systemic Lupus Erythematosus: Case Report and Review of Literature.,PENDING,,,PubMed_Central,,,
v3.1h-023,Spironolactone and lisinopril combination risks,DDI,R3,MULTI_ENTITY,41848246,chunk-41848246-001,[Nausea and dystonia in a woman with psychiatric illness].,[Nausea and dystonia in a woman with psychiatric illness].,PENDING,,,PubMed_Central,,,
v3.1h-023,Spironolactone and lisinopril combination risks,DDI,R3,MULTI_ENTITY,41858685,chunk-41858685-001,Impact of nutrition education intervention on dietary intake among pregnant women with hypothyroidism - A randomized controlled trial.,Impact of nutrition education intervention on dietary intake among pregnant women with hypothyroidism - A randomized controlled trial.,PENDING,,,PubMed_Central,,,
v3.1h-023,Spironolactone and lisinopril combination risks,DDI,R3,MULTI_ENTITY,41873481,chunk-41873481-001,Acceptance of recommendations by a pharmacogenetics clinic.,Acceptance of recommendations by a pharmacogenetics clinic.,PENDING,,,PubMed_Central,,,
v3.1h-023,Spironolactone and lisinopril combination risks,DDI,R3,MULTI_ENTITY,41924710,chunk-41924710-001,"DXM, CYP2D6-inhibiting antidepressants, piracetam, and glutamine: proposing a ketamine-class antidepressant regimen with existing drugs.","DXM, CYP2D6-inhibiting antidepressants, piracetam, and glutamine: proposing a ketamine-class antidepressant regimen with existing drugs.",PENDING,,,PubMed_Central,,,
v3.1h-023,Spironolactone and lisinopril combination risks,DDI,R3,MULTI_ENTITY,41976898,chunk-41976898-001,Anticoagulation Stewardship Program in the DOAC Era.,Anticoagulation Stewardship Program in the DOAC Era.,PENDING,,,PubMed_Central,,,
v3.1h-023,Spironolactone and lisinopril combination risks,DDI,R3,MULTI_ENTITY,41977337,chunk-41977337-001,Pharmacological Management of Thrombosis: Current State and Future Strategies.,Pharmacological Management of Thrombosis: Current State and Future Strategies.,PENDING,,,PubMed_Central,,,
v3.1h-023,Spironolactone and lisinopril combination risks,DDI,R3,MULTI_ENTITY,42005166,chunk-42005166-001,Inhibitor-Free Variant of the Cheung Regimen: Successful Adjunctive Therapy in Long-Standing Hypochondriasis With Prominent Somatic Features.,Inhibitor-Free Variant of the Cheung Regimen: Successful Adjunctive Therapy in Long-Standing Hypochondriasis With Prominent Somatic Features.,PENDING,,,PubMed_Central,,,
v3.1h-023,Spironolactone and lisinopril combination risks,DDI,R3,MULTI_ENTITY,42007940,chunk-42007940-001,Acute pharmaceutical poisoning as a cause of seizure events: a database analysis (2011-2023).,Acute pharmaceutical poisoning as a cause of seizure events: a database analysis (2011-2023).,PENDING,,,PubMed_Central,,,
v3.1h-023,Spironolactone and lisinopril combination risks,DDI,R3,MULTI_ENTITY,42034022,chunk-42034022-001,Lower dosing of Loxoprofen in type two diabetics with bone fractures/surgeries; Distinction from common NSAIDs.,Lower dosing of Loxoprofen in type two diabetics with bone fractures/surgeries; Distinction from common NSAIDs.,PENDING,,,PubMed_Central,,,
v3.1h-023,Spironolactone and lisinopril combination risks,DDI,R3,MULTI_ENTITY,42045358,chunk-42045358-001,Prevalence of drug-induced interstitial lung disease in Saudi Arabia: a real-world data study.,Prevalence of drug-induced interstitial lung disease in Saudi Arabia: a real-world data study.,PENDING,,,PubMed_Central,,,
v3.1h-023,Spironolactone and lisinopril combination risks,DDI,R3,MULTI_ENTITY,42055120,chunk-42055120-001,"Impact of Fluoxetine Brain Concentrations, Plasma Exposure, and Neurometabolism on Depressive and Anxiety Symptoms in Adolescents: A Multimodal Fluorine and Proton Magnetic Resonance Spectroscopy Study.","Impact of Fluoxetine Brain Concentrations, Plasma Exposure, and Neurometabolism on Depressive and Anxiety Symptoms in Adolescents: A Multimodal Fluorine and Proton Magnetic Resonance Spectroscopy Study.",PENDING,,,PubMed_Central,,,
v3.1h-023,Spironolactone and lisinopril combination risks,DDI,R3,MULTI_ENTITY,42063765,chunk-42063765-001,Evaluation of community pharmacists' knowledge and real-world practices in drug interaction management: a cross-sectional study.,Evaluation of community pharmacists' knowledge and real-world practices in drug interaction management: a cross-sectional study.,PENDING,,,PubMed_Central,,,
v3.1h-023,Spironolactone and lisinopril combination risks,DDI,R3,MULTI_ENTITY,42087312,chunk-42087312-001,Anticoagulation in Patients With Gastrointestinal Disease.,Anticoagulation in Patients With Gastrointestinal Disease.,PENDING,,,PubMed_Central,,,
v3.1h-023,Spironolactone and lisinopril combination risks,DDI,R3,MULTI_ENTITY,42121128,chunk-42121128-001,Evaluation of drugs and risk factors requiring therapeutic drug monitoring in the Neonatal Intensive Care Unit: a retrospective study.,Evaluation of drugs and risk factors requiring therapeutic drug monitoring in the Neonatal Intensive Care Unit: a retrospective study.,PENDING,,,PubMed_Central,,,
v3.1h-023,Spironolactone and lisinopril combination risks,DDI,R3,MULTI_ENTITY,42125454,chunk-42125454-001,Milnacipran continuation during pregnancy in a patient with severe post-traumatic stress disorder and psychotic depression: a case report with 3-year pediatric follow-up.,Milnacipran continuation during pregnancy in a patient with severe post-traumatic stress disorder and psychotic depression: a case report with 3-year pediatric follow-up.,PENDING,,,PubMed_Central,,,
v3.1h-023,Spironolactone and lisinopril combination risks,DDI,R3,MULTI_ENTITY,42128628,chunk-42128628-001,Comparative efficacy and safety of apixaban and rivaroxaban versus warfarin in atrial fibrillation patients with end-stage renal disease: a systematic review and meta-analysis.,Comparative efficacy and safety of apixaban and rivaroxaban versus warfarin in atrial fibrillation patients with end-stage renal disease: a systematic review and meta-analysis.,PENDING,,,PubMed_Central,,,
v3.1h-023,Spironolactone and lisinopril combination risks,DDI,R3,MULTI_ENTITY,42128899,chunk-42128899-001,Cilostazol mitigates amiodarone-induced pulmonary toxicity and fibrosis by regulating the cAMP/TGF-β1 pathway-mediated epithelial-to-mesenchymal transition in rats.,Cilostazol mitigates amiodarone-induced pulmonary toxicity and fibrosis by regulating the cAMP/TGF-β1 pathway-mediated epithelial-to-mesenchymal transition in rats.,PENDING,,,PubMed_Central,,,
v3.1h-023,Spironolactone and lisinopril combination risks,DDI,R3,MULTI_ENTITY,42150307,chunk-42150307-001,Metabolomic signatures of SSRI exposure during neural differentiation and correlation of lysophosphatidylcholines with early symptoms of neurodevelopmental disorders.,Metabolomic signatures of SSRI exposure during neural differentiation and correlation of lysophosphatidylcholines with early symptoms of neurodevelopmental disorders.,PENDING,,,PubMed_Central,,,
v3.1h-023,Spironolactone and lisinopril combination risks,DDI,R3,MULTI_ENTITY,42159622,chunk-42159622-001,The hidden impact of renal impairment on ribociclib exposure and co-medications: a case report.,The hidden impact of renal impairment on ribociclib exposure and co-medications: a case report.,PENDING,,,PubMed_Central,,,
v3.1h-023,Spironolactone and lisinopril combination risks,DDI,R3,MULTI_ENTITY,42181774,chunk-42181774-001,Transient abnormal acylcarnitine profile in newborn screening mimicking multiple acyl-Coenzyme A dehydrogenase deficiency associated with maternal sertraline use.,Transient abnormal acylcarnitine profile in newborn screening mimicking multiple acyl-Coenzyme A dehydrogenase deficiency associated with maternal sertraline use.,PENDING,,,PubMed_Central,,,
v3.1h-023,Spironolactone and lisinopril combination risks,DDI,R3,MULTI_ENTITY,42192153,chunk-42192153-001,Folic acid attenuates maternal sertraline-induced hepatic injury in rat offspring.,Folic acid attenuates maternal sertraline-induced hepatic injury in rat offspring.,PENDING,,,PubMed_Central,,,
v3.1h-023,Spironolactone and lisinopril combination risks,DDI,R3,MULTI_ENTITY,42206096,chunk-42206096-001,"Anticoagulation associated intracerebral haemorrhage trends, treatment and outcomes in a metropolitan cohort: analysed by availability of specific versus non-specific reversal agents.","Anticoagulation associated intracerebral haemorrhage trends, treatment and outcomes in a metropolitan cohort: analysed by availability of specific versus non-specific reversal agents.",PENDING,,,PubMed_Central,,,
v3.1h-023,Spironolactone and lisinopril combination risks,DDI,R3,MULTI_ENTITY,42216360,chunk-42216360-001,Real-world off-label apixaban dosing and clinical outcomes in patients with heart failure and end-stage kidney disease.,Real-world off-label apixaban dosing and clinical outcomes in patients with heart failure and end-stage kidney disease.,PENDING,,,PubMed_Central,,,
v3.1h-023,Spironolactone and lisinopril combination risks,DDI,R3,MULTI_ENTITY,42238941,chunk-42238941-001,"A Cross-Sectional Study on Oral Anticoagulant Utilization and Adverse Drug Reactions at Teaching Hospital, Iran.","A Cross-Sectional Study on Oral Anticoagulant Utilization and Adverse Drug Reactions at Teaching Hospital, Iran.",PENDING,,,PubMed_Central,,,
v3.1h-023,Spironolactone and lisinopril combination risks,DDI,R3,MULTI_ENTITY,42246839,chunk-42246839-001,Routine blood monitoring in acne vulgaris patients on isotretinoin: Is reassessment warranted? A retrospective cohort study from Tygerberg Hospital.,Routine blood monitoring in acne vulgaris patients on isotretinoin: Is reassessment warranted? A retrospective cohort study from Tygerberg Hospital.,PENDING,,,PubMed_Central,,,
v3.1h-023,Spironolactone and lisinopril combination risks,DDI,R3,MULTI_ENTITY,42254302,chunk-42254302-001,Current Trends in NSAID Prescribing for Osteoarthritis and Axial Spondyloarthritis: Insights From Moroccan Rheumatologists Practices.,Current Trends in NSAID Prescribing for Osteoarthritis and Axial Spondyloarthritis: Insights From Moroccan Rheumatologists Practices.,PENDING,,,PubMed_Central,,,
v3.1h-023,Spironolactone and lisinopril combination risks,DDI,R3,MULTI_ENTITY,42267072,chunk-42267072-001,A Case of Prolonged Serotonin Toxicity After Fluoxetine Ingestion in an Adolescent Patient.,A Case of Prolonged Serotonin Toxicity After Fluoxetine Ingestion in an Adolescent Patient.,PENDING,,,PubMed_Central,,,
v3.1h-023,Spironolactone and lisinopril combination risks,DDI,R3,MULTI_ENTITY,42269153,chunk-42269153-001,Antidotes for Anticoagulation Reversal.,Antidotes for Anticoagulation Reversal.,PENDING,,,PubMed_Central,,,
v3.1h-023,Spironolactone and lisinopril combination risks,DDI,R3,MULTI_ENTITY,42292838,chunk-42292838-001,Pharmacological pitfalls in inpatient lung transplant care and management of medication risks.,Pharmacological pitfalls in inpatient lung transplant care and management of medication risks.,PENDING,,,PubMed_Central,,,
v3.1h-023,Spironolactone and lisinopril combination risks,DDI,R3,MULTI_ENTITY,42293737,chunk-42293737-001,A UK-wide analysis of the use of reversal agents in 198 patients on direct oral anticoagulants prior to urgent procedures.,A UK-wide analysis of the use of reversal agents in 198 patients on direct oral anticoagulants prior to urgent procedures.,PENDING,,,PubMed_Central,,,
v3.1h-023,Spironolactone and lisinopril combination risks,DDI,R3,MULTI_ENTITY,42294746,chunk-42294746-001,[Which aldosterone antagonist? Choosing between sprionolactone and the novel drug finerenone].,[Which aldosterone antagonist? Choosing between sprionolactone and the novel drug finerenone].,PENDING,,,PubMed_Central,,,
v3.1h-023,Spironolactone and lisinopril combination risks,DDI,R3,MULTI_ENTITY,42295720,chunk-42295720-001,Continuous alternate day vs intermittent daily fixed doses of oral isotretinoin in grade 2 acne vulgaris.,Continuous alternate day vs intermittent daily fixed doses of oral isotretinoin in grade 2 acne vulgaris.,PENDING,,,PubMed_Central,,,
v3.1h-023,Spironolactone and lisinopril combination risks,DDI,R3,MULTI_ENTITY,42306636,chunk-42306636-001,Unexpected Improvement of Obsessive-Compulsive Disorder Symptoms Following the Mistaken Prescription of Clomiphene: A Novel Perspective on Hormonal Influences in OCD.,Unexpected Improvement of Obsessive-Compulsive Disorder Symptoms Following the Mistaken Prescription of Clomiphene: A Novel Perspective on Hormonal Influences in OCD.,PENDING,,,PubMed_Central,,,
v3.1h-023,Spironolactone and lisinopril combination risks,DDI,R3,MULTI_ENTITY,42318218,chunk-42318218-001,A case report and literature review of proton pump inhibitors inducing insulin autoimmune syndrome.,A case report and literature review of proton pump inhibitors inducing insulin autoimmune syndrome.,PENDING,,,PubMed_Central,,,
v3.1h-023,Spironolactone and lisinopril combination risks,DDI,R3,MULTI_ENTITY,42326111,chunk-42326111-001,Lascufloxacin-Induced QT Prolongation in an Elderly Patient Treated With Escitalopram: A Case Report.,Lascufloxacin-Induced QT Prolongation in an Elderly Patient Treated With Escitalopram: A Case Report.,PENDING,,,PubMed_Central,,,
v3.1h-023,Spironolactone and lisinopril combination risks,DDI,R3,MULTI_ENTITY,42327596,chunk-42327596-001,Thrombosis and Survival after Prothrombin Complex Concentrate Use to treat Oral Anticoagulant Associated Haemorrhage.,Thrombosis and Survival after Prothrombin Complex Concentrate Use to treat Oral Anticoagulant Associated Haemorrhage.,PENDING,,,PubMed_Central,,,
v3.1h-023,Spironolactone and lisinopril combination risks,DDI,R3,MULTI_ENTITY,42332214,chunk-42332214-001,Optimizing Amiodarone Maintenance Dose to Minimize N-Desethylamiodarone Accumulation and Pulmonary Toxicity: Insights from Machine Learning and Pharmacokinetic Simulation.,Optimizing Amiodarone Maintenance Dose to Minimize N-Desethylamiodarone Accumulation and Pulmonary Toxicity: Insights from Machine Learning and Pharmacokinetic Simulation.,PENDING,,,PubMed_Central,,,
v3.1h-023,Spironolactone and lisinopril combination risks,DDI,R3,MULTI_ENTITY,42332506,chunk-42332506-001,Pachydermoperiostosis (Touraine-Solente-Gole syndrome): A case report and literature review.,Pachydermoperiostosis (Touraine-Solente-Gole syndrome): A case report and literature review.,PENDING,,,PubMed_Central,,,
v3.1h-023,Spironolactone and lisinopril combination risks,DDI,R3,MULTI_ENTITY,42349978,chunk-42349978-001,New Agents for Acne Treatment and Updates to Isotretinoin Guidelines.,New Agents for Acne Treatment and Updates to Isotretinoin Guidelines.,PENDING,,,PubMed_Central,,,
v3.1h-023,Spironolactone and lisinopril combination risks,DDI,R3,MULTI_ENTITY,42359186,chunk-42359186-001,Early-Onset Amiodarone Pulmonary Toxicity at a Standard Maintenance Dose Masquerading as Decompensated Heart Failure: A Case Report and Literature Review.,Early-Onset Amiodarone Pulmonary Toxicity at a Standard Maintenance Dose Masquerading as Decompensated Heart Failure: A Case Report and Literature Review.,PENDING,,,PubMed_Central,,,
v3.1h-023,Spironolactone and lisinopril combination risks,DDI,R3,MULTI_ENTITY,42364820,chunk-42364820-001,Finerenone: a next-generation nonsteroidal mineralocorticoid receptor antagonist reshaping the management of cardiovascular and metabolic diseases.,Finerenone: a next-generation nonsteroidal mineralocorticoid receptor antagonist reshaping the management of cardiovascular and metabolic diseases.,PENDING,,,PubMed_Central,,,
v3.1h-023,Spironolactone and lisinopril combination risks,DDI,R3,MULTI_ENTITY,42366387,chunk-42366387-001,Cannabidiol as an adjunct in refractory paroxysmal sympathetic hyperactivity following severe traumatic brain injury: a case report.,Cannabidiol as an adjunct in refractory paroxysmal sympathetic hyperactivity following severe traumatic brain injury: a case report.,PENDING,,,PubMed_Central,,,
v3.1h-023,Spironolactone and lisinopril combination risks,DDI,R3,MULTI_ENTITY,42366486,chunk-42366486-001,Finerenone and Cardiorenal Outcomes: A Narrative Review.,Finerenone and Cardiorenal Outcomes: A Narrative Review.,PENDING,,,PubMed_Central,,,
v3.1h-023,Spironolactone and lisinopril combination risks,DDI,R3,MULTI_ENTITY,42368238,chunk-42368238-001,"Optimized Oral Glutamatergic Augmentation in Refractory Home-Dominant Contamination Obsessive-Compulsive Disorder With Somatic, Affective, and Motivational Features: A Case Report of Incremental Functional Gains.","Optimized Oral Glutamatergic Augmentation in Refractory Home-Dominant Contamination Obsessive-Compulsive Disorder With Somatic, Affective, and Motivational Features: A Case Report of Incremental Functional Gains.",PENDING,,,PubMed_Central,,,
v3.1h-023,Spironolactone and lisinopril combination risks,DDI,R3,MULTI_ENTITY,42371403,chunk-42371403-001,Does gabapentin add value to multimodal analgesia in thoracic surgery? A procedure-specific meta-analysis.,Does gabapentin add value to multimodal analgesia in thoracic surgery? A procedure-specific meta-analysis.,PENDING,,,PubMed_Central,,,
v3.1h-023,Spironolactone and lisinopril combination risks,DDI,R3,MULTI_ENTITY,42374912,chunk-42374912-001,Risk of Hyperkalemia in Patients with Heart Failure Treated with Spironolactone in Combination with Sacubitril/Valsartan vs. Renin-Angiotensin System Inhibitors.,Risk of Hyperkalemia in Patients with Heart Failure Treated with Spironolactone in Combination with Sacubitril/Valsartan vs. Renin-Angiotensin System Inhibitors.,PENDING,,,PubMed_Central,,,
v3.1h-023,Spironolactone and lisinopril combination risks,DDI,R3,MULTI_ENTITY,42394350,chunk-42394350-001,"The DOAC-FRAIL Study-Same Dose, Different Story: Prevalence of Deviant Direct Oral Anticoagulant Levels in Nursing Home Residents.","The DOAC-FRAIL Study-Same Dose, Different Story: Prevalence of Deviant Direct Oral Anticoagulant Levels in Nursing Home Residents.",PENDING,,,PubMed_Central,,,
v3.1h-023,Spironolactone and lisinopril combination risks,DDI,R3,MULTI_ENTITY,42398817,chunk-42398817-001,Rediscovering digitalis in heart failure with reduced ejection fraction: Current evidence and expert survey on contemporary use.,Rediscovering digitalis in heart failure with reduced ejection fraction: Current evidence and expert survey on contemporary use.,PENDING,,,PubMed_Central,,,
v3.1h-023,Spironolactone and lisinopril combination risks,DDI,R3,MULTI_ENTITY,42413824,chunk-42413824-001,Direct oral anticoagulant use and drug-drug interactions in transplant recipients receiving calcineurin inhibitors.,Direct oral anticoagulant use and drug-drug interactions in transplant recipients receiving calcineurin inhibitors.,PENDING,,,PubMed_Central,,,
v3.1h-023,Spironolactone and lisinopril combination risks,DDI,R3,MULTI_ENTITY,42415794,chunk-42415794-001,Pharmacovigilance profiles of three generations of mineralocorticoid receptor antagonists and network toxicology analysis.,Pharmacovigilance profiles of three generations of mineralocorticoid receptor antagonists and network toxicology analysis.,PENDING,,,PubMed_Central,,,
v3.1h-023,Spironolactone and lisinopril combination risks,DDI,R3,MULTI_ENTITY,42429832,chunk-42429832-001,Current perspectives on natural and pharmacological interventions for combating drug-induced pulmonary toxicity.,Current perspectives on natural and pharmacological interventions for combating drug-induced pulmonary toxicity.,PENDING,,,PubMed_Central,,,
v3.1h-023,Spironolactone and lisinopril combination risks,DDI,R3,MULTI_ENTITY,42431357,chunk-42431357-001,"Oral use of anxiolytic, sedative, and anaesthetic medications in domestic cats (Felis catus): A scoping review.","Oral use of anxiolytic, sedative, and anaesthetic medications in domestic cats (Felis catus): A scoping review.",PENDING,,,PubMed_Central,,,
v3.1h-023,Spironolactone and lisinopril combination risks,DDI,R3,MULTI_ENTITY,42436620,chunk-42436620-001,Research on drug interactions and efficacy optimization of combined medication for elderly patients with ischemic cerebrovascular disease in Guangxi Zhuang Autonomous Region.,Research on drug interactions and efficacy optimization of combined medication for elderly patients with ischemic cerebrovascular disease in Guangxi Zhuang Autonomous Region.,PENDING,,,PubMed_Central,,,
v3.1h-023,Spironolactone and lisinopril combination risks,DDI,R3,MULTI_ENTITY,42437608,chunk-42437608-001,"Influence of prior administration of gabapentin and integrative practices on sedation scores, physiological parameters, and propofol requirement in cats sedated with dexmedetomidine.","Influence of prior administration of gabapentin and integrative practices on sedation scores, physiological parameters, and propofol requirement in cats sedated with dexmedetomidine.",PENDING,,,PubMed_Central,,,
v3.1h-023,Spironolactone and lisinopril combination risks,DDI,R3,MULTI_ENTITY,42438486,chunk-42438486-001,"A first-in-human study evaluating safety, PK, and PD of a novel universal anticoagulant reversal agent, OKL-1111.","A first-in-human study evaluating safety, PK, and PD of a novel universal anticoagulant reversal agent, OKL-1111.",PENDING,,,PubMed_Central,,,
v3.1h-023,Spironolactone and lisinopril combination risks,DDI,R3,MULTI_ENTITY,42438581,chunk-42438581-001,Unmasking Refractory Hypothyroidism: Persistent Iron-Levothyroxine Interaction Despite Appropriate Dose Separation.,Unmasking Refractory Hypothyroidism: Persistent Iron-Levothyroxine Interaction Despite Appropriate Dose Separation.,PENDING,,,PubMed_Central,,,
v3.1h-023,Spironolactone and lisinopril combination risks,DDI,R3,MULTI_ENTITY,42448258,chunk-42448258-001,Anticoagulant Regimen for Nonvalvular Atrial Fibrillation in the Elderly and Frail Population.,Anticoagulant Regimen for Nonvalvular Atrial Fibrillation in the Elderly and Frail Population.,PENDING,,,PubMed_Central,,,
v3.1h-023,Spironolactone and lisinopril combination risks,DDI,R3,MULTI_ENTITY,42458467,chunk-42458467-001,"Use of prescription medications potentially harmful during pregnancy among women of reproductive age by pregnancy status and contraceptive use in the United States, 2009-2020.","Use of prescription medications potentially harmful during pregnancy among women of reproductive age by pregnancy status and contraceptive use in the United States, 2009-2020.",PENDING,,,PubMed_Central,,,
v3.1h-023,Spironolactone and lisinopril combination risks,DDI,R3,MULTI_ENTITY,42461919,chunk-42461919-001,Signal mining and analysis of adverse events associated with Isotretinoin: A 20-Year real-world pharmacovigilance study based on FAERS and EudraVigilance databases.,Signal mining and analysis of adverse events associated with Isotretinoin: A 20-Year real-world pharmacovigilance study based on FAERS and EudraVigilance databases.,PENDING,,,PubMed_Central,,,
v3.1h-023,Spironolactone and lisinopril combination risks,DDI,R3,MULTI_ENTITY,42462752,chunk-42462752-001,Risk of fracture with gabapentinoid treatment in older adults: a multinational population-based study.,Risk of fracture with gabapentinoid treatment in older adults: a multinational population-based study.,PENDING,,,PubMed_Central,,,
v3.1h-023,Spironolactone and lisinopril combination risks,DDI,R3,MULTI_ENTITY,42466914,chunk-42466914-001,Amiodarone-induced pulmonary toxicity: case series and review of clinical-radiological correlations.,Amiodarone-induced pulmonary toxicity: case series and review of clinical-radiological correlations.,PENDING,,,PubMed_Central,,,
v3.1h-023,Spironolactone and lisinopril combination risks,DDI,R3,MULTI_ENTITY,42475421,chunk-42475421-001,"Vascular Endothelial Growth Factor Receptor 1-Blocking Antibody Improves Endothelial Structure, Kidney Function, and GFR in Diabetic Mice.","Vascular Endothelial Growth Factor Receptor 1-Blocking Antibody Improves Endothelial Structure, Kidney Function, and GFR in Diabetic Mice.",PENDING,,,PubMed_Central,,,
v3.1h-023,Spironolactone and lisinopril combination risks,DDI,R3,MULTI_ENTITY,42481856,chunk-42481856-001,Integrating Clinical Evidence with PBPK Modeling to Assess PPI-Clopidogrel-CYP2C19 Interactions in Chinese ACS Patients.,Integrating Clinical Evidence with PBPK Modeling to Assess PPI-Clopidogrel-CYP2C19 Interactions in Chinese ACS Patients.,PENDING,,,PubMed_Central,,,
v3.1h-023,Spironolactone and lisinopril combination risks,DDI,R3,MULTI_ENTITY,42483729,chunk-42483729-001,"Once-Nightly Pregabalin for Co-Occurring Nightmares, Poor Sleep, and Headaches: A Case Series.","Once-Nightly Pregabalin for Co-Occurring Nightmares, Poor Sleep, and Headaches: A Case Series.",PENDING,,,PubMed_Central,,,
v3.1h-023,Spironolactone and lisinopril combination risks,DDI,R3,MULTI_ENTITY,42484991,chunk-42484991-001,Budget Impact of Eplerenone for Heart Failure with Reduced Ejection Fraction: National Perspective and Regional Implications in Italy.,Budget Impact of Eplerenone for Heart Failure with Reduced Ejection Fraction: National Perspective and Regional Implications in Italy.,PENDING,,,PubMed_Central,,,
v3.1h-023,Spironolactone and lisinopril combination risks,DDI,R3,MULTI_ENTITY,42489609,chunk-42489609-001,Cilostazol-Induced Digoxin Toxicity Presenting as Accelerated Idioventricular Rhythm and Recurrent Syncope.,Cilostazol-Induced Digoxin Toxicity Presenting as Accelerated Idioventricular Rhythm and Recurrent Syncope.,PENDING,,,PubMed_Central,,,
v3.1h-023,Spironolactone and lisinopril combination risks,DDI,R3,MULTI_ENTITY,42497636,chunk-42497636-001,Macrophage membrane camouflaged biomimetic nanomedicine for normalizing electrical dysfunction and inflammation pathology in atrial fibrillation.,Macrophage membrane camouflaged biomimetic nanomedicine for normalizing electrical dysfunction and inflammation pathology in atrial fibrillation.,PENDING,,,PubMed_Central,,,
v3.1h-023,Spironolactone and lisinopril combination risks,DDI,R3,MULTI_ENTITY,42499456,chunk-42499456-001,"Association of Proximal Tubule Secretion With Hyperkalemia Risk, Treatment Response, and Outcomes in Heart Failure With Preserved Ejection Fraction.","Association of Proximal Tubule Secretion With Hyperkalemia Risk, Treatment Response, and Outcomes in Heart Failure With Preserved Ejection Fraction.",PENDING,,,PubMed_Central,,,
v3.1h-023,Spironolactone and lisinopril combination risks,DDI,R3,MULTI_ENTITY,42515713,chunk-42515713-001,CYP2D6 Metabolizer Phenotype Is Associated with Early Antidepressant Discontinuation in the UK Biobank.,CYP2D6 Metabolizer Phenotype Is Associated with Early Antidepressant Discontinuation in the UK Biobank.,PENDING,,,PubMed_Central,,,
v3.1h-023,Spironolactone and lisinopril combination risks,DDI,R3,MULTI_ENTITY,42522519,chunk-42522519-001,Examining the safety of dermatological and surgical procedures in patients undergoing systemic isotretinoin therapy: An updated review.,Examining the safety of dermatological and surgical procedures in patients undergoing systemic isotretinoin therapy: An updated review.,PENDING,,,PubMed_Central,,,
v3.1h-023,Spironolactone and lisinopril combination risks,DDI,R3,MULTI_ENTITY,42527260,chunk-42527260-001,Gabapentin for Postoperative Analgesia in Cardiac Surgery via Sternotomy: A Systematic Review and Meta-Analysis of Randomized Controlled Trials.,Gabapentin for Postoperative Analgesia in Cardiac Surgery via Sternotomy: A Systematic Review and Meta-Analysis of Randomized Controlled Trials.,PENDING,,,PubMed_Central,,,
v3.1h-023,Spironolactone and lisinopril combination risks,DDI,R3,MULTI_ENTITY,42528583,chunk-42528583-001,Amiodarone-induced granulomatous lung injury mimicking organizing pneumonia: a case report.,Amiodarone-induced granulomatous lung injury mimicking organizing pneumonia: a case report.,PENDING,,,PubMed_Central,,,
v3.1h-023,Spironolactone and lisinopril combination risks,DDI,R3,MULTI_ENTITY,42546121,chunk-42546121-001,Direct Oral Anticoagulants for Atrial Fibrillation in Patients Receiving Hemodialysis: A Review and Discussion of Evidence.,Direct Oral Anticoagulants for Atrial Fibrillation in Patients Receiving Hemodialysis: A Review and Discussion of Evidence.,PENDING,,,PubMed_Central,,,
v3.1h-023,Spironolactone and lisinopril combination risks,DDI,R3,MULTI_ENTITY,42558881,chunk-42558881-001,Drug-associated psoriasis: a pharmacovigilance study based on the FAERS database.,Drug-associated psoriasis: a pharmacovigilance study based on the FAERS database.,PENDING,,,PubMed_Central,,,
v3.1h-023,Spironolactone and lisinopril combination risks,DDI,R3,MULTI_ENTITY,42571795,chunk-42571795-001,Mechanistic insights into cytochrome P450 inhibition by progesterone and its impact on fluoxetine pharmacokinetics.,Mechanistic insights into cytochrome P450 inhibition by progesterone and its impact on fluoxetine pharmacokinetics.,PENDING,,,PubMed_Central,,,
v3.1h-023,Spironolactone and lisinopril combination risks,DDI,R3,MULTI_ENTITY,42573610,chunk-42573610-001,Paracetamol-induced hepatic injury following intentional self-poisoning: a case report and therapeutic considerations.,Paracetamol-induced hepatic injury following intentional self-poisoning: a case report and therapeutic considerations.,PENDING,,,PubMed_Central,,,
v3.1h-023,Spironolactone and lisinopril combination risks,DDI,R3,MULTI_ENTITY,42580175,chunk-42580175-001,"Iodine excess in relation to decreased free thyroxine levels during pregnancy in an iodine-sufficient region, and potential interactions with iron and selenium.","Iodine excess in relation to decreased free thyroxine levels during pregnancy in an iodine-sufficient region, and potential interactions with iron and selenium.",PENDING,,,PubMed_Central,,,
v3.1h-023,Spironolactone and lisinopril combination risks,DDI,R3,MULTI_ENTITY,42580545,chunk-42580545-001,Non-steroidal anti-inflammatory drugs and CYP2C9 - Impacts of genetics and phenoconversion on the risk of adverse effects.,Non-steroidal anti-inflammatory drugs and CYP2C9 - Impacts of genetics and phenoconversion on the risk of adverse effects.,PENDING,,,PubMed_Central,,,
v3.1h-023,Spironolactone and lisinopril combination risks,DDI,R3,MULTI_ENTITY,42584699,chunk-42584699-001,"The ""obesity paradox"" in dosing: a comprehensive analytical review of cockcroft-gault versus CKD-EPI for predicting clearance of narrow-therapeutic-index drugs in patients with BMI > 40 kg/m².","The ""obesity paradox"" in dosing: a comprehensive analytical review of cockcroft-gault versus CKD-EPI for predicting clearance of narrow-therapeutic-index drugs in patients with BMI > 40 kg/m².",PENDING,,,PubMed_Central,,,
v3.1h-023,Spironolactone and lisinopril combination risks,DDI,R3,MULTI_ENTITY,42586461,chunk-42586461-001,Pharmacogenomic and drug interactions risk in cardio-oncology: A precision medicine perspective for India.,Pharmacogenomic and drug interactions risk in cardio-oncology: A precision medicine perspective for India.,PENDING,,,PubMed_Central,,,
v3.1h-023,Spironolactone and lisinopril combination risks,DDI,R3,MULTI_ENTITY,42587752,chunk-42587752-001,Rapid Volumetric Bioprinting Coupled with Dynamic Perfusion Enhances Human Hepatic Organoid Toxicity Testing.,Rapid Volumetric Bioprinting Coupled with Dynamic Perfusion Enhances Human Hepatic Organoid Toxicity Testing.,PENDING,,,PubMed_Central,,,
v3.1h-023,Spironolactone and lisinopril combination risks,DDI,R3,MULTI_ENTITY,42590087,chunk-42590087-001,"Digoxin Dosing Errors, Drug Interactions and Off-Label Risks: Insights from an EudraVigilance Disproportionality Analysis.","Digoxin Dosing Errors, Drug Interactions and Off-Label Risks: Insights from an EudraVigilance Disproportionality Analysis.",PENDING,,,PubMed_Central,,,
v3.1h-023,Spironolactone and lisinopril combination risks,DDI,R3,MULTI_ENTITY,42591558,chunk-42591558-001,Physiologically based pharmacokinetic modeling of fluconazole: interpretation of gender-dependent pharmacokinetics and cytochrome P450 inhibition.,Physiologically based pharmacokinetic modeling of fluconazole: interpretation of gender-dependent pharmacokinetics and cytochrome P450 inhibition.,PENDING,,,PubMed_Central,,,
v3.1h-023,Spironolactone and lisinopril combination risks,DDI,R3,MULTI_ENTITY,42595037,chunk-42595037-001,Evidence for the Use of Steroidal Aldosterone Antagonists in Patients With Kidney Failure.,Evidence for the Use of Steroidal Aldosterone Antagonists in Patients With Kidney Failure.,PENDING,,,PubMed_Central,,,
v3.1h-023,Spironolactone and lisinopril combination risks,DDI,R3,MULTI_ENTITY,42595240,chunk-42595240-001,Xenobiotic-Induced Liver Injury in the United States: A 25-Year Retrospective Analysis of National Poison Data System.,Xenobiotic-Induced Liver Injury in the United States: A 25-Year Retrospective Analysis of National Poison Data System.,PENDING,,,PubMed_Central,,,
v3.1h-023,Spironolactone and lisinopril combination risks,DDI,R3,MULTI_ENTITY,42596979,chunk-42596979-001,Sertraline use in pregnancy and placental transfer: A pharmacokinetic prospective cohort study.,Sertraline use in pregnancy and placental transfer: A pharmacokinetic prospective cohort study.,PENDING,,,PubMed_Central,,,
v3.1h-023,Spironolactone and lisinopril combination risks,DDI,R3,MULTI_ENTITY,42598366,chunk-42598366-001,"A 76-Year-Old Man With Hemorrhagic Stroke, Recurrent Thromboembolic Events, and Atrial Fibrillation Under Optimal Medical Treatment: When Anticoagulants Fail.","A 76-Year-Old Man With Hemorrhagic Stroke, Recurrent Thromboembolic Events, and Atrial Fibrillation Under Optimal Medical Treatment: When Anticoagulants Fail.",PENDING,,,PubMed_Central,,,
v3.1h-023,Spironolactone and lisinopril combination risks,DDI,R3,MULTI_ENTITY,42603144,chunk-42603144-001,Differential Quantification of Cutibacterium acnes Phylotypes IA and IB/II on Healthy and Acne-Prone Human Skin.,Differential Quantification of Cutibacterium acnes Phylotypes IA and IB/II on Healthy and Acne-Prone Human Skin.,PENDING,,,PubMed_Central,,,
v3.1h-023,Spironolactone and lisinopril combination risks,DDI,R3,MULTI_ENTITY,42610101,chunk-42610101-001,Nature's Poison Pill: A Case of Digoxin-Like Toxicity From the Seed of the Ornamental Plant Thevetia peruviana.,Nature's Poison Pill: A Case of Digoxin-Like Toxicity From the Seed of the Ornamental Plant Thevetia peruviana.,PENDING,,,PubMed_Central,,,
v3.1h-023,Spironolactone and lisinopril combination risks,DDI,R3,MULTI_ENTITY,42618000,chunk-42618000-001,Pipamperone metabolism by various recombinant cytochrome preparations.,Pipamperone metabolism by various recombinant cytochrome preparations.,PENDING,,,PubMed_Central,,,
v3.1h-023,Spironolactone and lisinopril combination risks,DDI,R3,MULTI_ENTITY,42621983,chunk-42621983-001,Mass-Forming NSAID-Associated Colopathy Mimicking Right-Sided Colon Cancer: A Case Report.,Mass-Forming NSAID-Associated Colopathy Mimicking Right-Sided Colon Cancer: A Case Report.,PENDING,,,PubMed_Central,,,
v3.1h-023,Spironolactone and lisinopril combination risks,DDI,R3,MULTI_ENTITY,42622073,chunk-42622073-001,Assessment of Pharmacokinetic Interaction and Clinical Efficacy of Clopidogrel Co-administered with Ilaprazole.,Assessment of Pharmacokinetic Interaction and Clinical Efficacy of Clopidogrel Co-administered with Ilaprazole.,PENDING,,,PubMed_Central,,,
v3.1h-023,Spironolactone and lisinopril combination risks,DDI,R3,MULTI_ENTITY,42628776,chunk-42628776-001,Differentiating hepatic and renal toxicity reveals CYP-independent mechanisms of acetaminophen-induced acute kidney injury.,Differentiating hepatic and renal toxicity reveals CYP-independent mechanisms of acetaminophen-induced acute kidney injury.,PENDING,,,PubMed_Central,,,
v3.1h-023,Spironolactone and lisinopril combination risks,DDI,R3,MULTI_ENTITY,42628883,chunk-42628883-001,Effects of psychotropic medications on a placenta cell model: A functional study with BeWo cells.,Effects of psychotropic medications on a placenta cell model: A functional study with BeWo cells.,PENDING,,,PubMed_Central,,,
v3.1h-023,Spironolactone and lisinopril combination risks,DDI,R3,MULTI_ENTITY,42630019,chunk-42630019-001,Pharmacogenomics in Dentistry: From CYP-Mediated Drug Response to Precision Prescribing in Oral Healthcare.,Pharmacogenomics in Dentistry: From CYP-Mediated Drug Response to Precision Prescribing in Oral Healthcare.,PENDING,,,PubMed_Central,,,
v3.1h-023,Spironolactone and lisinopril combination risks,DDI,R3,MULTI_ENTITY,42631638,chunk-42631638-001,Diallyl trisulfide ameliorates acetaminophen-induced acute liver injury through the oxidative modification of CYP2E1 cysteine residues.,Diallyl trisulfide ameliorates acetaminophen-induced acute liver injury through the oxidative modification of CYP2E1 cysteine residues.,PENDING,,,PubMed_Central,,,
v3.1h-023,Spironolactone and lisinopril combination risks,DDI,R3,MULTI_ENTITY,42631653,chunk-42631653-001,Application of Physiologically Based Pharmacokinetic Modeling to Optimize Assessment of Age-Related Fluoxetine Accumulation in the Elderly.,Application of Physiologically Based Pharmacokinetic Modeling to Optimize Assessment of Age-Related Fluoxetine Accumulation in the Elderly.,PENDING,,,PubMed_Central,,,
v3.1h-023,Spironolactone and lisinopril combination risks,DDI,R3,MULTI_ENTITY,42632694,chunk-42632694-001,Oral co-delivery of quercetin and anthocyanins via dual-ligand nanoparticles alleviate obesity and associated metabolic disorders.,Oral co-delivery of quercetin and anthocyanins via dual-ligand nanoparticles alleviate obesity and associated metabolic disorders.,PENDING,,,PubMed_Central,,,
v3.1h-023,Spironolactone and lisinopril combination risks,DDI,R3,MULTI_ENTITY,42633086,chunk-42633086-001,Nivolumab after recurrent pembrolizumab-associated hepatotoxicity in PD-L1-high metastatic squamous non-small cell lung cancer: a case report.,Nivolumab after recurrent pembrolizumab-associated hepatotoxicity in PD-L1-high metastatic squamous non-small cell lung cancer: a case report.,PENDING,,,PubMed_Central,,,
v3.1h-023,Spironolactone and lisinopril combination risks,DDI,R3,MULTI_ENTITY,42636556,chunk-42636556-001,Multicenter Evaluation of Opioid Prescribing After Minimally Invasive Repair of Pectus Excavatum Before The 2024 American Academy of Pediatrics Guideline: Room to Improve.,Multicenter Evaluation of Opioid Prescribing After Minimally Invasive Repair of Pectus Excavatum Before The 2024 American Academy of Pediatrics Guideline: Room to Improve.,PENDING,,,PubMed_Central,,,
v3.1h-023,Spironolactone and lisinopril combination risks,DDI,R3,MULTI_ENTITY,42636576,chunk-42636576-001,"Real-world variability and factors associated with individual low-density-lipoprotein cholesterol response to different doses of atorvastatin, rosuvastatin, and simvastatin in 28,647 Chinese patients.","Real-world variability and factors associated with individual low-density-lipoprotein cholesterol response to different doses of atorvastatin, rosuvastatin, and simvastatin in 28,647 Chinese patients.",PENDING,,,PubMed_Central,,,
v3.1h-023,Spironolactone and lisinopril combination risks,DDI,R3,MULTI_ENTITY,42637515,chunk-42637515-001,An uncommon side effect of statins: perioral neuropathic symptoms.,An uncommon side effect of statins: perioral neuropathic symptoms.,PENDING,,,PubMed_Central,,,
v3.1h-023,Spironolactone and lisinopril combination risks,DDI,R3,MULTI_ENTITY,42638417,chunk-42638417-001,The Bacterial Metabolite Lndole-3-Propionic Acid Alleviates Acetaminophen-Induced Acute Liver Injury Partly through the Aryl Hydrocarbon Receptor Pathway.,The Bacterial Metabolite Lndole-3-Propionic Acid Alleviates Acetaminophen-Induced Acute Liver Injury Partly through the Aryl Hydrocarbon Receptor Pathway.,PENDING,,,PubMed_Central,,,
v3.1h-023,Spironolactone and lisinopril combination risks,DDI,R3,MULTI_ENTITY,42643702,chunk-42643702-001,Sex-Specific Safety Signals of Finerenone Versus Spironolactone: Insights From the FDA Adverse Event Reporting System.,Sex-Specific Safety Signals of Finerenone Versus Spironolactone: Insights From the FDA Adverse Event Reporting System.,PENDING,,,PubMed_Central,,,
v3.1h-023,Spironolactone and lisinopril combination risks,DDI,R3,MULTI_ENTITY,42645604,chunk-42645604-001,"Berberine-associated lipid-inflammatory regulation in atherosclerosis: an integrative transcriptomic, single-cell, and in vivo study.","Berberine-associated lipid-inflammatory regulation in atherosclerosis: an integrative transcriptomic, single-cell, and in vivo study.",PENDING,,,PubMed_Central,,,
v3.1h-023,Spironolactone and lisinopril combination risks,DDI,R3,MULTI_ENTITY,42647165,chunk-42647165-001,Pharmacotherapeutic considerations for the treatment of post-traumatic stress disorder during and after pregnancy: an update.,Pharmacotherapeutic considerations for the treatment of post-traumatic stress disorder during and after pregnancy: an update.,PENDING,,,PubMed_Central,,,
v3.1h-023,Spironolactone and lisinopril combination risks,DDI,R3,MULTI_ENTITY,42647942,chunk-42647942-001,Use of Corrected QT Cutoffs Derived from Biological Variation to Predict Adverse Events Due to Antipsychotic Drugs: Case Report.,Use of Corrected QT Cutoffs Derived from Biological Variation to Predict Adverse Events Due to Antipsychotic Drugs: Case Report.,PENDING,,,PubMed_Central,,,
v3.1h-023,Spironolactone and lisinopril combination risks,DDI,R3,MULTI_ENTITY,42652369,chunk-42652369-001,"Shifting Public Interest in Liver Health, Hepatotoxic Medications, and Dietary Supplements in Kazakhstan: A Five-Year Google Trends Infodemiology Study.","Shifting Public Interest in Liver Health, Hepatotoxic Medications, and Dietary Supplements in Kazakhstan: A Five-Year Google Trends Infodemiology Study.",PENDING,,,PubMed_Central,,,
v3.1h-023,Spironolactone and lisinopril combination risks,DDI,R3,MULTI_ENTITY,42653071,chunk-42653071-001,Safety and Efficacy Assessment of Cannabis Plant Compared to Atorvastatin for Lipid Lowering in Diabetic and Obese Wistar Male Rats.,Safety and Efficacy Assessment of Cannabis Plant Compared to Atorvastatin for Lipid Lowering in Diabetic and Obese Wistar Male Rats.,PENDING,,,PubMed_Central,,,
v3.1h-023,Spironolactone and lisinopril combination risks,DDI,R3,MULTI_ENTITY,42653173,chunk-42653173-001,Molecular Mechanisms of Acute Drug Toxicity in Polypharmacy: Analgesic-Psychotropic Interactions.,Molecular Mechanisms of Acute Drug Toxicity in Polypharmacy: Analgesic-Psychotropic Interactions.,PENDING,,,PubMed_Central,,,
v3.1h-023,Spironolactone and lisinopril combination risks,DDI,R3,MULTI_ENTITY,42653808,chunk-42653808-001,"Berberine-Drug Interactions: Mechanisms, Clinical Relevance and Risk Stratification-A Narrative Review.","Berberine-Drug Interactions: Mechanisms, Clinical Relevance and Risk Stratification-A Narrative Review.",PENDING,,,PubMed_Central,,,
v3.1h-023,Spironolactone and lisinopril combination risks,DDI,R3,MULTI_ENTITY,42654146,chunk-42654146-001,Moxifloxacin-Mediated Downregulation of Intestinal P-Glycoprotein Alters the Pharmacokinetics of Dabigatran Etexilate: Mechanistic Insights in Rats and PBPK Model-Informed Dose Optimization.,Moxifloxacin-Mediated Downregulation of Intestinal P-Glycoprotein Alters the Pharmacokinetics of Dabigatran Etexilate: Mechanistic Insights in Rats and PBPK Model-Informed Dose Optimization.,PENDING,,,PubMed_Central,,,
v3.1h-023,Spironolactone and lisinopril combination risks,DDI,R3,MULTI_ENTITY,42654342,chunk-42654342-001,Therapeutic Potential of Anti-Obesity Drugs in Obesity-Associated Female Reproductive Dysfunction: Translating Mechanistic Evidence into Personalized Clinical Strategies.,Therapeutic Potential of Anti-Obesity Drugs in Obesity-Associated Female Reproductive Dysfunction: Translating Mechanistic Evidence into Personalized Clinical Strategies.,PENDING,,,PubMed_Central,,,
v3.1h-023,Spironolactone and lisinopril combination risks,DDI,R3,MULTI_ENTITY,42658230,chunk-42658230-001,Supratherapeutic Digoxin Levels in Children with Cardiac Disease.,Supratherapeutic Digoxin Levels in Children with Cardiac Disease.,PENDING,,,PubMed_Central,,,
v3.1h-023,Spironolactone and lisinopril combination risks,DDI,R3,MULTI_ENTITY,42660303,chunk-42660303-001,Cardioprotective effects of natural phytochemicals from traditional medicinal plants against doxorubicin-induced cardiotoxicity: A meta-analysis of preclinical studies.,Cardioprotective effects of natural phytochemicals from traditional medicinal plants against doxorubicin-induced cardiotoxicity: A meta-analysis of preclinical studies.,PENDING,,,PubMed_Central,,,
v3.1h-023,Spironolactone and lisinopril combination risks,DDI,R3,MULTI_ENTITY,42661734,chunk-42661734-001,Sex-specific effects of resveratrol and metformin on mitochondrial function and inflammatory activation in a TNF-α-driven human iPSC-derived endothelial dysfunction model.,Sex-specific effects of resveratrol and metformin on mitochondrial function and inflammatory activation in a TNF-α-driven human iPSC-derived endothelial dysfunction model.,PENDING,,,PubMed_Central,,,
v3.1h-023,Spironolactone and lisinopril combination risks,DDI,R3,MULTI_ENTITY,42662112,chunk-42662112-001,A Comparative Study to Evaluate the Renoprotective Effect of Antidiabetic Drugs in Patients With Type 2 Diabetes Mellitus.,A Comparative Study to Evaluate the Renoprotective Effect of Antidiabetic Drugs in Patients With Type 2 Diabetes Mellitus.,PENDING,,,PubMed_Central,,,
v3.1h-023,Spironolactone and lisinopril combination risks,DDI,R3,MULTI_ENTITY,42662351,chunk-42662351-001,Sertraline-induced fetotoxicity in mice: Protective effects of vitamin E on foetal growth and organ histology.,Sertraline-induced fetotoxicity in mice: Protective effects of vitamin E on foetal growth and organ histology.,PENDING,,,PubMed_Central,,,
v3.1h-023,Spironolactone and lisinopril combination risks,DDI,R3,MULTI_ENTITY,42662739,chunk-42662739-001,Transporter Interactions of Methoxyflavones and Their In Vivo Pharmacokinetic Implications.,Transporter Interactions of Methoxyflavones and Their In Vivo Pharmacokinetic Implications.,PENDING,,,PubMed_Central,,,
v3.1h-023,Spironolactone and lisinopril combination risks,DDI,R3,MULTI_ENTITY,42662744,chunk-42662744-001,Perfluoroether Peptide-Modified Artificial Viral Capsid for Enhanced Doxorubicin Delivery to Liver Cancer Cells.,Perfluoroether Peptide-Modified Artificial Viral Capsid for Enhanced Doxorubicin Delivery to Liver Cancer Cells.,PENDING,,,PubMed_Central,,,
v3.1h-023,Spironolactone and lisinopril combination risks,DDI,R3,MULTI_ENTITY,42662904,chunk-42662904-001,Early cardiac proteomic profiling in a long-latency doxorubicin cardiomyopathy model exhibits sexual dimorphism for cardioprotection.,Early cardiac proteomic profiling in a long-latency doxorubicin cardiomyopathy model exhibits sexual dimorphism for cardioprotection.,PENDING,,,PubMed_Central,,,
v3.1h-023,Spironolactone and lisinopril combination risks,DDI,R3,MULTI_ENTITY,42663261,chunk-42663261-001,"Clinical outcomes of ""massive"" acetaminophen overdose treated with standard vs. augmented dose acetylcysteine.","Clinical outcomes of ""massive"" acetaminophen overdose treated with standard vs. augmented dose acetylcysteine.",PENDING,,,PubMed_Central,,,
v3.1h-023,Spironolactone and lisinopril combination risks,DDI,R3,MULTI_ENTITY,42663921,chunk-42663921-001,Qishen Yiqi Dripping Pills ameliorate doxorubicin-induced cardiotoxicity: a study based on bioinformatics and experimental verification.,Qishen Yiqi Dripping Pills ameliorate doxorubicin-induced cardiotoxicity: a study based on bioinformatics and experimental verification.,PENDING,,,PubMed_Central,,,
v3.1h-023,Spironolactone and lisinopril combination risks,DDI,R3,MULTI_ENTITY,42663925,chunk-42663925-001,Selective and Time-Dependent Alterations in Cytochrome P450 (CYP) Enzyme Activity and Expression by Major Phytocannabinoids.,Selective and Time-Dependent Alterations in Cytochrome P450 (CYP) Enzyme Activity and Expression by Major Phytocannabinoids.,PENDING,,,PubMed_Central,,,
v3.1h-023,Spironolactone and lisinopril combination risks,DDI,R3,MULTI_ENTITY,42665114,chunk-42665114-001,Doxorubicin-induced Cardiotoxicity is Propagated by Paracrine Signaling through Small Extracellular Vesicles.,Doxorubicin-induced Cardiotoxicity is Propagated by Paracrine Signaling through Small Extracellular Vesicles.,PENDING,,,PubMed_Central,,,
v3.1h-023,Spironolactone and lisinopril combination risks,DDI,R3,MULTI_ENTITY,42665174,chunk-42665174-001,Acetaminophen-induced developmental neurobehavioral and sensory organ toxicity in zebrafish.,Acetaminophen-induced developmental neurobehavioral and sensory organ toxicity in zebrafish.,PENDING,,,PubMed_Central,,,
v3.1h-023,Spironolactone and lisinopril combination risks,DDI,R3,MULTI_ENTITY,42665888,chunk-42665888-001,"EXPRESS: Effect of oral gabapentin administered in-hospital on behavioral stress, compliance, and physiologic stress markers: a randomized, double-blind, placebo-controlled trial.","EXPRESS: Effect of oral gabapentin administered in-hospital on behavioral stress, compliance, and physiologic stress markers: a randomized, double-blind, placebo-controlled trial.",PENDING,,,PubMed_Central,,,
v3.1h-023,Spironolactone and lisinopril combination risks,DDI,R3,MULTI_ENTITY,42666103,chunk-42666103-001,Clinical relevance of pharmacogenomic information for improving prescribing practices in acutely admitted older medical patients.,Clinical relevance of pharmacogenomic information for improving prescribing practices in acutely admitted older medical patients.,PENDING,,,PubMed_Central,,,
v3.1h-023,Spironolactone and lisinopril combination risks,DDI,R3,MULTI_ENTITY,42666410,chunk-42666410-001,Preoperative Gabapentin in Pediatric Anterior Cruciate Ligament Reconstruction With Peripheral Nerve Blockade: A Retrospective Cohort Study.,Preoperative Gabapentin in Pediatric Anterior Cruciate Ligament Reconstruction With Peripheral Nerve Blockade: A Retrospective Cohort Study.,PENDING,,,PubMed_Central,,,
v3.1h-023,Spironolactone and lisinopril combination risks,DDI,R3,MULTI_ENTITY,42667072,chunk-42667072-001,Unlocking the brain: Biodistribution insights into tween 80 nanoliposomes in healthy brains.,Unlocking the brain: Biodistribution insights into tween 80 nanoliposomes in healthy brains.,PENDING,,,PubMed_Central,,,
v3.1h-023,Spironolactone and lisinopril combination risks,DDI,R3,MULTI_ENTITY,42667336,chunk-42667336-001,Atorvastatin Exerts Context-Dependent Metabolic and Beneficial Effects on Behavior and Apoptotic Signaling in a Cafeteria Diet-Induced Metabolic Dysfunction Model.,Atorvastatin Exerts Context-Dependent Metabolic and Beneficial Effects on Behavior and Apoptotic Signaling in a Cafeteria Diet-Induced Metabolic Dysfunction Model.,PENDING,,,PubMed_Central,,,
v3.1h-023,Spironolactone and lisinopril combination risks,DDI,R3,MULTI_ENTITY,42667464,chunk-42667464-001,Schisandra chinensis polysaccharide attenuates diabetic islet cell injury by promoting autophagy via suppression of the PI3K/AKT/mTOR signaling cascade.,Schisandra chinensis polysaccharide attenuates diabetic islet cell injury by promoting autophagy via suppression of the PI3K/AKT/mTOR signaling cascade.,PENDING,,,PubMed_Central,,,
v3.1h-023,Spironolactone and lisinopril combination risks,DDI,R3,MULTI_ENTITY,42667784,chunk-42667784-001,Mechanism of Gegen Qinlian Decoction in the treatment of diabetic cataract based on network pharmacology and experimental validation.,Mechanism of Gegen Qinlian Decoction in the treatment of diabetic cataract based on network pharmacology and experimental validation.,PENDING,,,PubMed_Central,,,
v3.1h-023,Spironolactone and lisinopril combination risks,DDI,R3,MULTI_ENTITY,42669317,chunk-42669317-001,Ethical considerations in suspected isotretinoin nonadherence and/or diversion.,Ethical considerations in suspected isotretinoin nonadherence and/or diversion.,PENDING,,,PubMed_Central,,,
v3.1h-023,Spironolactone and lisinopril combination risks,DDI,R3,MULTI_ENTITY,42670022,chunk-42670022-001,Apixaban Dose Selection in Kidney Failure: Reconciling Pharmacokinetics and Clinical Outcomes.,Apixaban Dose Selection in Kidney Failure: Reconciling Pharmacokinetics and Clinical Outcomes.,PENDING,,,PubMed_Central,,,
v3.1h-023,Spironolactone and lisinopril combination risks,DDI,R3,MULTI_ENTITY,42670080,chunk-42670080-001,Anthracycline Cardiotoxicity: A Real-World Study Based on FDA Adverse Event Reporting System Database.,Anthracycline Cardiotoxicity: A Real-World Study Based on FDA Adverse Event Reporting System Database.,PENDING,,,PubMed_Central,,,
v3.1h-023,Spironolactone and lisinopril combination risks,DDI,R3,MULTI_ENTITY,42670520,chunk-42670520-001,Younger Age is Associated with Treatment and Complication Outcomes Among Type 2 Diabetes Mellitus Patients in Kigali University Teaching Hospital.,Younger Age is Associated with Treatment and Complication Outcomes Among Type 2 Diabetes Mellitus Patients in Kigali University Teaching Hospital.,PENDING,,,PubMed_Central,,,
v3.1h-023,Spironolactone and lisinopril combination risks,DDI,R3,MULTI_ENTITY,42670540,chunk-42670540-001,Mechanisms and the Role of p38 MAPK Signaling in Doxorubicin-Induced Cardiotoxicity: A Review.,Mechanisms and the Role of p38 MAPK Signaling in Doxorubicin-Induced Cardiotoxicity: A Review.,PENDING,,,PubMed_Central,,,
v3.1h-023,Spironolactone and lisinopril combination risks,DDI,R3,MULTI_ENTITY,42670801,chunk-42670801-001,Therapeutic Potential of Nanocurcumin in Mitigating Duloxetine-Induced Hepatic Damage: Biochemical and Histopathological Insights.,Therapeutic Potential of Nanocurcumin in Mitigating Duloxetine-Induced Hepatic Damage: Biochemical and Histopathological Insights.,PENDING,,,PubMed_Central,,,
v3.1h-023,Spironolactone and lisinopril combination risks,DDI,R3,MULTI_ENTITY,42671218,chunk-42671218-001,Protective Effects of Luteolin Against Cisplatin-Induced Hepatic and Renal Toxicity: Biochemical and Cellular Evidence.,Protective Effects of Luteolin Against Cisplatin-Induced Hepatic and Renal Toxicity: Biochemical and Cellular Evidence.,PENDING,,,PubMed_Central,,,
v3.1h-023,Spironolactone and lisinopril combination risks,DDI,R3,MULTI_ENTITY,42674049,chunk-42674049-001,A Near-Infrared Fluorescent Probe for Imaging Nitroxyl Dynamics in Ferroptosis-Associated Drug-Induced Liver Injury.,A Near-Infrared Fluorescent Probe for Imaging Nitroxyl Dynamics in Ferroptosis-Associated Drug-Induced Liver Injury.,PENDING,,,PubMed_Central,,,
v3.1h-023,Spironolactone and lisinopril combination risks,DDI,R3,MULTI_ENTITY,42674100,chunk-42674100-001,Drug Repurposing Signals for Abdominal Aortic Aneurysms.,Drug Repurposing Signals for Abdominal Aortic Aneurysms.,PENDING,,,PubMed_Central,,,
v3.1h-023,Spironolactone and lisinopril combination risks,DDI,R3,MULTI_ENTITY,42675227,chunk-42675227-001,Stevioside promotes hepatocyte proliferation via YAP signaling in cholestatic disease.,Stevioside promotes hepatocyte proliferation via YAP signaling in cholestatic disease.,PENDING,,,PubMed_Central,,,
v3.1h-023,Spironolactone and lisinopril combination risks,DDI,R3,MULTI_ENTITY,42675497,chunk-42675497-001,Delayed ischemic stroke ten days after aluminum phosphide ingestion in a previously healthy 21-year-old Ethiopian woman: a case report.,Delayed ischemic stroke ten days after aluminum phosphide ingestion in a previously healthy 21-year-old Ethiopian woman: a case report.,PENDING,,,PubMed_Central,,,
v3.1h-023,Spironolactone and lisinopril combination risks,DDI,R3,MULTI_ENTITY,42675994,chunk-42675994-001,"An Adaptive, Time-Informed, Phenotype-Guided Pharmacological Framework for Severe Traumatic Brain Injury : A Hypothesis-Driven Narrative Review.","An Adaptive, Time-Informed, Phenotype-Guided Pharmacological Framework for Severe Traumatic Brain Injury : A Hypothesis-Driven Narrative Review.",PENDING,,,PubMed_Central,,,
v3.1h-023,Spironolactone and lisinopril combination risks,DDI,R3,MULTI_ENTITY,42676526,chunk-42676526-001,Tricholoma matsutake polypeptide modulates cardiac metabolism and restores autophagic flux to mitigate doxorubicin-induced senescence.,Tricholoma matsutake polypeptide modulates cardiac metabolism and restores autophagic flux to mitigate doxorubicin-induced senescence.,PENDING,,,PubMed_Central,,,
v3.1h-023,Spironolactone and lisinopril combination risks,DDI,R3,MULTI_ENTITY,42676937,chunk-42676937-001,Evaluation of acne vulgaris patient care in outpatient clinics: guideline adherence and patient education.,Evaluation of acne vulgaris patient care in outpatient clinics: guideline adherence and patient education.,PENDING,,,PubMed_Central,,,
v3.1h-023,Spironolactone and lisinopril combination risks,DDI,R3,MULTI_ENTITY,42677064,chunk-42677064-001,Targeting Novel Pathways in Pulmonary Arterial Hypertension: A Systematic Review and Meta-Analysis of New Therapeutic Agents.,Targeting Novel Pathways in Pulmonary Arterial Hypertension: A Systematic Review and Meta-Analysis of New Therapeutic Agents.,PENDING,,,PubMed_Central,,,
v3.1h-023,Spironolactone and lisinopril combination risks,DDI,R3,MULTI_ENTITY,42677606,chunk-42677606-001,Mitochondrial Unfolded Protein Response Regulates Copper-Induced Oxidative Stress via a Sirt3/FOXO3a Signaling Pathway in Chicken Hepatocytes.,Mitochondrial Unfolded Protein Response Regulates Copper-Induced Oxidative Stress via a Sirt3/FOXO3a Signaling Pathway in Chicken Hepatocytes.,PENDING,,,PubMed_Central,,,
v3.1h-023,Spironolactone and lisinopril combination risks,DDI,R3,MULTI_ENTITY,42677663,chunk-42677663-001,Chronic BDE-47 Exposure Induces DNA Damage in Hepatocytes: Involvement of Oxidative Stress and CYP1A1/2 Upregulation.,Chronic BDE-47 Exposure Induces DNA Damage in Hepatocytes: Involvement of Oxidative Stress and CYP1A1/2 Upregulation.,PENDING,,,PubMed_Central,,,
v3.1h-023,Spironolactone and lisinopril combination risks,DDI,R3,MULTI_ENTITY,42678094,chunk-42678094-001,Deciphering the Mechanisms of Statin-Ezetimibe Drug Combinations Using Boolean Logical Modeling and Transcriptomic Data.,Deciphering the Mechanisms of Statin-Ezetimibe Drug Combinations Using Boolean Logical Modeling and Transcriptomic Data.,PENDING,,,PubMed_Central,,,
v3.1h-023,Spironolactone and lisinopril combination risks,DDI,R3,MULTI_ENTITY,42678242,chunk-42678242-001,Hepatoprotective effects of resolvin D1 in mice exposed to ethanol and galactosamine.,Hepatoprotective effects of resolvin D1 in mice exposed to ethanol and galactosamine.,PENDING,,,PubMed_Central,,,
v3.1h-023,Spironolactone and lisinopril combination risks,DDI,R3,MULTI_ENTITY,42678243,chunk-42678243-001,MSCs overexpressing FGF21 alleviate acetaminophen-induced acute liver injury by eliciting macrophage-mediated phagocytosis.,MSCs overexpressing FGF21 alleviate acetaminophen-induced acute liver injury by eliciting macrophage-mediated phagocytosis.,PENDING,,,PubMed_Central,,,
v3.1h-023,Spironolactone and lisinopril combination risks,DDI,R3,MULTI_ENTITY,42679743,chunk-42679743-001,Dual-response mitochondria-targeted fluorescent probe for Hypochlorous acid and viscosity: Applications in liver injury diagnosis and environmental monitoring.,Dual-response mitochondria-targeted fluorescent probe for Hypochlorous acid and viscosity: Applications in liver injury diagnosis and environmental monitoring.,PENDING,,,PubMed_Central,,,
v3.1h-023,Spironolactone and lisinopril combination risks,DDI,R3,MULTI_ENTITY,42679829,chunk-42679829-001,"Adolescent health across Asia Pacific, 2000-23: a systematic analysis for the Global Burden of Disease Study 2023.","Adolescent health across Asia Pacific, 2000-23: a systematic analysis for the Global Burden of Disease Study 2023.",PENDING,,,PubMed_Central,,,
v3.1h-023,Spironolactone and lisinopril combination risks,DDI,R3,MULTI_ENTITY,42680287,chunk-42680287-001,Lipid-lowering and hepatoprotective effects of Ocimum sanctum L. (Thai holy basil) flower against MASLD and liver inflammation in rats.,Lipid-lowering and hepatoprotective effects of Ocimum sanctum L. (Thai holy basil) flower against MASLD and liver inflammation in rats.,PENDING,,,PubMed_Central,,,
v3.1h-023,Spironolactone and lisinopril combination risks,DDI,R3,MULTI_ENTITY,42681676,chunk-42681676-001,Targeting breast cancer stem cells by restoring RBM38 function: mechanism and protein delivery therapy.,Targeting breast cancer stem cells by restoring RBM38 function: mechanism and protein delivery therapy.,PENDING,,,PubMed_Central,,,
v3.1h-023,Spironolactone and lisinopril combination risks,DDI,R3,MULTI_ENTITY,42682722,chunk-42682722-001,"PRO/CON debate: nonsteroidal versus steroidal mineralocorticoid receptor antagonists in chronic kidney disease: progress, pragmatism, and remaining uncertainties.","PRO/CON debate: nonsteroidal versus steroidal mineralocorticoid receptor antagonists in chronic kidney disease: progress, pragmatism, and remaining uncertainties.",PENDING,,,PubMed_Central,,,
v3.1h-046,Idiosyncratic drug induced liver injury mechanisms,ADE,R3,MECHANISM,27148747,chunk-27148747-001,"Alendronate Sodium as Enteric Coated Solid Lipid Nanoparticles; Preparation, Optimization, and In Vivo Evaluation to Enhance Its Oral Bioavailability.","Alendronate Sodium as Enteric Coated Solid Lipid Nanoparticles; Preparation, Optimization, and In Vivo Evaluation to Enhance Its Oral Bioavailability.",PENDING,,,PubMed_Central,,,
v3.1h-046,Idiosyncratic drug induced liver injury mechanisms,ADE,R3,MECHANISM,27956102,chunk-27956102-001,Pharyngolaryngeal ulcers associated with the improper use of alendronate.,Pharyngolaryngeal ulcers associated with the improper use of alendronate.,PENDING,,,PubMed_Central,,,
v3.1h-046,Idiosyncratic drug induced liver injury mechanisms,ADE,R3,MECHANISM,28520369,chunk-28520369-001,Celecoxib Therapy and CYP2C9 Genotype.,Celecoxib Therapy and CYP2C9 Genotype.,PENDING,,,PubMed_Central,,,
v3.1h-046,Idiosyncratic drug induced liver injury mechanisms,ADE,R3,MECHANISM,28520381,chunk-28520381-001,Metoprolol Therapy and CYP2D6 Genotype.,Metoprolol Therapy and CYP2D6 Genotype.,PENDING,,,PubMed_Central,,,
v3.1h-046,Idiosyncratic drug induced liver injury mechanisms,ADE,R3,MECHANISM,29262813,chunk-29262813-001,Renoprotective RAAS inhibition does not affect the association between worse renal function and higher plasma aldosterone levels.,Renoprotective RAAS inhibition does not affect the association between worse renal function and higher plasma aldosterone levels.,PENDING,,,PubMed_Central,,,
v3.1h-046,Idiosyncratic drug induced liver injury mechanisms,ADE,R3,MECHANISM,29856752,chunk-29856752-001,Quality by design approach to optimize the formulation variables influencing the characteristics of biodegradable intramuscular in-situ gel loaded with alendronate sodium for osteoporosis.,Quality by design approach to optimize the formulation variables influencing the characteristics of biodegradable intramuscular in-situ gel loaded with alendronate sodium for osteoporosis.,PENDING,,,PubMed_Central,,,
v3.1h-046,Idiosyncratic drug induced liver injury mechanisms,ADE,R3,MECHANISM,30422511,chunk-30422511-001,Vitamin A Toxicity.,Vitamin A Toxicity.,PENDING,,,PubMed_Central,,,
v3.1h-046,Idiosyncratic drug induced liver injury mechanisms,ADE,R3,MECHANISM,30626809,chunk-30626809-001,Symptoms and Upper Gastrointestinal Mucosal Injury Associated with Bisphosphonate Therapy.,Symptoms and Upper Gastrointestinal Mucosal Injury Associated with Bisphosphonate Therapy.,PENDING,,,PubMed_Central,,,
v3.1h-046,Idiosyncratic drug induced liver injury mechanisms,ADE,R3,MECHANISM,31583609,chunk-31583609-001,Physiologically Based Pharmacokinetic Modelling to Identify Pharmacokinetic Parameters Driving Drug Exposure Changes in the Elderly.,Physiologically Based Pharmacokinetic Modelling to Identify Pharmacokinetic Parameters Driving Drug Exposure Changes in the Elderly.,PENDING,,,PubMed_Central,,,
v3.1h-046,Idiosyncratic drug induced liver injury mechanisms,ADE,R3,MECHANISM,32666144,chunk-32666144-001,Upper gastrointestinal safety of oral bisphosphonate in hospitalized patients.,Upper gastrointestinal safety of oral bisphosphonate in hospitalized patients.,PENDING,,,PubMed_Central,,,
v3.1h-046,Idiosyncratic drug induced liver injury mechanisms,ADE,R3,MECHANISM,32699722,chunk-32699722-001,Metformin Associated Lactic Acidosis in the Intensive Care Unit: A Rare Condition Mimicking Sepsis.,Metformin Associated Lactic Acidosis in the Intensive Care Unit: A Rare Condition Mimicking Sepsis.,PENDING,,,PubMed_Central,,,
v3.1h-046,Idiosyncratic drug induced liver injury mechanisms,ADE,R3,MECHANISM,33048477,chunk-33048477-001,Impact of Green Tea Catechin Ingestion on the Pharmacokinetics of Lisinopril in Healthy Volunteers.,Impact of Green Tea Catechin Ingestion on the Pharmacokinetics of Lisinopril in Healthy Volunteers.,PENDING,,,PubMed_Central,,,
v3.1h-046,Idiosyncratic drug induced liver injury mechanisms,ADE,R3,MECHANISM,33777146,chunk-33777146-001,Severe Oral Mucosal Ulceration Associated with Oral Bisphosphonate Use: The Importance of Imparting Proper Instructions on Medication Administration and Intake.,Severe Oral Mucosal Ulceration Associated with Oral Bisphosphonate Use: The Importance of Imparting Proper Instructions on Medication Administration and Intake.,PENDING,,,PubMed_Central,,,
v3.1h-046,Idiosyncratic drug induced liver injury mechanisms,ADE,R3,MECHANISM,33986677,chunk-33986677-001,"Radiation Increases Bioavailability of Lisinopril, a Mitigator of Radiation-Induced Toxicities.","Radiation Increases Bioavailability of Lisinopril, a Mitigator of Radiation-Induced Toxicities.",PENDING,,,PubMed_Central,,,
v3.1h-046,Idiosyncratic drug induced liver injury mechanisms,ADE,R3,MECHANISM,34258506,chunk-34258506-001,A Prospective Open-Label Observational Study of a Buffered Soluble 70 mg Alendronate Effervescent Tablet on Upper Gastrointestinal Safety and Medication Errors: The GastroPASS Study.,A Prospective Open-Label Observational Study of a Buffered Soluble 70 mg Alendronate Effervescent Tablet on Upper Gastrointestinal Safety and Medication Errors: The GastroPASS Study.,PENDING,,,PubMed_Central,,,
v3.1h-046,Idiosyncratic drug induced liver injury mechanisms,ADE,R3,MECHANISM,36300543,chunk-36300543-001,"The effect of diminazene, an angiotensin-converting enzyme 2 activator, on adenine-induced chronic kidney disease in rats.","The effect of diminazene, an angiotensin-converting enzyme 2 activator, on adenine-induced chronic kidney disease in rats.",PENDING,,,PubMed_Central,,,
v3.1h-046,Idiosyncratic drug induced liver injury mechanisms,ADE,R3,MECHANISM,37539955,chunk-37539955-001,Interventions for chronic kidney disease in people with sickle cell disease.,Interventions for chronic kidney disease in people with sickle cell disease.,PENDING,,,PubMed_Central,,,
v3.1h-046,Idiosyncratic drug induced liver injury mechanisms,ADE,R3,MECHANISM,37715904,chunk-37715904-001,Associations of metal mixtures with thyroid function and potential interactions with iodine status: results from a cross-sectional study in MEWHC.,Associations of metal mixtures with thyroid function and potential interactions with iodine status: results from a cross-sectional study in MEWHC.,PENDING,,,PubMed_Central,,,
v3.1h-046,Idiosyncratic drug induced liver injury mechanisms,ADE,R3,MECHANISM,37746873,chunk-37746873-001,Longitudinal Trajectory of Opioid Prescribing and its Associated Serious Adverse Events: A Population-Wide Cohort Study in Taiwan.,Longitudinal Trajectory of Opioid Prescribing and its Associated Serious Adverse Events: A Population-Wide Cohort Study in Taiwan.,PENDING,,,PubMed_Central,,,
v3.1h-046,Idiosyncratic drug induced liver injury mechanisms,ADE,R3,MECHANISM,38006536,chunk-38006536-001,Clinical and Laboratory Factors Related to Seizure and Serotonin Toxicity in Tramadol Intoxication: An Egyptian Study.,Clinical and Laboratory Factors Related to Seizure and Serotonin Toxicity in Tramadol Intoxication: An Egyptian Study.,PENDING,,,PubMed_Central,,,
v3.1h-046,Idiosyncratic drug induced liver injury mechanisms,ADE,R3,MECHANISM,38053572,chunk-38053572-001,Nephroprotective effects of diminazene on doxorubicin-induced acute kidney injury in rats.,Nephroprotective effects of diminazene on doxorubicin-induced acute kidney injury in rats.,PENDING,,,PubMed_Central,,,
v3.1h-046,Idiosyncratic drug induced liver injury mechanisms,ADE,R3,MECHANISM,38374855,chunk-38374855-001,An Unusual Presentation of Cobblestone Esophagus From Bisphosphonate Use.,An Unusual Presentation of Cobblestone Esophagus From Bisphosphonate Use.,PENDING,,,PubMed_Central,,,
v3.1h-046,Idiosyncratic drug induced liver injury mechanisms,ADE,R3,MECHANISM,38676494,chunk-38676494-001,"A Review of the Association between Infections, Seizures, and Drugs.","A Review of the Association between Infections, Seizures, and Drugs.",PENDING,,,PubMed_Central,,,
v3.1h-046,Idiosyncratic drug induced liver injury mechanisms,ADE,R3,MECHANISM,38710058,chunk-38710058-001,"The Salutary Effects of Diminazene, Lisinopril or Valsartan on Cisplatin - Induced Acute Kidney Injury in Rats: A Comparative Study.","The Salutary Effects of Diminazene, Lisinopril or Valsartan on Cisplatin - Induced Acute Kidney Injury in Rats: A Comparative Study.",PENDING,,,PubMed_Central,,,
v3.1h-046,Idiosyncratic drug induced liver injury mechanisms,ADE,R3,MECHANISM,38758406,chunk-38758406-001,Screening for ferroptosis genes related to endometrial carcinoma and predicting of targeted drugs based on bioinformatics.,Screening for ferroptosis genes related to endometrial carcinoma and predicting of targeted drugs based on bioinformatics.,PENDING,,,PubMed_Central,,,
v3.1h-046,Idiosyncratic drug induced liver injury mechanisms,ADE,R3,MECHANISM,38832136,chunk-38832136-001,From pill to pain: Alendronate-induced esophageal injury-A case report and review.,From pill to pain: Alendronate-induced esophageal injury-A case report and review.,PENDING,,,PubMed_Central,,,
v3.1h-046,Idiosyncratic drug induced liver injury mechanisms,ADE,R3,MECHANISM,39074188,chunk-39074188-001,Sex Differences in Physiological Responses to a National Collegiate Athletic Association Division I Soccer Season.,Sex Differences in Physiological Responses to a National Collegiate Athletic Association Division I Soccer Season.,PENDING,,,PubMed_Central,,,
v3.1h-046,Idiosyncratic drug induced liver injury mechanisms,ADE,R3,MECHANISM,39114562,chunk-39114562-001,A network meta-analysis: evaluating the efficacy and safety of concurrent proton pump inhibitors and clopidogrel therapy in post-PCI patients.,A network meta-analysis: evaluating the efficacy and safety of concurrent proton pump inhibitors and clopidogrel therapy in post-PCI patients.,PENDING,,,PubMed_Central,,,
v3.1h-046,Idiosyncratic drug induced liver injury mechanisms,ADE,R3,MECHANISM,39430173,chunk-39430173-001,Prospective Trial on the Pharmacokinetics of Clopidogrel in Hemodialysis Patients.,Prospective Trial on the Pharmacokinetics of Clopidogrel in Hemodialysis Patients.,PENDING,,,PubMed_Central,,,
v3.1h-046,Idiosyncratic drug induced liver injury mechanisms,ADE,R3,MECHANISM,39817374,chunk-39817374-001,Delineating CYP2C19-mediated Interactions: Network Pharmacology Investigation of Ilaprazole and Clopidogrel versus Conventional Proton Pump Inhibitors.,Delineating CYP2C19-mediated Interactions: Network Pharmacology Investigation of Ilaprazole and Clopidogrel versus Conventional Proton Pump Inhibitors.,PENDING,,,PubMed_Central,,,
v3.1h-046,Idiosyncratic drug induced liver injury mechanisms,ADE,R3,MECHANISM,40149400,chunk-40149400-001,The Association Between Statin Drugs and Rhabdomyolysis: An Analysis of FDA Adverse Event Reporting System (FAERS) Data and Transcriptomic Profiles.,The Association Between Statin Drugs and Rhabdomyolysis: An Analysis of FDA Adverse Event Reporting System (FAERS) Data and Transcriptomic Profiles.,PENDING,,,PubMed_Central,,,
v3.1h-046,Idiosyncratic drug induced liver injury mechanisms,ADE,R3,MECHANISM,40198642,chunk-40198642-001,Impact of Ginkgo biloba drug interactions on bleeding risk and coagulation profiles: A comprehensive analysis.,Impact of Ginkgo biloba drug interactions on bleeding risk and coagulation profiles: A comprehensive analysis.,PENDING,,,PubMed_Central,,,
v3.1h-046,Idiosyncratic drug induced liver injury mechanisms,ADE,R3,MECHANISM,40242084,chunk-40242084-001,Tramadol use and risk of seizure: A report of two cases and a review of recent literature.,Tramadol use and risk of seizure: A report of two cases and a review of recent literature.,PENDING,,,PubMed_Central,,,
v3.1h-046,Idiosyncratic drug induced liver injury mechanisms,ADE,R3,MECHANISM,40272900,chunk-40272900-001,In vitro seizure risk assessment using a microelectrode array and comparison with an in vivo rat study.,In vitro seizure risk assessment using a microelectrode array and comparison with an in vivo rat study.,PENDING,,,PubMed_Central,,,
v3.1h-046,Idiosyncratic drug induced liver injury mechanisms,ADE,R3,MECHANISM,40289797,chunk-40289797-001,Association of Biomarkers With Intracerebral Hematoma Expansion and Arterial Thromboembolic Events in Patients With Acute Intracranial Hemorrhage: The ANNEXA-I Biomarker Substudy.,Association of Biomarkers With Intracerebral Hematoma Expansion and Arterial Thromboembolic Events in Patients With Acute Intracranial Hemorrhage: The ANNEXA-I Biomarker Substudy.,PENDING,,,PubMed_Central,,,
v3.1h-046,Idiosyncratic drug induced liver injury mechanisms,ADE,R3,MECHANISM,40357791,chunk-40357791-001,Antiplatelet-Proton Pump Inhibitor Interactions and Arterial Thrombotic Events: A Pharmacovigilance Assessment using Disproportionality and Interaction Analysis.,Antiplatelet-Proton Pump Inhibitor Interactions and Arterial Thrombotic Events: A Pharmacovigilance Assessment using Disproportionality and Interaction Analysis.,PENDING,,,PubMed_Central,,,
v3.1h-046,Idiosyncratic drug induced liver injury mechanisms,ADE,R3,MECHANISM,40406172,chunk-40406172-001,Digoxin for Fetal Tachyarrhythmia: Toxicity in an Underweight Mother.,Digoxin for Fetal Tachyarrhythmia: Toxicity in an Underweight Mother.,PENDING,,,PubMed_Central,,,
v3.1h-046,Idiosyncratic drug induced liver injury mechanisms,ADE,R3,MECHANISM,40618353,chunk-40618353-001,[Management of emergencies in direct oral anticoagulant-treated patients: practice pearls].,[Management of emergencies in direct oral anticoagulant-treated patients: practice pearls].,PENDING,,,PubMed_Central,,,
v3.1h-046,Idiosyncratic drug induced liver injury mechanisms,ADE,R3,MECHANISM,40685887,chunk-40685887-001,Efficacy and Safety of Clopidogrel With and Without a Proton Pump Inhibitor: A Systematic Review and Meta-Analysis.,Efficacy and Safety of Clopidogrel With and Without a Proton Pump Inhibitor: A Systematic Review and Meta-Analysis.,PENDING,,,PubMed_Central,,,
v3.1h-046,Idiosyncratic drug induced liver injury mechanisms,ADE,R3,MECHANISM,40749454,chunk-40749454-001,Drug-Related epileptic seizures and Age-Specific Differences: A Real-World study based on the FAERS database.,Drug-Related epileptic seizures and Age-Specific Differences: A Real-World study based on the FAERS database.,PENDING,,,PubMed_Central,,,
v3.1h-046,Idiosyncratic drug induced liver injury mechanisms,ADE,R3,MECHANISM,40771914,chunk-40771914-001,"Pharmacodynamics, pharmacokinetics, interactions with other drugs, toxicity and clinical effectiveness of proton pump inhibitors.","Pharmacodynamics, pharmacokinetics, interactions with other drugs, toxicity and clinical effectiveness of proton pump inhibitors.",PENDING,,,PubMed_Central,,,
v3.1h-046,Idiosyncratic drug induced liver injury mechanisms,ADE,R3,MECHANISM,40825054,chunk-40825054-001,"Analysis of hemorrhagic transformation and intracerebral hemorrhage under combination therapy with alteplase and antiplatelets or anticoagulants, using the Japanese Adverse Drug Event Report database.","Analysis of hemorrhagic transformation and intracerebral hemorrhage under combination therapy with alteplase and antiplatelets or anticoagulants, using the Japanese Adverse Drug Event Report database.",PENDING,,,PubMed_Central,,,
v3.1h-046,Idiosyncratic drug induced liver injury mechanisms,ADE,R3,MECHANISM,40828441,chunk-40828441-001,Oral anticoagulants-related bleeding: what happens in the emergency room? The Galeno study.,Oral anticoagulants-related bleeding: what happens in the emergency room? The Galeno study.,PENDING,,,PubMed_Central,,,
v3.1h-046,Idiosyncratic drug induced liver injury mechanisms,ADE,R3,MECHANISM,40845290,chunk-40845290-001,The Effects of a Semester of Preprofessional Dance Training on Biomarkers and Performance Variables in Elite Adolescent Ballet Dancers.,The Effects of a Semester of Preprofessional Dance Training on Biomarkers and Performance Variables in Elite Adolescent Ballet Dancers.,PENDING,,,PubMed_Central,,,
v3.1h-046,Idiosyncratic drug induced liver injury mechanisms,ADE,R3,MECHANISM,40881144,chunk-40881144-001,A Description of QT-Interval Prolonging Drug Interactions with Fluoroquinolones in Older Women with Uncomplicated Urinary Tract Infections.,A Description of QT-Interval Prolonging Drug Interactions with Fluoroquinolones in Older Women with Uncomplicated Urinary Tract Infections.,PENDING,,,PubMed_Central,,,
v3.1h-046,Idiosyncratic drug induced liver injury mechanisms,ADE,R3,MECHANISM,40910969,chunk-40910969-001,The Risk of Breakthrough Cardiac Events Associated With Psychiatric Medications in Patients With Diagnosed and Clinically Treated Long QT Syndrome.,The Risk of Breakthrough Cardiac Events Associated With Psychiatric Medications in Patients With Diagnosed and Clinically Treated Long QT Syndrome.,PENDING,,,PubMed_Central,,,
v3.1h-046,Idiosyncratic drug induced liver injury mechanisms,ADE,R3,MECHANISM,40915652,chunk-40915652-001,Nonsteroidal Anti-Inflammatory Drugs and Risk of Gastrointestinal Bleeding: A Systematic Review and Meta-Analysis.,Nonsteroidal Anti-Inflammatory Drugs and Risk of Gastrointestinal Bleeding: A Systematic Review and Meta-Analysis.,PENDING,,,PubMed_Central,,,
v3.1h-046,Idiosyncratic drug induced liver injury mechanisms,ADE,R3,MECHANISM,40978465,chunk-40978465-001,Abnormal Ca(2+) handling and reduced I(to) contribute to citalopram-induced QT prolongation and cardiac arrhythmias.,Abnormal Ca(2+) handling and reduced I(to) contribute to citalopram-induced QT prolongation and cardiac arrhythmias.,PENDING,,,PubMed_Central,,,
v3.1h-046,Idiosyncratic drug induced liver injury mechanisms,ADE,R3,MECHANISM,40988289,chunk-40988289-001,Drug-drug interactions: A descriptive analysis of FDA adverse event reporting system.,Drug-drug interactions: A descriptive analysis of FDA adverse event reporting system.,PENDING,,,PubMed_Central,,,
v3.1h-046,Idiosyncratic drug induced liver injury mechanisms,ADE,R3,MECHANISM,41004670,chunk-41004670-001,"Correlation Between Escitalopram, Sertraline, and Fluoxetine Serum Levels and QTc Interval Prolongation in Children and Adolescents.","Correlation Between Escitalopram, Sertraline, and Fluoxetine Serum Levels and QTc Interval Prolongation in Children and Adolescents.",PENDING,,,PubMed_Central,,,
v3.1h-046,Idiosyncratic drug induced liver injury mechanisms,ADE,R3,MECHANISM,41017291,chunk-41017291-001,Use of Drugs With Actionable Pharmacogenetic Biomarkers and Possible Prescribing Changes Among Older People.,Use of Drugs With Actionable Pharmacogenetic Biomarkers and Possible Prescribing Changes Among Older People.,PENDING,,,PubMed_Central,,,
v3.1h-046,Idiosyncratic drug induced liver injury mechanisms,ADE,R3,MECHANISM,41061201,chunk-41061201-001,Risk of Seizure Associated With Concomitant Use of Tramadol and Antidepressants in Older Nursing Home Residents.,Risk of Seizure Associated With Concomitant Use of Tramadol and Antidepressants in Older Nursing Home Residents.,PENDING,,,PubMed_Central,,,
v3.1h-046,Idiosyncratic drug induced liver injury mechanisms,ADE,R3,MECHANISM,41075377,chunk-41075377-001,Interpretation of the association between thyroid peroxidase antibodies and thyroid function during pregnancy: An individual participant data meta-analysis.,Interpretation of the association between thyroid peroxidase antibodies and thyroid function during pregnancy: An individual participant data meta-analysis.,PENDING,,,PubMed_Central,,,
v3.1h-046,Idiosyncratic drug induced liver injury mechanisms,ADE,R3,MECHANISM,41077316,chunk-41077316-001,Metabolic enzyme-mediated pharmacokinetic and pharmacodynamic interactions between Danshen Yin and clopidogrel in normal and acute myocardial infarction rats.,Metabolic enzyme-mediated pharmacokinetic and pharmacodynamic interactions between Danshen Yin and clopidogrel in normal and acute myocardial infarction rats.,PENDING,,,PubMed_Central,,,
v3.1h-046,Idiosyncratic drug induced liver injury mechanisms,ADE,R3,MECHANISM,41085374,chunk-41085374-001,Assessing Impact of Concomitant Use of Proton Pump Inhibitors and Clopidogrel on Incidence of Major Adverse Cardiovascular Events: A Retrospective Cohort Study.,Assessing Impact of Concomitant Use of Proton Pump Inhibitors and Clopidogrel on Incidence of Major Adverse Cardiovascular Events: A Retrospective Cohort Study.,PENDING,,,PubMed_Central,,,
v3.1h-046,Idiosyncratic drug induced liver injury mechanisms,ADE,R3,MECHANISM,41089323,chunk-41089323-001,Arrhythmic events pertinent with antidepressants: a Bayesian disproportional analysis mining the FDA Adverse Event Reporting System database.,Arrhythmic events pertinent with antidepressants: a Bayesian disproportional analysis mining the FDA Adverse Event Reporting System database.,PENDING,,,PubMed_Central,,,
v3.1h-046,Idiosyncratic drug induced liver injury mechanisms,ADE,R3,MECHANISM,41098965,chunk-41098965-001,Procoagulant off-target effect of the direct oral anticoagulant reversal agent Andexanet alfa.,Procoagulant off-target effect of the direct oral anticoagulant reversal agent Andexanet alfa.,PENDING,,,PubMed_Central,,,
v3.1h-046,Idiosyncratic drug induced liver injury mechanisms,ADE,R3,MECHANISM,41100334,chunk-41100334-001,Review of Safety and Efficacy of Polmacoxib: A Novel Dual Inhibitor of Cyclo-oxygenase 2 and Carbonic Anhydrase in Osteoarthritis and Acute Painful Conditions.,Review of Safety and Efficacy of Polmacoxib: A Novel Dual Inhibitor of Cyclo-oxygenase 2 and Carbonic Anhydrase in Osteoarthritis and Acute Painful Conditions.,PENDING,,,PubMed_Central,,,
v3.1h-046,Idiosyncratic drug induced liver injury mechanisms,ADE,R3,MECHANISM,41109285,chunk-41109285-001,Challenges in the treatment of hypothyroidism: malabsorption and pseudo-malabsorption of levothyroxine.,Challenges in the treatment of hypothyroidism: malabsorption and pseudo-malabsorption of levothyroxine.,PENDING,,,PubMed_Central,,,
v3.1h-046,Idiosyncratic drug induced liver injury mechanisms,ADE,R3,MECHANISM,41112691,chunk-41112691-001,"Risk Factors Associated with Thrombus Development Following Pharmacologic Anticoagulation Reversal with Coagulation Factor Xa [Recombinant], Inactivated-zhzo.","Risk Factors Associated with Thrombus Development Following Pharmacologic Anticoagulation Reversal with Coagulation Factor Xa [Recombinant], Inactivated-zhzo.",PENDING,,,PubMed_Central,,,
v3.1h-046,Idiosyncratic drug induced liver injury mechanisms,ADE,R3,MECHANISM,41141842,chunk-41141842-001,Andexanet alfa for the reversal of the low-molecular-weight heparin enoxaparin.,Andexanet alfa for the reversal of the low-molecular-weight heparin enoxaparin.,PENDING,,,PubMed_Central,,,
v3.1h-046,Idiosyncratic drug induced liver injury mechanisms,ADE,R3,MECHANISM,41158891,chunk-41158891-001,Seizures Following Single-Dose Intravenous Tramadol for Postsurgical Pain: A Report of Two Cases.,Seizures Following Single-Dose Intravenous Tramadol for Postsurgical Pain: A Report of Two Cases.,PENDING,,,PubMed_Central,,,
v3.1h-046,Idiosyncratic drug induced liver injury mechanisms,ADE,R3,MECHANISM,41177211,chunk-41177211-001,Biomedical pharmacology study on metformin and glucose (PMID 41177211),Metformin decreases hepatic glucose production and decreases intestinal absorption of glucose.,PENDING,,,PubMed_Central,,,
v3.1h-046,Idiosyncratic drug induced liver injury mechanisms,ADE,R3,MECHANISM,41225655,chunk-41225655-001,TNF-α inhibitor etanercept improves cerebrovascular function in elderly RA patients: findings from a randomized controlled trial.,TNF-α inhibitor etanercept improves cerebrovascular function in elderly RA patients: findings from a randomized controlled trial.,PENDING,,,PubMed_Central,,,
v3.1h-046,Idiosyncratic drug induced liver injury mechanisms,ADE,R3,MECHANISM,41266704,chunk-41266704-001,Andexanet Alfa in Emergency Cranial Neurosurgical Procedures: A Bicentric Analysis of Efficacy and Safety.,Andexanet Alfa in Emergency Cranial Neurosurgical Procedures: A Bicentric Analysis of Efficacy and Safety.,PENDING,,,PubMed_Central,,,
v3.1h-046,Idiosyncratic drug induced liver injury mechanisms,ADE,R3,MECHANISM,41278442,chunk-41278442-001,Pharmacological management of major complications following left ventricular assist device implantation in type 2 diabetes mellitus.,Pharmacological management of major complications following left ventricular assist device implantation in type 2 diabetes mellitus.,PENDING,,,PubMed_Central,,,
v3.1h-046,Idiosyncratic drug induced liver injury mechanisms,ADE,R3,MECHANISM,41323006,chunk-41323006-001,"Randomized, Double-Blind, Placebo-Controlled, Dose-Ranging Comparison of the Analgesic Efficacy and Safety of Intravenous Ketoprofen, Tramadol, and Morphine After Bony Impacted Mandibular Third Molar Surgery.","Randomized, Double-Blind, Placebo-Controlled, Dose-Ranging Comparison of the Analgesic Efficacy and Safety of Intravenous Ketoprofen, Tramadol, and Morphine After Bony Impacted Mandibular Third Molar Surgery.",PENDING,,,PubMed_Central,,,
v3.1h-046,Idiosyncratic drug induced liver injury mechanisms,ADE,R3,MECHANISM,41347947,chunk-41347947-001,"Navigating complementary and alternative medicine use, medication adherence, and herb-drug interaction risks among gout patients: a multicenter cross-sectional study in indonesia.","Navigating complementary and alternative medicine use, medication adherence, and herb-drug interaction risks among gout patients: a multicenter cross-sectional study in indonesia.",PENDING,,,PubMed_Central,,,
v3.1h-046,Idiosyncratic drug induced liver injury mechanisms,ADE,R3,MECHANISM,41397500,chunk-41397500-001,Exploring the link between antipsychotic and antidepressant use and severe QT prolongation: Impacts on ventricular arrhythmias and sudden cardiac death.,Exploring the link between antipsychotic and antidepressant use and severe QT prolongation: Impacts on ventricular arrhythmias and sudden cardiac death.,PENDING,,,PubMed_Central,,,
v3.1h-046,Idiosyncratic drug induced liver injury mechanisms,ADE,R3,MECHANISM,41406988,chunk-41406988-001,Trends and variation in the use of andexanet alfa for the reversal of direct oral anticoagulants in NHS trusts in England.,Trends and variation in the use of andexanet alfa for the reversal of direct oral anticoagulants in NHS trusts in England.,PENDING,,,PubMed_Central,,,
v3.1h-046,Idiosyncratic drug induced liver injury mechanisms,ADE,R3,MECHANISM,41428604,chunk-41428604-001,The Stability of Drugs Commonly Used in Intensive Care Units Co-Administered via Feeding Tube and Its Dependence on pH: An in vitro Study.,The Stability of Drugs Commonly Used in Intensive Care Units Co-Administered via Feeding Tube and Its Dependence on pH: An in vitro Study.,PENDING,,,PubMed_Central,,,
v3.1h-046,Idiosyncratic drug induced liver injury mechanisms,ADE,R3,MECHANISM,41452043,chunk-41452043-001,Rising Escitalopram Use in British Columbia: Is it Rational and Evidence-Informed?,Rising Escitalopram Use in British Columbia: Is it Rational and Evidence-Informed?,PENDING,,,PubMed_Central,,,
v3.1h-046,Idiosyncratic drug induced liver injury mechanisms,ADE,R3,MECHANISM,41459594,chunk-41459594-001,Degree of Cyclooxygenase-2 Inhibition Modulates Blood Pressure Response.,Degree of Cyclooxygenase-2 Inhibition Modulates Blood Pressure Response.,PENDING,,,PubMed_Central,,,
v3.1h-046,Idiosyncratic drug induced liver injury mechanisms,ADE,R3,MECHANISM,41463106,chunk-41463106-001,Reconsidering Digoxin in Atrial Fibrillation: From Historical Controversy to Physiologically Guided and Personalized Rate Control.,Reconsidering Digoxin in Atrial Fibrillation: From Historical Controversy to Physiologically Guided and Personalized Rate Control.,PENDING,,,PubMed_Central,,,
v3.1h-046,Idiosyncratic drug induced liver injury mechanisms,ADE,R3,MECHANISM,41489241,chunk-41489241-001,The role of a fixed combination of ibuprofen/paracetamol in the management of acute pain: an Italian expert narrative review.,The role of a fixed combination of ibuprofen/paracetamol in the management of acute pain: an Italian expert narrative review.,PENDING,,,PubMed_Central,,,
v3.1h-046,Idiosyncratic drug induced liver injury mechanisms,ADE,R3,MECHANISM,41496228,chunk-41496228-001,The impact of prenatal maternal-fetal metal levels and placental transfer efficiency of metals on neonatal thyroid function: The modulatory role of maternal vitamin D levels in pregnancy.,The impact of prenatal maternal-fetal metal levels and placental transfer efficiency of metals on neonatal thyroid function: The modulatory role of maternal vitamin D levels in pregnancy.,PENDING,,,PubMed_Central,,,
v3.1h-046,Idiosyncratic drug induced liver injury mechanisms,ADE,R3,MECHANISM,41733550,chunk-41733550-001,Cyclooxygenase-2 Inhibition and Anti-Platelet Aggregation Activity of Astaxanthin-Hydrogel in Comparison to Celecoxib Against Rheumatoid Arthritis in Wistar Rat Model.,Cyclooxygenase-2 Inhibition and Anti-Platelet Aggregation Activity of Astaxanthin-Hydrogel in Comparison to Celecoxib Against Rheumatoid Arthritis in Wistar Rat Model.,PENDING,,,PubMed_Central,,,
v3.1h-046,Idiosyncratic drug induced liver injury mechanisms,ADE,R3,MECHANISM,41748094,chunk-41748094-001,Heart Rate-Corrected QT Interval Dynamics Following Antidepressant Switching from Escitalopram to High-Dose Venlafaxine: Cardiac Safety Insights from the Early Medication Change Cohort.,Heart Rate-Corrected QT Interval Dynamics Following Antidepressant Switching from Escitalopram to High-Dose Venlafaxine: Cardiac Safety Insights from the Early Medication Change Cohort.,PENDING,,,PubMed_Central,,,
v3.1h-046,Idiosyncratic drug induced liver injury mechanisms,ADE,R3,MECHANISM,41754906,chunk-41754906-001,"An Overview of Anticoagulant Drugs Pharmacology, Therapeutic Approaches, Limitations and Perspectives.","An Overview of Anticoagulant Drugs Pharmacology, Therapeutic Approaches, Limitations and Perspectives.",PENDING,,,PubMed_Central,,,
v3.1h-046,Idiosyncratic drug induced liver injury mechanisms,ADE,R3,MECHANISM,41766537,chunk-41766537-001,Increased Risk of Ischemic Events in Patients With Stroke Treated With Clopidogrel and a P-CAB or PPI.,Increased Risk of Ischemic Events in Patients With Stroke Treated With Clopidogrel and a P-CAB or PPI.,PENDING,,,PubMed_Central,,,
v3.1h-046,Idiosyncratic drug induced liver injury mechanisms,ADE,R3,MECHANISM,41776019,chunk-41776019-001,Andexanet alfa Reduces Hematoma Expansion Following Controlled Cortical Impact in Mice Pretreated with Rivaroxaban.,Andexanet alfa Reduces Hematoma Expansion Following Controlled Cortical Impact in Mice Pretreated with Rivaroxaban.,PENDING,,,PubMed_Central,,,
v3.1h-046,Idiosyncratic drug induced liver injury mechanisms,ADE,R3,MECHANISM,41791695,chunk-41791695-001,"Harnessing the gut-heart axis for cardiovascular drug innovation: microbiome, metabolites, and personalized treatment strategies.","Harnessing the gut-heart axis for cardiovascular drug innovation: microbiome, metabolites, and personalized treatment strategies.",PENDING,,,PubMed_Central,,,
v3.1h-046,Idiosyncratic drug induced liver injury mechanisms,ADE,R3,MECHANISM,41808861,chunk-41808861-001,Network toxicology reveals key genes of amiodarone induced pulmonary fibrosis: based on machine learning and SHAP analysis.,Network toxicology reveals key genes of amiodarone induced pulmonary fibrosis: based on machine learning and SHAP analysis.,PENDING,,,PubMed_Central,,,
v3.1h-046,Idiosyncratic drug induced liver injury mechanisms,ADE,R3,MECHANISM,41811250,chunk-41811250-001,Influence of transporter polymorphisms on digoxin serum concentrations: a systematic review and meta-analysis.,Influence of transporter polymorphisms on digoxin serum concentrations: a systematic review and meta-analysis.,PENDING,,,PubMed_Central,,,
v3.1h-046,Idiosyncratic drug induced liver injury mechanisms,ADE,R3,MECHANISM,41818114,chunk-41818114-001,Dabigatran-induced Gastrointestinal Bleed Treated by 4-factor Prothrombin Complex Concentrate in a Tertiary Care Hospital in Sikkim.,Dabigatran-induced Gastrointestinal Bleed Treated by 4-factor Prothrombin Complex Concentrate in a Tertiary Care Hospital in Sikkim.,PENDING,,,PubMed_Central,,,
v3.1h-046,Idiosyncratic drug induced liver injury mechanisms,ADE,R3,MECHANISM,41828566,chunk-41828566-001,"Integrating Network Toxicology, Machine Learning, and Molecular Dynamics to Explore the Molecular Network of Triclosan-Induced Acute Myocardial Infarction.","Integrating Network Toxicology, Machine Learning, and Molecular Dynamics to Explore the Molecular Network of Triclosan-Induced Acute Myocardial Infarction.",PENDING,,,PubMed_Central,,,
v3.1h-046,Idiosyncratic drug induced liver injury mechanisms,ADE,R3,MECHANISM,41833262,chunk-41833262-001,Pearls and Pitfalls for the Emergency Clinician: Beta Blocker and Calcium Channel Blocker Toxicity.,Pearls and Pitfalls for the Emergency Clinician: Beta Blocker and Calcium Channel Blocker Toxicity.,PENDING,,,PubMed_Central,,,
v3.1h-046,Idiosyncratic drug induced liver injury mechanisms,ADE,R3,MECHANISM,41839242,chunk-41839242-001,ABI3BP protects against cerebral ischemia-reperfusion injury by preserving blood-brain barrier integrity and activating PI3K/Akt signaling.,ABI3BP protects against cerebral ischemia-reperfusion injury by preserving blood-brain barrier integrity and activating PI3K/Akt signaling.,PENDING,,,PubMed_Central,,,
v3.1h-046,Idiosyncratic drug induced liver injury mechanisms,ADE,R3,MECHANISM,41840835,chunk-41840835-001,Signal detection of drug-induced esophageal ulcer across 20 years of real-world study: Focus on 49 high-risk medicines.,Signal detection of drug-induced esophageal ulcer across 20 years of real-world study: Focus on 49 high-risk medicines.,PENDING,,,PubMed_Central,,,
v3.1h-046,Idiosyncratic drug induced liver injury mechanisms,ADE,R3,MECHANISM,41846702,chunk-41846702-001,Acute Myocardial Infarction Secondary to Triple Vessel Coronary Artery Disease in a 31-year-old Female with Systemic Lupus Erythematosus: Case Report and Review of Literature.,Acute Myocardial Infarction Secondary to Triple Vessel Coronary Artery Disease in a 31-year-old Female with Systemic Lupus Erythematosus: Case Report and Review of Literature.,PENDING,,,PubMed_Central,,,
v3.1h-046,Idiosyncratic drug induced liver injury mechanisms,ADE,R3,MECHANISM,41848246,chunk-41848246-001,[Nausea and dystonia in a woman with psychiatric illness].,[Nausea and dystonia in a woman with psychiatric illness].,PENDING,,,PubMed_Central,,,
v3.1h-046,Idiosyncratic drug induced liver injury mechanisms,ADE,R3,MECHANISM,41858685,chunk-41858685-001,Impact of nutrition education intervention on dietary intake among pregnant women with hypothyroidism - A randomized controlled trial.,Impact of nutrition education intervention on dietary intake among pregnant women with hypothyroidism - A randomized controlled trial.,PENDING,,,PubMed_Central,,,
v3.1h-046,Idiosyncratic drug induced liver injury mechanisms,ADE,R3,MECHANISM,41873481,chunk-41873481-001,Acceptance of recommendations by a pharmacogenetics clinic.,Acceptance of recommendations by a pharmacogenetics clinic.,PENDING,,,PubMed_Central,,,
v3.1h-046,Idiosyncratic drug induced liver injury mechanisms,ADE,R3,MECHANISM,41924710,chunk-41924710-001,"DXM, CYP2D6-inhibiting antidepressants, piracetam, and glutamine: proposing a ketamine-class antidepressant regimen with existing drugs.","DXM, CYP2D6-inhibiting antidepressants, piracetam, and glutamine: proposing a ketamine-class antidepressant regimen with existing drugs.",PENDING,,,PubMed_Central,,,
v3.1h-046,Idiosyncratic drug induced liver injury mechanisms,ADE,R3,MECHANISM,41976898,chunk-41976898-001,Anticoagulation Stewardship Program in the DOAC Era.,Anticoagulation Stewardship Program in the DOAC Era.,PENDING,,,PubMed_Central,,,
v3.1h-046,Idiosyncratic drug induced liver injury mechanisms,ADE,R3,MECHANISM,41977337,chunk-41977337-001,Pharmacological Management of Thrombosis: Current State and Future Strategies.,Pharmacological Management of Thrombosis: Current State and Future Strategies.,PENDING,,,PubMed_Central,,,
v3.1h-046,Idiosyncratic drug induced liver injury mechanisms,ADE,R3,MECHANISM,42005166,chunk-42005166-001,Inhibitor-Free Variant of the Cheung Regimen: Successful Adjunctive Therapy in Long-Standing Hypochondriasis With Prominent Somatic Features.,Inhibitor-Free Variant of the Cheung Regimen: Successful Adjunctive Therapy in Long-Standing Hypochondriasis With Prominent Somatic Features.,PENDING,,,PubMed_Central,,,
v3.1h-046,Idiosyncratic drug induced liver injury mechanisms,ADE,R3,MECHANISM,42007940,chunk-42007940-001,Acute pharmaceutical poisoning as a cause of seizure events: a database analysis (2011-2023).,Acute pharmaceutical poisoning as a cause of seizure events: a database analysis (2011-2023).,PENDING,,,PubMed_Central,,,
v3.1h-046,Idiosyncratic drug induced liver injury mechanisms,ADE,R3,MECHANISM,42034022,chunk-42034022-001,Lower dosing of Loxoprofen in type two diabetics with bone fractures/surgeries; Distinction from common NSAIDs.,Lower dosing of Loxoprofen in type two diabetics with bone fractures/surgeries; Distinction from common NSAIDs.,PENDING,,,PubMed_Central,,,
v3.1h-046,Idiosyncratic drug induced liver injury mechanisms,ADE,R3,MECHANISM,42045358,chunk-42045358-001,Prevalence of drug-induced interstitial lung disease in Saudi Arabia: a real-world data study.,Prevalence of drug-induced interstitial lung disease in Saudi Arabia: a real-world data study.,PENDING,,,PubMed_Central,,,
v3.1h-046,Idiosyncratic drug induced liver injury mechanisms,ADE,R3,MECHANISM,42055120,chunk-42055120-001,"Impact of Fluoxetine Brain Concentrations, Plasma Exposure, and Neurometabolism on Depressive and Anxiety Symptoms in Adolescents: A Multimodal Fluorine and Proton Magnetic Resonance Spectroscopy Study.","Impact of Fluoxetine Brain Concentrations, Plasma Exposure, and Neurometabolism on Depressive and Anxiety Symptoms in Adolescents: A Multimodal Fluorine and Proton Magnetic Resonance Spectroscopy Study.",PENDING,,,PubMed_Central,,,
v3.1h-046,Idiosyncratic drug induced liver injury mechanisms,ADE,R3,MECHANISM,42063765,chunk-42063765-001,Evaluation of community pharmacists' knowledge and real-world practices in drug interaction management: a cross-sectional study.,Evaluation of community pharmacists' knowledge and real-world practices in drug interaction management: a cross-sectional study.,PENDING,,,PubMed_Central,,,
v3.1h-046,Idiosyncratic drug induced liver injury mechanisms,ADE,R3,MECHANISM,42087312,chunk-42087312-001,Anticoagulation in Patients With Gastrointestinal Disease.,Anticoagulation in Patients With Gastrointestinal Disease.,PENDING,,,PubMed_Central,,,
v3.1h-046,Idiosyncratic drug induced liver injury mechanisms,ADE,R3,MECHANISM,42121128,chunk-42121128-001,Evaluation of drugs and risk factors requiring therapeutic drug monitoring in the Neonatal Intensive Care Unit: a retrospective study.,Evaluation of drugs and risk factors requiring therapeutic drug monitoring in the Neonatal Intensive Care Unit: a retrospective study.,PENDING,,,PubMed_Central,,,
v3.1h-046,Idiosyncratic drug induced liver injury mechanisms,ADE,R3,MECHANISM,42125454,chunk-42125454-001,Milnacipran continuation during pregnancy in a patient with severe post-traumatic stress disorder and psychotic depression: a case report with 3-year pediatric follow-up.,Milnacipran continuation during pregnancy in a patient with severe post-traumatic stress disorder and psychotic depression: a case report with 3-year pediatric follow-up.,PENDING,,,PubMed_Central,,,
v3.1h-046,Idiosyncratic drug induced liver injury mechanisms,ADE,R3,MECHANISM,42128628,chunk-42128628-001,Comparative efficacy and safety of apixaban and rivaroxaban versus warfarin in atrial fibrillation patients with end-stage renal disease: a systematic review and meta-analysis.,Comparative efficacy and safety of apixaban and rivaroxaban versus warfarin in atrial fibrillation patients with end-stage renal disease: a systematic review and meta-analysis.,PENDING,,,PubMed_Central,,,
v3.1h-046,Idiosyncratic drug induced liver injury mechanisms,ADE,R3,MECHANISM,42128899,chunk-42128899-001,Cilostazol mitigates amiodarone-induced pulmonary toxicity and fibrosis by regulating the cAMP/TGF-β1 pathway-mediated epithelial-to-mesenchymal transition in rats.,Cilostazol mitigates amiodarone-induced pulmonary toxicity and fibrosis by regulating the cAMP/TGF-β1 pathway-mediated epithelial-to-mesenchymal transition in rats.,PENDING,,,PubMed_Central,,,
v3.1h-046,Idiosyncratic drug induced liver injury mechanisms,ADE,R3,MECHANISM,42150307,chunk-42150307-001,Metabolomic signatures of SSRI exposure during neural differentiation and correlation of lysophosphatidylcholines with early symptoms of neurodevelopmental disorders.,Metabolomic signatures of SSRI exposure during neural differentiation and correlation of lysophosphatidylcholines with early symptoms of neurodevelopmental disorders.,PENDING,,,PubMed_Central,,,
v3.1h-046,Idiosyncratic drug induced liver injury mechanisms,ADE,R3,MECHANISM,42159622,chunk-42159622-001,The hidden impact of renal impairment on ribociclib exposure and co-medications: a case report.,The hidden impact of renal impairment on ribociclib exposure and co-medications: a case report.,PENDING,,,PubMed_Central,,,
v3.1h-046,Idiosyncratic drug induced liver injury mechanisms,ADE,R3,MECHANISM,42181774,chunk-42181774-001,Transient abnormal acylcarnitine profile in newborn screening mimicking multiple acyl-Coenzyme A dehydrogenase deficiency associated with maternal sertraline use.,Transient abnormal acylcarnitine profile in newborn screening mimicking multiple acyl-Coenzyme A dehydrogenase deficiency associated with maternal sertraline use.,PENDING,,,PubMed_Central,,,
v3.1h-046,Idiosyncratic drug induced liver injury mechanisms,ADE,R3,MECHANISM,42192153,chunk-42192153-001,Folic acid attenuates maternal sertraline-induced hepatic injury in rat offspring.,Folic acid attenuates maternal sertraline-induced hepatic injury in rat offspring.,PENDING,,,PubMed_Central,,,
v3.1h-046,Idiosyncratic drug induced liver injury mechanisms,ADE,R3,MECHANISM,42206096,chunk-42206096-001,"Anticoagulation associated intracerebral haemorrhage trends, treatment and outcomes in a metropolitan cohort: analysed by availability of specific versus non-specific reversal agents.","Anticoagulation associated intracerebral haemorrhage trends, treatment and outcomes in a metropolitan cohort: analysed by availability of specific versus non-specific reversal agents.",PENDING,,,PubMed_Central,,,
v3.1h-046,Idiosyncratic drug induced liver injury mechanisms,ADE,R3,MECHANISM,42216360,chunk-42216360-001,Real-world off-label apixaban dosing and clinical outcomes in patients with heart failure and end-stage kidney disease.,Real-world off-label apixaban dosing and clinical outcomes in patients with heart failure and end-stage kidney disease.,PENDING,,,PubMed_Central,,,
v3.1h-046,Idiosyncratic drug induced liver injury mechanisms,ADE,R3,MECHANISM,42238941,chunk-42238941-001,"A Cross-Sectional Study on Oral Anticoagulant Utilization and Adverse Drug Reactions at Teaching Hospital, Iran.","A Cross-Sectional Study on Oral Anticoagulant Utilization and Adverse Drug Reactions at Teaching Hospital, Iran.",PENDING,,,PubMed_Central,,,
v3.1h-046,Idiosyncratic drug induced liver injury mechanisms,ADE,R3,MECHANISM,42246839,chunk-42246839-001,Routine blood monitoring in acne vulgaris patients on isotretinoin: Is reassessment warranted? A retrospective cohort study from Tygerberg Hospital.,Routine blood monitoring in acne vulgaris patients on isotretinoin: Is reassessment warranted? A retrospective cohort study from Tygerberg Hospital.,PENDING,,,PubMed_Central,,,
v3.1h-046,Idiosyncratic drug induced liver injury mechanisms,ADE,R3,MECHANISM,42254302,chunk-42254302-001,Current Trends in NSAID Prescribing for Osteoarthritis and Axial Spondyloarthritis: Insights From Moroccan Rheumatologists Practices.,Current Trends in NSAID Prescribing for Osteoarthritis and Axial Spondyloarthritis: Insights From Moroccan Rheumatologists Practices.,PENDING,,,PubMed_Central,,,
v3.1h-046,Idiosyncratic drug induced liver injury mechanisms,ADE,R3,MECHANISM,42267072,chunk-42267072-001,A Case of Prolonged Serotonin Toxicity After Fluoxetine Ingestion in an Adolescent Patient.,A Case of Prolonged Serotonin Toxicity After Fluoxetine Ingestion in an Adolescent Patient.,PENDING,,,PubMed_Central,,,
v3.1h-046,Idiosyncratic drug induced liver injury mechanisms,ADE,R3,MECHANISM,42269153,chunk-42269153-001,Antidotes for Anticoagulation Reversal.,Antidotes for Anticoagulation Reversal.,PENDING,,,PubMed_Central,,,
v3.1h-046,Idiosyncratic drug induced liver injury mechanisms,ADE,R3,MECHANISM,42292838,chunk-42292838-001,Pharmacological pitfalls in inpatient lung transplant care and management of medication risks.,Pharmacological pitfalls in inpatient lung transplant care and management of medication risks.,PENDING,,,PubMed_Central,,,
v3.1h-046,Idiosyncratic drug induced liver injury mechanisms,ADE,R3,MECHANISM,42293737,chunk-42293737-001,A UK-wide analysis of the use of reversal agents in 198 patients on direct oral anticoagulants prior to urgent procedures.,A UK-wide analysis of the use of reversal agents in 198 patients on direct oral anticoagulants prior to urgent procedures.,PENDING,,,PubMed_Central,,,
v3.1h-046,Idiosyncratic drug induced liver injury mechanisms,ADE,R3,MECHANISM,42294746,chunk-42294746-001,[Which aldosterone antagonist? Choosing between sprionolactone and the novel drug finerenone].,[Which aldosterone antagonist? Choosing between sprionolactone and the novel drug finerenone].,PENDING,,,PubMed_Central,,,
v3.1h-046,Idiosyncratic drug induced liver injury mechanisms,ADE,R3,MECHANISM,42295720,chunk-42295720-001,Continuous alternate day vs intermittent daily fixed doses of oral isotretinoin in grade 2 acne vulgaris.,Continuous alternate day vs intermittent daily fixed doses of oral isotretinoin in grade 2 acne vulgaris.,PENDING,,,PubMed_Central,,,
v3.1h-046,Idiosyncratic drug induced liver injury mechanisms,ADE,R3,MECHANISM,42306636,chunk-42306636-001,Unexpected Improvement of Obsessive-Compulsive Disorder Symptoms Following the Mistaken Prescription of Clomiphene: A Novel Perspective on Hormonal Influences in OCD.,Unexpected Improvement of Obsessive-Compulsive Disorder Symptoms Following the Mistaken Prescription of Clomiphene: A Novel Perspective on Hormonal Influences in OCD.,PENDING,,,PubMed_Central,,,
v3.1h-046,Idiosyncratic drug induced liver injury mechanisms,ADE,R3,MECHANISM,42318218,chunk-42318218-001,A case report and literature review of proton pump inhibitors inducing insulin autoimmune syndrome.,A case report and literature review of proton pump inhibitors inducing insulin autoimmune syndrome.,PENDING,,,PubMed_Central,,,
v3.1h-046,Idiosyncratic drug induced liver injury mechanisms,ADE,R3,MECHANISM,42326111,chunk-42326111-001,Lascufloxacin-Induced QT Prolongation in an Elderly Patient Treated With Escitalopram: A Case Report.,Lascufloxacin-Induced QT Prolongation in an Elderly Patient Treated With Escitalopram: A Case Report.,PENDING,,,PubMed_Central,,,
v3.1h-046,Idiosyncratic drug induced liver injury mechanisms,ADE,R3,MECHANISM,42327596,chunk-42327596-001,Thrombosis and Survival after Prothrombin Complex Concentrate Use to treat Oral Anticoagulant Associated Haemorrhage.,Thrombosis and Survival after Prothrombin Complex Concentrate Use to treat Oral Anticoagulant Associated Haemorrhage.,PENDING,,,PubMed_Central,,,
v3.1h-046,Idiosyncratic drug induced liver injury mechanisms,ADE,R3,MECHANISM,42332214,chunk-42332214-001,Optimizing Amiodarone Maintenance Dose to Minimize N-Desethylamiodarone Accumulation and Pulmonary Toxicity: Insights from Machine Learning and Pharmacokinetic Simulation.,Optimizing Amiodarone Maintenance Dose to Minimize N-Desethylamiodarone Accumulation and Pulmonary Toxicity: Insights from Machine Learning and Pharmacokinetic Simulation.,PENDING,,,PubMed_Central,,,
v3.1h-046,Idiosyncratic drug induced liver injury mechanisms,ADE,R3,MECHANISM,42332506,chunk-42332506-001,Pachydermoperiostosis (Touraine-Solente-Gole syndrome): A case report and literature review.,Pachydermoperiostosis (Touraine-Solente-Gole syndrome): A case report and literature review.,PENDING,,,PubMed_Central,,,
v3.1h-046,Idiosyncratic drug induced liver injury mechanisms,ADE,R3,MECHANISM,42349978,chunk-42349978-001,New Agents for Acne Treatment and Updates to Isotretinoin Guidelines.,New Agents for Acne Treatment and Updates to Isotretinoin Guidelines.,PENDING,,,PubMed_Central,,,
v3.1h-046,Idiosyncratic drug induced liver injury mechanisms,ADE,R3,MECHANISM,42359186,chunk-42359186-001,Early-Onset Amiodarone Pulmonary Toxicity at a Standard Maintenance Dose Masquerading as Decompensated Heart Failure: A Case Report and Literature Review.,Early-Onset Amiodarone Pulmonary Toxicity at a Standard Maintenance Dose Masquerading as Decompensated Heart Failure: A Case Report and Literature Review.,PENDING,,,PubMed_Central,,,
v3.1h-046,Idiosyncratic drug induced liver injury mechanisms,ADE,R3,MECHANISM,42364820,chunk-42364820-001,Finerenone: a next-generation nonsteroidal mineralocorticoid receptor antagonist reshaping the management of cardiovascular and metabolic diseases.,Finerenone: a next-generation nonsteroidal mineralocorticoid receptor antagonist reshaping the management of cardiovascular and metabolic diseases.,PENDING,,,PubMed_Central,,,
v3.1h-046,Idiosyncratic drug induced liver injury mechanisms,ADE,R3,MECHANISM,42366387,chunk-42366387-001,Cannabidiol as an adjunct in refractory paroxysmal sympathetic hyperactivity following severe traumatic brain injury: a case report.,Cannabidiol as an adjunct in refractory paroxysmal sympathetic hyperactivity following severe traumatic brain injury: a case report.,PENDING,,,PubMed_Central,,,
v3.1h-046,Idiosyncratic drug induced liver injury mechanisms,ADE,R3,MECHANISM,42366486,chunk-42366486-001,Finerenone and Cardiorenal Outcomes: A Narrative Review.,Finerenone and Cardiorenal Outcomes: A Narrative Review.,PENDING,,,PubMed_Central,,,
v3.1h-046,Idiosyncratic drug induced liver injury mechanisms,ADE,R3,MECHANISM,42368238,chunk-42368238-001,"Optimized Oral Glutamatergic Augmentation in Refractory Home-Dominant Contamination Obsessive-Compulsive Disorder With Somatic, Affective, and Motivational Features: A Case Report of Incremental Functional Gains.","Optimized Oral Glutamatergic Augmentation in Refractory Home-Dominant Contamination Obsessive-Compulsive Disorder With Somatic, Affective, and Motivational Features: A Case Report of Incremental Functional Gains.",PENDING,,,PubMed_Central,,,
v3.1h-046,Idiosyncratic drug induced liver injury mechanisms,ADE,R3,MECHANISM,42371403,chunk-42371403-001,Does gabapentin add value to multimodal analgesia in thoracic surgery? A procedure-specific meta-analysis.,Does gabapentin add value to multimodal analgesia in thoracic surgery? A procedure-specific meta-analysis.,PENDING,,,PubMed_Central,,,
v3.1h-046,Idiosyncratic drug induced liver injury mechanisms,ADE,R3,MECHANISM,42374912,chunk-42374912-001,Risk of Hyperkalemia in Patients with Heart Failure Treated with Spironolactone in Combination with Sacubitril/Valsartan vs. Renin-Angiotensin System Inhibitors.,Risk of Hyperkalemia in Patients with Heart Failure Treated with Spironolactone in Combination with Sacubitril/Valsartan vs. Renin-Angiotensin System Inhibitors.,PENDING,,,PubMed_Central,,,
v3.1h-046,Idiosyncratic drug induced liver injury mechanisms,ADE,R3,MECHANISM,42394350,chunk-42394350-001,"The DOAC-FRAIL Study-Same Dose, Different Story: Prevalence of Deviant Direct Oral Anticoagulant Levels in Nursing Home Residents.","The DOAC-FRAIL Study-Same Dose, Different Story: Prevalence of Deviant Direct Oral Anticoagulant Levels in Nursing Home Residents.",PENDING,,,PubMed_Central,,,
v3.1h-046,Idiosyncratic drug induced liver injury mechanisms,ADE,R3,MECHANISM,42398817,chunk-42398817-001,Rediscovering digitalis in heart failure with reduced ejection fraction: Current evidence and expert survey on contemporary use.,Rediscovering digitalis in heart failure with reduced ejection fraction: Current evidence and expert survey on contemporary use.,PENDING,,,PubMed_Central,,,
v3.1h-046,Idiosyncratic drug induced liver injury mechanisms,ADE,R3,MECHANISM,42413824,chunk-42413824-001,Direct oral anticoagulant use and drug-drug interactions in transplant recipients receiving calcineurin inhibitors.,Direct oral anticoagulant use and drug-drug interactions in transplant recipients receiving calcineurin inhibitors.,PENDING,,,PubMed_Central,,,
v3.1h-046,Idiosyncratic drug induced liver injury mechanisms,ADE,R3,MECHANISM,42415794,chunk-42415794-001,Pharmacovigilance profiles of three generations of mineralocorticoid receptor antagonists and network toxicology analysis.,Pharmacovigilance profiles of three generations of mineralocorticoid receptor antagonists and network toxicology analysis.,PENDING,,,PubMed_Central,,,
v3.1h-046,Idiosyncratic drug induced liver injury mechanisms,ADE,R3,MECHANISM,42429832,chunk-42429832-001,Current perspectives on natural and pharmacological interventions for combating drug-induced pulmonary toxicity.,Current perspectives on natural and pharmacological interventions for combating drug-induced pulmonary toxicity.,PENDING,,,PubMed_Central,,,
v3.1h-046,Idiosyncratic drug induced liver injury mechanisms,ADE,R3,MECHANISM,42431357,chunk-42431357-001,"Oral use of anxiolytic, sedative, and anaesthetic medications in domestic cats (Felis catus): A scoping review.","Oral use of anxiolytic, sedative, and anaesthetic medications in domestic cats (Felis catus): A scoping review.",PENDING,,,PubMed_Central,,,
v3.1h-046,Idiosyncratic drug induced liver injury mechanisms,ADE,R3,MECHANISM,42436620,chunk-42436620-001,Research on drug interactions and efficacy optimization of combined medication for elderly patients with ischemic cerebrovascular disease in Guangxi Zhuang Autonomous Region.,Research on drug interactions and efficacy optimization of combined medication for elderly patients with ischemic cerebrovascular disease in Guangxi Zhuang Autonomous Region.,PENDING,,,PubMed_Central,,,
v3.1h-046,Idiosyncratic drug induced liver injury mechanisms,ADE,R3,MECHANISM,42437608,chunk-42437608-001,"Influence of prior administration of gabapentin and integrative practices on sedation scores, physiological parameters, and propofol requirement in cats sedated with dexmedetomidine.","Influence of prior administration of gabapentin and integrative practices on sedation scores, physiological parameters, and propofol requirement in cats sedated with dexmedetomidine.",PENDING,,,PubMed_Central,,,
v3.1h-046,Idiosyncratic drug induced liver injury mechanisms,ADE,R3,MECHANISM,42438486,chunk-42438486-001,"A first-in-human study evaluating safety, PK, and PD of a novel universal anticoagulant reversal agent, OKL-1111.","A first-in-human study evaluating safety, PK, and PD of a novel universal anticoagulant reversal agent, OKL-1111.",PENDING,,,PubMed_Central,,,
v3.1h-046,Idiosyncratic drug induced liver injury mechanisms,ADE,R3,MECHANISM,42438581,chunk-42438581-001,Unmasking Refractory Hypothyroidism: Persistent Iron-Levothyroxine Interaction Despite Appropriate Dose Separation.,Unmasking Refractory Hypothyroidism: Persistent Iron-Levothyroxine Interaction Despite Appropriate Dose Separation.,PENDING,,,PubMed_Central,,,
v3.1h-046,Idiosyncratic drug induced liver injury mechanisms,ADE,R3,MECHANISM,42448258,chunk-42448258-001,Anticoagulant Regimen for Nonvalvular Atrial Fibrillation in the Elderly and Frail Population.,Anticoagulant Regimen for Nonvalvular Atrial Fibrillation in the Elderly and Frail Population.,PENDING,,,PubMed_Central,,,
v3.1h-046,Idiosyncratic drug induced liver injury mechanisms,ADE,R3,MECHANISM,42458467,chunk-42458467-001,"Use of prescription medications potentially harmful during pregnancy among women of reproductive age by pregnancy status and contraceptive use in the United States, 2009-2020.","Use of prescription medications potentially harmful during pregnancy among women of reproductive age by pregnancy status and contraceptive use in the United States, 2009-2020.",PENDING,,,PubMed_Central,,,
v3.1h-046,Idiosyncratic drug induced liver injury mechanisms,ADE,R3,MECHANISM,42461919,chunk-42461919-001,Signal mining and analysis of adverse events associated with Isotretinoin: A 20-Year real-world pharmacovigilance study based on FAERS and EudraVigilance databases.,Signal mining and analysis of adverse events associated with Isotretinoin: A 20-Year real-world pharmacovigilance study based on FAERS and EudraVigilance databases.,PENDING,,,PubMed_Central,,,
v3.1h-046,Idiosyncratic drug induced liver injury mechanisms,ADE,R3,MECHANISM,42462752,chunk-42462752-001,Risk of fracture with gabapentinoid treatment in older adults: a multinational population-based study.,Risk of fracture with gabapentinoid treatment in older adults: a multinational population-based study.,PENDING,,,PubMed_Central,,,
v3.1h-046,Idiosyncratic drug induced liver injury mechanisms,ADE,R3,MECHANISM,42466914,chunk-42466914-001,Amiodarone-induced pulmonary toxicity: case series and review of clinical-radiological correlations.,Amiodarone-induced pulmonary toxicity: case series and review of clinical-radiological correlations.,PENDING,,,PubMed_Central,,,
v3.1h-046,Idiosyncratic drug induced liver injury mechanisms,ADE,R3,MECHANISM,42475421,chunk-42475421-001,"Vascular Endothelial Growth Factor Receptor 1-Blocking Antibody Improves Endothelial Structure, Kidney Function, and GFR in Diabetic Mice.","Vascular Endothelial Growth Factor Receptor 1-Blocking Antibody Improves Endothelial Structure, Kidney Function, and GFR in Diabetic Mice.",PENDING,,,PubMed_Central,,,
v3.1h-046,Idiosyncratic drug induced liver injury mechanisms,ADE,R3,MECHANISM,42481856,chunk-42481856-001,Integrating Clinical Evidence with PBPK Modeling to Assess PPI-Clopidogrel-CYP2C19 Interactions in Chinese ACS Patients.,Integrating Clinical Evidence with PBPK Modeling to Assess PPI-Clopidogrel-CYP2C19 Interactions in Chinese ACS Patients.,PENDING,,,PubMed_Central,,,
v3.1h-046,Idiosyncratic drug induced liver injury mechanisms,ADE,R3,MECHANISM,42483729,chunk-42483729-001,"Once-Nightly Pregabalin for Co-Occurring Nightmares, Poor Sleep, and Headaches: A Case Series.","Once-Nightly Pregabalin for Co-Occurring Nightmares, Poor Sleep, and Headaches: A Case Series.",PENDING,,,PubMed_Central,,,
v3.1h-046,Idiosyncratic drug induced liver injury mechanisms,ADE,R3,MECHANISM,42484991,chunk-42484991-001,Budget Impact of Eplerenone for Heart Failure with Reduced Ejection Fraction: National Perspective and Regional Implications in Italy.,Budget Impact of Eplerenone for Heart Failure with Reduced Ejection Fraction: National Perspective and Regional Implications in Italy.,PENDING,,,PubMed_Central,,,
v3.1h-046,Idiosyncratic drug induced liver injury mechanisms,ADE,R3,MECHANISM,42489609,chunk-42489609-001,Cilostazol-Induced Digoxin Toxicity Presenting as Accelerated Idioventricular Rhythm and Recurrent Syncope.,Cilostazol-Induced Digoxin Toxicity Presenting as Accelerated Idioventricular Rhythm and Recurrent Syncope.,PENDING,,,PubMed_Central,,,
v3.1h-046,Idiosyncratic drug induced liver injury mechanisms,ADE,R3,MECHANISM,42497636,chunk-42497636-001,Macrophage membrane camouflaged biomimetic nanomedicine for normalizing electrical dysfunction and inflammation pathology in atrial fibrillation.,Macrophage membrane camouflaged biomimetic nanomedicine for normalizing electrical dysfunction and inflammation pathology in atrial fibrillation.,PENDING,,,PubMed_Central,,,
v3.1h-046,Idiosyncratic drug induced liver injury mechanisms,ADE,R3,MECHANISM,42499456,chunk-42499456-001,"Association of Proximal Tubule Secretion With Hyperkalemia Risk, Treatment Response, and Outcomes in Heart Failure With Preserved Ejection Fraction.","Association of Proximal Tubule Secretion With Hyperkalemia Risk, Treatment Response, and Outcomes in Heart Failure With Preserved Ejection Fraction.",PENDING,,,PubMed_Central,,,
v3.1h-046,Idiosyncratic drug induced liver injury mechanisms,ADE,R3,MECHANISM,42515713,chunk-42515713-001,CYP2D6 Metabolizer Phenotype Is Associated with Early Antidepressant Discontinuation in the UK Biobank.,CYP2D6 Metabolizer Phenotype Is Associated with Early Antidepressant Discontinuation in the UK Biobank.,PENDING,,,PubMed_Central,,,
v3.1h-046,Idiosyncratic drug induced liver injury mechanisms,ADE,R3,MECHANISM,42522519,chunk-42522519-001,Examining the safety of dermatological and surgical procedures in patients undergoing systemic isotretinoin therapy: An updated review.,Examining the safety of dermatological and surgical procedures in patients undergoing systemic isotretinoin therapy: An updated review.,PENDING,,,PubMed_Central,,,
v3.1h-046,Idiosyncratic drug induced liver injury mechanisms,ADE,R3,MECHANISM,42527260,chunk-42527260-001,Gabapentin for Postoperative Analgesia in Cardiac Surgery via Sternotomy: A Systematic Review and Meta-Analysis of Randomized Controlled Trials.,Gabapentin for Postoperative Analgesia in Cardiac Surgery via Sternotomy: A Systematic Review and Meta-Analysis of Randomized Controlled Trials.,PENDING,,,PubMed_Central,,,
v3.1h-046,Idiosyncratic drug induced liver injury mechanisms,ADE,R3,MECHANISM,42528583,chunk-42528583-001,Amiodarone-induced granulomatous lung injury mimicking organizing pneumonia: a case report.,Amiodarone-induced granulomatous lung injury mimicking organizing pneumonia: a case report.,PENDING,,,PubMed_Central,,,
v3.1h-046,Idiosyncratic drug induced liver injury mechanisms,ADE,R3,MECHANISM,42546121,chunk-42546121-001,Direct Oral Anticoagulants for Atrial Fibrillation in Patients Receiving Hemodialysis: A Review and Discussion of Evidence.,Direct Oral Anticoagulants for Atrial Fibrillation in Patients Receiving Hemodialysis: A Review and Discussion of Evidence.,PENDING,,,PubMed_Central,,,
v3.1h-046,Idiosyncratic drug induced liver injury mechanisms,ADE,R3,MECHANISM,42558881,chunk-42558881-001,Drug-associated psoriasis: a pharmacovigilance study based on the FAERS database.,Drug-associated psoriasis: a pharmacovigilance study based on the FAERS database.,PENDING,,,PubMed_Central,,,
v3.1h-046,Idiosyncratic drug induced liver injury mechanisms,ADE,R3,MECHANISM,42571795,chunk-42571795-001,Mechanistic insights into cytochrome P450 inhibition by progesterone and its impact on fluoxetine pharmacokinetics.,Mechanistic insights into cytochrome P450 inhibition by progesterone and its impact on fluoxetine pharmacokinetics.,PENDING,,,PubMed_Central,,,
v3.1h-046,Idiosyncratic drug induced liver injury mechanisms,ADE,R3,MECHANISM,42573610,chunk-42573610-001,Paracetamol-induced hepatic injury following intentional self-poisoning: a case report and therapeutic considerations.,Paracetamol-induced hepatic injury following intentional self-poisoning: a case report and therapeutic considerations.,PENDING,,,PubMed_Central,,,
v3.1h-046,Idiosyncratic drug induced liver injury mechanisms,ADE,R3,MECHANISM,42580175,chunk-42580175-001,"Iodine excess in relation to decreased free thyroxine levels during pregnancy in an iodine-sufficient region, and potential interactions with iron and selenium.","Iodine excess in relation to decreased free thyroxine levels during pregnancy in an iodine-sufficient region, and potential interactions with iron and selenium.",PENDING,,,PubMed_Central,,,
v3.1h-046,Idiosyncratic drug induced liver injury mechanisms,ADE,R3,MECHANISM,42580545,chunk-42580545-001,Non-steroidal anti-inflammatory drugs and CYP2C9 - Impacts of genetics and phenoconversion on the risk of adverse effects.,Non-steroidal anti-inflammatory drugs and CYP2C9 - Impacts of genetics and phenoconversion on the risk of adverse effects.,PENDING,,,PubMed_Central,,,
v3.1h-046,Idiosyncratic drug induced liver injury mechanisms,ADE,R3,MECHANISM,42584699,chunk-42584699-001,"The ""obesity paradox"" in dosing: a comprehensive analytical review of cockcroft-gault versus CKD-EPI for predicting clearance of narrow-therapeutic-index drugs in patients with BMI > 40 kg/m².","The ""obesity paradox"" in dosing: a comprehensive analytical review of cockcroft-gault versus CKD-EPI for predicting clearance of narrow-therapeutic-index drugs in patients with BMI > 40 kg/m².",PENDING,,,PubMed_Central,,,
v3.1h-046,Idiosyncratic drug induced liver injury mechanisms,ADE,R3,MECHANISM,42586461,chunk-42586461-001,Pharmacogenomic and drug interactions risk in cardio-oncology: A precision medicine perspective for India.,Pharmacogenomic and drug interactions risk in cardio-oncology: A precision medicine perspective for India.,PENDING,,,PubMed_Central,,,
v3.1h-046,Idiosyncratic drug induced liver injury mechanisms,ADE,R3,MECHANISM,42587752,chunk-42587752-001,Rapid Volumetric Bioprinting Coupled with Dynamic Perfusion Enhances Human Hepatic Organoid Toxicity Testing.,Rapid Volumetric Bioprinting Coupled with Dynamic Perfusion Enhances Human Hepatic Organoid Toxicity Testing.,PENDING,,,PubMed_Central,,,
v3.1h-046,Idiosyncratic drug induced liver injury mechanisms,ADE,R3,MECHANISM,42590087,chunk-42590087-001,"Digoxin Dosing Errors, Drug Interactions and Off-Label Risks: Insights from an EudraVigilance Disproportionality Analysis.","Digoxin Dosing Errors, Drug Interactions and Off-Label Risks: Insights from an EudraVigilance Disproportionality Analysis.",PENDING,,,PubMed_Central,,,
v3.1h-046,Idiosyncratic drug induced liver injury mechanisms,ADE,R3,MECHANISM,42591558,chunk-42591558-001,Physiologically based pharmacokinetic modeling of fluconazole: interpretation of gender-dependent pharmacokinetics and cytochrome P450 inhibition.,Physiologically based pharmacokinetic modeling of fluconazole: interpretation of gender-dependent pharmacokinetics and cytochrome P450 inhibition.,PENDING,,,PubMed_Central,,,
v3.1h-046,Idiosyncratic drug induced liver injury mechanisms,ADE,R3,MECHANISM,42595037,chunk-42595037-001,Evidence for the Use of Steroidal Aldosterone Antagonists in Patients With Kidney Failure.,Evidence for the Use of Steroidal Aldosterone Antagonists in Patients With Kidney Failure.,PENDING,,,PubMed_Central,,,
v3.1h-046,Idiosyncratic drug induced liver injury mechanisms,ADE,R3,MECHANISM,42595240,chunk-42595240-001,Xenobiotic-Induced Liver Injury in the United States: A 25-Year Retrospective Analysis of National Poison Data System.,Xenobiotic-Induced Liver Injury in the United States: A 25-Year Retrospective Analysis of National Poison Data System.,PENDING,,,PubMed_Central,,,
v3.1h-046,Idiosyncratic drug induced liver injury mechanisms,ADE,R3,MECHANISM,42596979,chunk-42596979-001,Sertraline use in pregnancy and placental transfer: A pharmacokinetic prospective cohort study.,Sertraline use in pregnancy and placental transfer: A pharmacokinetic prospective cohort study.,PENDING,,,PubMed_Central,,,
v3.1h-046,Idiosyncratic drug induced liver injury mechanisms,ADE,R3,MECHANISM,42598366,chunk-42598366-001,"A 76-Year-Old Man With Hemorrhagic Stroke, Recurrent Thromboembolic Events, and Atrial Fibrillation Under Optimal Medical Treatment: When Anticoagulants Fail.","A 76-Year-Old Man With Hemorrhagic Stroke, Recurrent Thromboembolic Events, and Atrial Fibrillation Under Optimal Medical Treatment: When Anticoagulants Fail.",PENDING,,,PubMed_Central,,,
v3.1h-046,Idiosyncratic drug induced liver injury mechanisms,ADE,R3,MECHANISM,42603144,chunk-42603144-001,Differential Quantification of Cutibacterium acnes Phylotypes IA and IB/II on Healthy and Acne-Prone Human Skin.,Differential Quantification of Cutibacterium acnes Phylotypes IA and IB/II on Healthy and Acne-Prone Human Skin.,PENDING,,,PubMed_Central,,,
v3.1h-046,Idiosyncratic drug induced liver injury mechanisms,ADE,R3,MECHANISM,42610101,chunk-42610101-001,Nature's Poison Pill: A Case of Digoxin-Like Toxicity From the Seed of the Ornamental Plant Thevetia peruviana.,Nature's Poison Pill: A Case of Digoxin-Like Toxicity From the Seed of the Ornamental Plant Thevetia peruviana.,PENDING,,,PubMed_Central,,,
v3.1h-046,Idiosyncratic drug induced liver injury mechanisms,ADE,R3,MECHANISM,42618000,chunk-42618000-001,Pipamperone metabolism by various recombinant cytochrome preparations.,Pipamperone metabolism by various recombinant cytochrome preparations.,PENDING,,,PubMed_Central,,,
v3.1h-046,Idiosyncratic drug induced liver injury mechanisms,ADE,R3,MECHANISM,42621983,chunk-42621983-001,Mass-Forming NSAID-Associated Colopathy Mimicking Right-Sided Colon Cancer: A Case Report.,Mass-Forming NSAID-Associated Colopathy Mimicking Right-Sided Colon Cancer: A Case Report.,PENDING,,,PubMed_Central,,,
v3.1h-046,Idiosyncratic drug induced liver injury mechanisms,ADE,R3,MECHANISM,42622073,chunk-42622073-001,Assessment of Pharmacokinetic Interaction and Clinical Efficacy of Clopidogrel Co-administered with Ilaprazole.,Assessment of Pharmacokinetic Interaction and Clinical Efficacy of Clopidogrel Co-administered with Ilaprazole.,PENDING,,,PubMed_Central,,,
v3.1h-046,Idiosyncratic drug induced liver injury mechanisms,ADE,R3,MECHANISM,42628776,chunk-42628776-001,Differentiating hepatic and renal toxicity reveals CYP-independent mechanisms of acetaminophen-induced acute kidney injury.,Differentiating hepatic and renal toxicity reveals CYP-independent mechanisms of acetaminophen-induced acute kidney injury.,PENDING,,,PubMed_Central,,,
v3.1h-046,Idiosyncratic drug induced liver injury mechanisms,ADE,R3,MECHANISM,42628883,chunk-42628883-001,Effects of psychotropic medications on a placenta cell model: A functional study with BeWo cells.,Effects of psychotropic medications on a placenta cell model: A functional study with BeWo cells.,PENDING,,,PubMed_Central,,,
v3.1h-046,Idiosyncratic drug induced liver injury mechanisms,ADE,R3,MECHANISM,42630019,chunk-42630019-001,Pharmacogenomics in Dentistry: From CYP-Mediated Drug Response to Precision Prescribing in Oral Healthcare.,Pharmacogenomics in Dentistry: From CYP-Mediated Drug Response to Precision Prescribing in Oral Healthcare.,PENDING,,,PubMed_Central,,,
v3.1h-046,Idiosyncratic drug induced liver injury mechanisms,ADE,R3,MECHANISM,42631638,chunk-42631638-001,Diallyl trisulfide ameliorates acetaminophen-induced acute liver injury through the oxidative modification of CYP2E1 cysteine residues.,Diallyl trisulfide ameliorates acetaminophen-induced acute liver injury through the oxidative modification of CYP2E1 cysteine residues.,PENDING,,,PubMed_Central,,,
v3.1h-046,Idiosyncratic drug induced liver injury mechanisms,ADE,R3,MECHANISM,42631653,chunk-42631653-001,Application of Physiologically Based Pharmacokinetic Modeling to Optimize Assessment of Age-Related Fluoxetine Accumulation in the Elderly.,Application of Physiologically Based Pharmacokinetic Modeling to Optimize Assessment of Age-Related Fluoxetine Accumulation in the Elderly.,PENDING,,,PubMed_Central,,,
v3.1h-046,Idiosyncratic drug induced liver injury mechanisms,ADE,R3,MECHANISM,42632694,chunk-42632694-001,Oral co-delivery of quercetin and anthocyanins via dual-ligand nanoparticles alleviate obesity and associated metabolic disorders.,Oral co-delivery of quercetin and anthocyanins via dual-ligand nanoparticles alleviate obesity and associated metabolic disorders.,PENDING,,,PubMed_Central,,,
v3.1h-046,Idiosyncratic drug induced liver injury mechanisms,ADE,R3,MECHANISM,42633086,chunk-42633086-001,Nivolumab after recurrent pembrolizumab-associated hepatotoxicity in PD-L1-high metastatic squamous non-small cell lung cancer: a case report.,Nivolumab after recurrent pembrolizumab-associated hepatotoxicity in PD-L1-high metastatic squamous non-small cell lung cancer: a case report.,PENDING,,,PubMed_Central,,,
v3.1h-046,Idiosyncratic drug induced liver injury mechanisms,ADE,R3,MECHANISM,42636556,chunk-42636556-001,Multicenter Evaluation of Opioid Prescribing After Minimally Invasive Repair of Pectus Excavatum Before The 2024 American Academy of Pediatrics Guideline: Room to Improve.,Multicenter Evaluation of Opioid Prescribing After Minimally Invasive Repair of Pectus Excavatum Before The 2024 American Academy of Pediatrics Guideline: Room to Improve.,PENDING,,,PubMed_Central,,,
v3.1h-046,Idiosyncratic drug induced liver injury mechanisms,ADE,R3,MECHANISM,42636576,chunk-42636576-001,"Real-world variability and factors associated with individual low-density-lipoprotein cholesterol response to different doses of atorvastatin, rosuvastatin, and simvastatin in 28,647 Chinese patients.","Real-world variability and factors associated with individual low-density-lipoprotein cholesterol response to different doses of atorvastatin, rosuvastatin, and simvastatin in 28,647 Chinese patients.",PENDING,,,PubMed_Central,,,
v3.1h-046,Idiosyncratic drug induced liver injury mechanisms,ADE,R3,MECHANISM,42637515,chunk-42637515-001,An uncommon side effect of statins: perioral neuropathic symptoms.,An uncommon side effect of statins: perioral neuropathic symptoms.,PENDING,,,PubMed_Central,,,
v3.1h-046,Idiosyncratic drug induced liver injury mechanisms,ADE,R3,MECHANISM,42638417,chunk-42638417-001,The Bacterial Metabolite Lndole-3-Propionic Acid Alleviates Acetaminophen-Induced Acute Liver Injury Partly through the Aryl Hydrocarbon Receptor Pathway.,The Bacterial Metabolite Lndole-3-Propionic Acid Alleviates Acetaminophen-Induced Acute Liver Injury Partly through the Aryl Hydrocarbon Receptor Pathway.,PENDING,,,PubMed_Central,,,
v3.1h-046,Idiosyncratic drug induced liver injury mechanisms,ADE,R3,MECHANISM,42643702,chunk-42643702-001,Sex-Specific Safety Signals of Finerenone Versus Spironolactone: Insights From the FDA Adverse Event Reporting System.,Sex-Specific Safety Signals of Finerenone Versus Spironolactone: Insights From the FDA Adverse Event Reporting System.,PENDING,,,PubMed_Central,,,
v3.1h-046,Idiosyncratic drug induced liver injury mechanisms,ADE,R3,MECHANISM,42645604,chunk-42645604-001,"Berberine-associated lipid-inflammatory regulation in atherosclerosis: an integrative transcriptomic, single-cell, and in vivo study.","Berberine-associated lipid-inflammatory regulation in atherosclerosis: an integrative transcriptomic, single-cell, and in vivo study.",PENDING,,,PubMed_Central,,,
v3.1h-046,Idiosyncratic drug induced liver injury mechanisms,ADE,R3,MECHANISM,42647165,chunk-42647165-001,Pharmacotherapeutic considerations for the treatment of post-traumatic stress disorder during and after pregnancy: an update.,Pharmacotherapeutic considerations for the treatment of post-traumatic stress disorder during and after pregnancy: an update.,PENDING,,,PubMed_Central,,,
v3.1h-046,Idiosyncratic drug induced liver injury mechanisms,ADE,R3,MECHANISM,42647942,chunk-42647942-001,Use of Corrected QT Cutoffs Derived from Biological Variation to Predict Adverse Events Due to Antipsychotic Drugs: Case Report.,Use of Corrected QT Cutoffs Derived from Biological Variation to Predict Adverse Events Due to Antipsychotic Drugs: Case Report.,PENDING,,,PubMed_Central,,,
v3.1h-046,Idiosyncratic drug induced liver injury mechanisms,ADE,R3,MECHANISM,42652369,chunk-42652369-001,"Shifting Public Interest in Liver Health, Hepatotoxic Medications, and Dietary Supplements in Kazakhstan: A Five-Year Google Trends Infodemiology Study.","Shifting Public Interest in Liver Health, Hepatotoxic Medications, and Dietary Supplements in Kazakhstan: A Five-Year Google Trends Infodemiology Study.",PENDING,,,PubMed_Central,,,
v3.1h-046,Idiosyncratic drug induced liver injury mechanisms,ADE,R3,MECHANISM,42653071,chunk-42653071-001,Safety and Efficacy Assessment of Cannabis Plant Compared to Atorvastatin for Lipid Lowering in Diabetic and Obese Wistar Male Rats.,Safety and Efficacy Assessment of Cannabis Plant Compared to Atorvastatin for Lipid Lowering in Diabetic and Obese Wistar Male Rats.,PENDING,,,PubMed_Central,,,
v3.1h-046,Idiosyncratic drug induced liver injury mechanisms,ADE,R3,MECHANISM,42653173,chunk-42653173-001,Molecular Mechanisms of Acute Drug Toxicity in Polypharmacy: Analgesic-Psychotropic Interactions.,Molecular Mechanisms of Acute Drug Toxicity in Polypharmacy: Analgesic-Psychotropic Interactions.,PENDING,,,PubMed_Central,,,
v3.1h-046,Idiosyncratic drug induced liver injury mechanisms,ADE,R3,MECHANISM,42653808,chunk-42653808-001,"Berberine-Drug Interactions: Mechanisms, Clinical Relevance and Risk Stratification-A Narrative Review.","Berberine-Drug Interactions: Mechanisms, Clinical Relevance and Risk Stratification-A Narrative Review.",PENDING,,,PubMed_Central,,,
v3.1h-046,Idiosyncratic drug induced liver injury mechanisms,ADE,R3,MECHANISM,42654146,chunk-42654146-001,Moxifloxacin-Mediated Downregulation of Intestinal P-Glycoprotein Alters the Pharmacokinetics of Dabigatran Etexilate: Mechanistic Insights in Rats and PBPK Model-Informed Dose Optimization.,Moxifloxacin-Mediated Downregulation of Intestinal P-Glycoprotein Alters the Pharmacokinetics of Dabigatran Etexilate: Mechanistic Insights in Rats and PBPK Model-Informed Dose Optimization.,PENDING,,,PubMed_Central,,,
v3.1h-046,Idiosyncratic drug induced liver injury mechanisms,ADE,R3,MECHANISM,42654342,chunk-42654342-001,Therapeutic Potential of Anti-Obesity Drugs in Obesity-Associated Female Reproductive Dysfunction: Translating Mechanistic Evidence into Personalized Clinical Strategies.,Therapeutic Potential of Anti-Obesity Drugs in Obesity-Associated Female Reproductive Dysfunction: Translating Mechanistic Evidence into Personalized Clinical Strategies.,PENDING,,,PubMed_Central,,,
v3.1h-046,Idiosyncratic drug induced liver injury mechanisms,ADE,R3,MECHANISM,42658230,chunk-42658230-001,Supratherapeutic Digoxin Levels in Children with Cardiac Disease.,Supratherapeutic Digoxin Levels in Children with Cardiac Disease.,PENDING,,,PubMed_Central,,,
v3.1h-046,Idiosyncratic drug induced liver injury mechanisms,ADE,R3,MECHANISM,42660303,chunk-42660303-001,Cardioprotective effects of natural phytochemicals from traditional medicinal plants against doxorubicin-induced cardiotoxicity: A meta-analysis of preclinical studies.,Cardioprotective effects of natural phytochemicals from traditional medicinal plants against doxorubicin-induced cardiotoxicity: A meta-analysis of preclinical studies.,PENDING,,,PubMed_Central,,,
v3.1h-046,Idiosyncratic drug induced liver injury mechanisms,ADE,R3,MECHANISM,42661734,chunk-42661734-001,Sex-specific effects of resveratrol and metformin on mitochondrial function and inflammatory activation in a TNF-α-driven human iPSC-derived endothelial dysfunction model.,Sex-specific effects of resveratrol and metformin on mitochondrial function and inflammatory activation in a TNF-α-driven human iPSC-derived endothelial dysfunction model.,PENDING,,,PubMed_Central,,,
v3.1h-046,Idiosyncratic drug induced liver injury mechanisms,ADE,R3,MECHANISM,42662112,chunk-42662112-001,A Comparative Study to Evaluate the Renoprotective Effect of Antidiabetic Drugs in Patients With Type 2 Diabetes Mellitus.,A Comparative Study to Evaluate the Renoprotective Effect of Antidiabetic Drugs in Patients With Type 2 Diabetes Mellitus.,PENDING,,,PubMed_Central,,,
v3.1h-046,Idiosyncratic drug induced liver injury mechanisms,ADE,R3,MECHANISM,42662351,chunk-42662351-001,Sertraline-induced fetotoxicity in mice: Protective effects of vitamin E on foetal growth and organ histology.,Sertraline-induced fetotoxicity in mice: Protective effects of vitamin E on foetal growth and organ histology.,PENDING,,,PubMed_Central,,,
v3.1h-046,Idiosyncratic drug induced liver injury mechanisms,ADE,R3,MECHANISM,42662739,chunk-42662739-001,Transporter Interactions of Methoxyflavones and Their In Vivo Pharmacokinetic Implications.,Transporter Interactions of Methoxyflavones and Their In Vivo Pharmacokinetic Implications.,PENDING,,,PubMed_Central,,,
v3.1h-046,Idiosyncratic drug induced liver injury mechanisms,ADE,R3,MECHANISM,42662744,chunk-42662744-001,Perfluoroether Peptide-Modified Artificial Viral Capsid for Enhanced Doxorubicin Delivery to Liver Cancer Cells.,Perfluoroether Peptide-Modified Artificial Viral Capsid for Enhanced Doxorubicin Delivery to Liver Cancer Cells.,PENDING,,,PubMed_Central,,,
v3.1h-046,Idiosyncratic drug induced liver injury mechanisms,ADE,R3,MECHANISM,42662904,chunk-42662904-001,Early cardiac proteomic profiling in a long-latency doxorubicin cardiomyopathy model exhibits sexual dimorphism for cardioprotection.,Early cardiac proteomic profiling in a long-latency doxorubicin cardiomyopathy model exhibits sexual dimorphism for cardioprotection.,PENDING,,,PubMed_Central,,,
v3.1h-046,Idiosyncratic drug induced liver injury mechanisms,ADE,R3,MECHANISM,42663261,chunk-42663261-001,"Clinical outcomes of ""massive"" acetaminophen overdose treated with standard vs. augmented dose acetylcysteine.","Clinical outcomes of ""massive"" acetaminophen overdose treated with standard vs. augmented dose acetylcysteine.",PENDING,,,PubMed_Central,,,
v3.1h-046,Idiosyncratic drug induced liver injury mechanisms,ADE,R3,MECHANISM,42663921,chunk-42663921-001,Qishen Yiqi Dripping Pills ameliorate doxorubicin-induced cardiotoxicity: a study based on bioinformatics and experimental verification.,Qishen Yiqi Dripping Pills ameliorate doxorubicin-induced cardiotoxicity: a study based on bioinformatics and experimental verification.,PENDING,,,PubMed_Central,,,
v3.1h-046,Idiosyncratic drug induced liver injury mechanisms,ADE,R3,MECHANISM,42663925,chunk-42663925-001,Selective and Time-Dependent Alterations in Cytochrome P450 (CYP) Enzyme Activity and Expression by Major Phytocannabinoids.,Selective and Time-Dependent Alterations in Cytochrome P450 (CYP) Enzyme Activity and Expression by Major Phytocannabinoids.,PENDING,,,PubMed_Central,,,
v3.1h-046,Idiosyncratic drug induced liver injury mechanisms,ADE,R3,MECHANISM,42665114,chunk-42665114-001,Doxorubicin-induced Cardiotoxicity is Propagated by Paracrine Signaling through Small Extracellular Vesicles.,Doxorubicin-induced Cardiotoxicity is Propagated by Paracrine Signaling through Small Extracellular Vesicles.,PENDING,,,PubMed_Central,,,
v3.1h-046,Idiosyncratic drug induced liver injury mechanisms,ADE,R3,MECHANISM,42665174,chunk-42665174-001,Acetaminophen-induced developmental neurobehavioral and sensory organ toxicity in zebrafish.,Acetaminophen-induced developmental neurobehavioral and sensory organ toxicity in zebrafish.,PENDING,,,PubMed_Central,,,
v3.1h-046,Idiosyncratic drug induced liver injury mechanisms,ADE,R3,MECHANISM,42665888,chunk-42665888-001,"EXPRESS: Effect of oral gabapentin administered in-hospital on behavioral stress, compliance, and physiologic stress markers: a randomized, double-blind, placebo-controlled trial.","EXPRESS: Effect of oral gabapentin administered in-hospital on behavioral stress, compliance, and physiologic stress markers: a randomized, double-blind, placebo-controlled trial.",PENDING,,,PubMed_Central,,,
v3.1h-046,Idiosyncratic drug induced liver injury mechanisms,ADE,R3,MECHANISM,42666103,chunk-42666103-001,Clinical relevance of pharmacogenomic information for improving prescribing practices in acutely admitted older medical patients.,Clinical relevance of pharmacogenomic information for improving prescribing practices in acutely admitted older medical patients.,PENDING,,,PubMed_Central,,,
v3.1h-046,Idiosyncratic drug induced liver injury mechanisms,ADE,R3,MECHANISM,42666410,chunk-42666410-001,Preoperative Gabapentin in Pediatric Anterior Cruciate Ligament Reconstruction With Peripheral Nerve Blockade: A Retrospective Cohort Study.,Preoperative Gabapentin in Pediatric Anterior Cruciate Ligament Reconstruction With Peripheral Nerve Blockade: A Retrospective Cohort Study.,PENDING,,,PubMed_Central,,,
v3.1h-046,Idiosyncratic drug induced liver injury mechanisms,ADE,R3,MECHANISM,42667072,chunk-42667072-001,Unlocking the brain: Biodistribution insights into tween 80 nanoliposomes in healthy brains.,Unlocking the brain: Biodistribution insights into tween 80 nanoliposomes in healthy brains.,PENDING,,,PubMed_Central,,,
v3.1h-046,Idiosyncratic drug induced liver injury mechanisms,ADE,R3,MECHANISM,42667336,chunk-42667336-001,Atorvastatin Exerts Context-Dependent Metabolic and Beneficial Effects on Behavior and Apoptotic Signaling in a Cafeteria Diet-Induced Metabolic Dysfunction Model.,Atorvastatin Exerts Context-Dependent Metabolic and Beneficial Effects on Behavior and Apoptotic Signaling in a Cafeteria Diet-Induced Metabolic Dysfunction Model.,PENDING,,,PubMed_Central,,,
v3.1h-046,Idiosyncratic drug induced liver injury mechanisms,ADE,R3,MECHANISM,42667464,chunk-42667464-001,Schisandra chinensis polysaccharide attenuates diabetic islet cell injury by promoting autophagy via suppression of the PI3K/AKT/mTOR signaling cascade.,Schisandra chinensis polysaccharide attenuates diabetic islet cell injury by promoting autophagy via suppression of the PI3K/AKT/mTOR signaling cascade.,PENDING,,,PubMed_Central,,,
v3.1h-046,Idiosyncratic drug induced liver injury mechanisms,ADE,R3,MECHANISM,42667784,chunk-42667784-001,Mechanism of Gegen Qinlian Decoction in the treatment of diabetic cataract based on network pharmacology and experimental validation.,Mechanism of Gegen Qinlian Decoction in the treatment of diabetic cataract based on network pharmacology and experimental validation.,PENDING,,,PubMed_Central,,,
v3.1h-046,Idiosyncratic drug induced liver injury mechanisms,ADE,R3,MECHANISM,42669317,chunk-42669317-001,Ethical considerations in suspected isotretinoin nonadherence and/or diversion.,Ethical considerations in suspected isotretinoin nonadherence and/or diversion.,PENDING,,,PubMed_Central,,,
v3.1h-046,Idiosyncratic drug induced liver injury mechanisms,ADE,R3,MECHANISM,42670022,chunk-42670022-001,Apixaban Dose Selection in Kidney Failure: Reconciling Pharmacokinetics and Clinical Outcomes.,Apixaban Dose Selection in Kidney Failure: Reconciling Pharmacokinetics and Clinical Outcomes.,PENDING,,,PubMed_Central,,,
v3.1h-046,Idiosyncratic drug induced liver injury mechanisms,ADE,R3,MECHANISM,42670080,chunk-42670080-001,Anthracycline Cardiotoxicity: A Real-World Study Based on FDA Adverse Event Reporting System Database.,Anthracycline Cardiotoxicity: A Real-World Study Based on FDA Adverse Event Reporting System Database.,PENDING,,,PubMed_Central,,,
v3.1h-046,Idiosyncratic drug induced liver injury mechanisms,ADE,R3,MECHANISM,42670520,chunk-42670520-001,Younger Age is Associated with Treatment and Complication Outcomes Among Type 2 Diabetes Mellitus Patients in Kigali University Teaching Hospital.,Younger Age is Associated with Treatment and Complication Outcomes Among Type 2 Diabetes Mellitus Patients in Kigali University Teaching Hospital.,PENDING,,,PubMed_Central,,,
v3.1h-046,Idiosyncratic drug induced liver injury mechanisms,ADE,R3,MECHANISM,42670540,chunk-42670540-001,Mechanisms and the Role of p38 MAPK Signaling in Doxorubicin-Induced Cardiotoxicity: A Review.,Mechanisms and the Role of p38 MAPK Signaling in Doxorubicin-Induced Cardiotoxicity: A Review.,PENDING,,,PubMed_Central,,,
v3.1h-046,Idiosyncratic drug induced liver injury mechanisms,ADE,R3,MECHANISM,42670801,chunk-42670801-001,Therapeutic Potential of Nanocurcumin in Mitigating Duloxetine-Induced Hepatic Damage: Biochemical and Histopathological Insights.,Therapeutic Potential of Nanocurcumin in Mitigating Duloxetine-Induced Hepatic Damage: Biochemical and Histopathological Insights.,PENDING,,,PubMed_Central,,,
v3.1h-046,Idiosyncratic drug induced liver injury mechanisms,ADE,R3,MECHANISM,42671218,chunk-42671218-001,Protective Effects of Luteolin Against Cisplatin-Induced Hepatic and Renal Toxicity: Biochemical and Cellular Evidence.,Protective Effects of Luteolin Against Cisplatin-Induced Hepatic and Renal Toxicity: Biochemical and Cellular Evidence.,PENDING,,,PubMed_Central,,,
v3.1h-046,Idiosyncratic drug induced liver injury mechanisms,ADE,R3,MECHANISM,42674049,chunk-42674049-001,A Near-Infrared Fluorescent Probe for Imaging Nitroxyl Dynamics in Ferroptosis-Associated Drug-Induced Liver Injury.,A Near-Infrared Fluorescent Probe for Imaging Nitroxyl Dynamics in Ferroptosis-Associated Drug-Induced Liver Injury.,PENDING,,,PubMed_Central,,,
v3.1h-046,Idiosyncratic drug induced liver injury mechanisms,ADE,R3,MECHANISM,42674100,chunk-42674100-001,Drug Repurposing Signals for Abdominal Aortic Aneurysms.,Drug Repurposing Signals for Abdominal Aortic Aneurysms.,PENDING,,,PubMed_Central,,,
v3.1h-046,Idiosyncratic drug induced liver injury mechanisms,ADE,R3,MECHANISM,42675227,chunk-42675227-001,Stevioside promotes hepatocyte proliferation via YAP signaling in cholestatic disease.,Stevioside promotes hepatocyte proliferation via YAP signaling in cholestatic disease.,PENDING,,,PubMed_Central,,,
v3.1h-046,Idiosyncratic drug induced liver injury mechanisms,ADE,R3,MECHANISM,42675497,chunk-42675497-001,Delayed ischemic stroke ten days after aluminum phosphide ingestion in a previously healthy 21-year-old Ethiopian woman: a case report.,Delayed ischemic stroke ten days after aluminum phosphide ingestion in a previously healthy 21-year-old Ethiopian woman: a case report.,PENDING,,,PubMed_Central,,,
v3.1h-046,Idiosyncratic drug induced liver injury mechanisms,ADE,R3,MECHANISM,42675994,chunk-42675994-001,"An Adaptive, Time-Informed, Phenotype-Guided Pharmacological Framework for Severe Traumatic Brain Injury : A Hypothesis-Driven Narrative Review.","An Adaptive, Time-Informed, Phenotype-Guided Pharmacological Framework for Severe Traumatic Brain Injury : A Hypothesis-Driven Narrative Review.",PENDING,,,PubMed_Central,,,
v3.1h-046,Idiosyncratic drug induced liver injury mechanisms,ADE,R3,MECHANISM,42676526,chunk-42676526-001,Tricholoma matsutake polypeptide modulates cardiac metabolism and restores autophagic flux to mitigate doxorubicin-induced senescence.,Tricholoma matsutake polypeptide modulates cardiac metabolism and restores autophagic flux to mitigate doxorubicin-induced senescence.,PENDING,,,PubMed_Central,,,
v3.1h-046,Idiosyncratic drug induced liver injury mechanisms,ADE,R3,MECHANISM,42676937,chunk-42676937-001,Evaluation of acne vulgaris patient care in outpatient clinics: guideline adherence and patient education.,Evaluation of acne vulgaris patient care in outpatient clinics: guideline adherence and patient education.,PENDING,,,PubMed_Central,,,
v3.1h-046,Idiosyncratic drug induced liver injury mechanisms,ADE,R3,MECHANISM,42677064,chunk-42677064-001,Targeting Novel Pathways in Pulmonary Arterial Hypertension: A Systematic Review and Meta-Analysis of New Therapeutic Agents.,Targeting Novel Pathways in Pulmonary Arterial Hypertension: A Systematic Review and Meta-Analysis of New Therapeutic Agents.,PENDING,,,PubMed_Central,,,
v3.1h-046,Idiosyncratic drug induced liver injury mechanisms,ADE,R3,MECHANISM,42677606,chunk-42677606-001,Mitochondrial Unfolded Protein Response Regulates Copper-Induced Oxidative Stress via a Sirt3/FOXO3a Signaling Pathway in Chicken Hepatocytes.,Mitochondrial Unfolded Protein Response Regulates Copper-Induced Oxidative Stress via a Sirt3/FOXO3a Signaling Pathway in Chicken Hepatocytes.,PENDING,,,PubMed_Central,,,
v3.1h-046,Idiosyncratic drug induced liver injury mechanisms,ADE,R3,MECHANISM,42677663,chunk-42677663-001,Chronic BDE-47 Exposure Induces DNA Damage in Hepatocytes: Involvement of Oxidative Stress and CYP1A1/2 Upregulation.,Chronic BDE-47 Exposure Induces DNA Damage in Hepatocytes: Involvement of Oxidative Stress and CYP1A1/2 Upregulation.,PENDING,,,PubMed_Central,,,
v3.1h-046,Idiosyncratic drug induced liver injury mechanisms,ADE,R3,MECHANISM,42678094,chunk-42678094-001,Deciphering the Mechanisms of Statin-Ezetimibe Drug Combinations Using Boolean Logical Modeling and Transcriptomic Data.,Deciphering the Mechanisms of Statin-Ezetimibe Drug Combinations Using Boolean Logical Modeling and Transcriptomic Data.,PENDING,,,PubMed_Central,,,
v3.1h-046,Idiosyncratic drug induced liver injury mechanisms,ADE,R3,MECHANISM,42678242,chunk-42678242-001,Hepatoprotective effects of resolvin D1 in mice exposed to ethanol and galactosamine.,Hepatoprotective effects of resolvin D1 in mice exposed to ethanol and galactosamine.,PENDING,,,PubMed_Central,,,
v3.1h-046,Idiosyncratic drug induced liver injury mechanisms,ADE,R3,MECHANISM,42678243,chunk-42678243-001,MSCs overexpressing FGF21 alleviate acetaminophen-induced acute liver injury by eliciting macrophage-mediated phagocytosis.,MSCs overexpressing FGF21 alleviate acetaminophen-induced acute liver injury by eliciting macrophage-mediated phagocytosis.,PENDING,,,PubMed_Central,,,
v3.1h-046,Idiosyncratic drug induced liver injury mechanisms,ADE,R3,MECHANISM,42679743,chunk-42679743-001,Dual-response mitochondria-targeted fluorescent probe for Hypochlorous acid and viscosity: Applications in liver injury diagnosis and environmental monitoring.,Dual-response mitochondria-targeted fluorescent probe for Hypochlorous acid and viscosity: Applications in liver injury diagnosis and environmental monitoring.,PENDING,,,PubMed_Central,,,
v3.1h-046,Idiosyncratic drug induced liver injury mechanisms,ADE,R3,MECHANISM,42679829,chunk-42679829-001,"Adolescent health across Asia Pacific, 2000-23: a systematic analysis for the Global Burden of Disease Study 2023.","Adolescent health across Asia Pacific, 2000-23: a systematic analysis for the Global Burden of Disease Study 2023.",PENDING,,,PubMed_Central,,,
v3.1h-046,Idiosyncratic drug induced liver injury mechanisms,ADE,R3,MECHANISM,42680287,chunk-42680287-001,Lipid-lowering and hepatoprotective effects of Ocimum sanctum L. (Thai holy basil) flower against MASLD and liver inflammation in rats.,Lipid-lowering and hepatoprotective effects of Ocimum sanctum L. (Thai holy basil) flower against MASLD and liver inflammation in rats.,PENDING,,,PubMed_Central,,,
v3.1h-046,Idiosyncratic drug induced liver injury mechanisms,ADE,R3,MECHANISM,42681676,chunk-42681676-001,Targeting breast cancer stem cells by restoring RBM38 function: mechanism and protein delivery therapy.,Targeting breast cancer stem cells by restoring RBM38 function: mechanism and protein delivery therapy.,PENDING,,,PubMed_Central,,,
v3.1h-046,Idiosyncratic drug induced liver injury mechanisms,ADE,R3,MECHANISM,42682722,chunk-42682722-001,"PRO/CON debate: nonsteroidal versus steroidal mineralocorticoid receptor antagonists in chronic kidney disease: progress, pragmatism, and remaining uncertainties.","PRO/CON debate: nonsteroidal versus steroidal mineralocorticoid receptor antagonists in chronic kidney disease: progress, pragmatism, and remaining uncertainties.",PENDING,,,PubMed_Central,,,
v3.1h-047,Spironolactone induced hyperkalemia,ADE,R3,SYNONYM,27148747,chunk-27148747-001,"Alendronate Sodium as Enteric Coated Solid Lipid Nanoparticles; Preparation, Optimization, and In Vivo Evaluation to Enhance Its Oral Bioavailability.","Alendronate Sodium as Enteric Coated Solid Lipid Nanoparticles; Preparation, Optimization, and In Vivo Evaluation to Enhance Its Oral Bioavailability.",PENDING,,,PubMed_Central,,,
v3.1h-047,Spironolactone induced hyperkalemia,ADE,R3,SYNONYM,27956102,chunk-27956102-001,Pharyngolaryngeal ulcers associated with the improper use of alendronate.,Pharyngolaryngeal ulcers associated with the improper use of alendronate.,PENDING,,,PubMed_Central,,,
v3.1h-047,Spironolactone induced hyperkalemia,ADE,R3,SYNONYM,28520369,chunk-28520369-001,Celecoxib Therapy and CYP2C9 Genotype.,Celecoxib Therapy and CYP2C9 Genotype.,PENDING,,,PubMed_Central,,,
v3.1h-047,Spironolactone induced hyperkalemia,ADE,R3,SYNONYM,28520381,chunk-28520381-001,Metoprolol Therapy and CYP2D6 Genotype.,Metoprolol Therapy and CYP2D6 Genotype.,PENDING,,,PubMed_Central,,,
v3.1h-047,Spironolactone induced hyperkalemia,ADE,R3,SYNONYM,29262813,chunk-29262813-001,Renoprotective RAAS inhibition does not affect the association between worse renal function and higher plasma aldosterone levels.,Renoprotective RAAS inhibition does not affect the association between worse renal function and higher plasma aldosterone levels.,PENDING,,,PubMed_Central,,,
v3.1h-047,Spironolactone induced hyperkalemia,ADE,R3,SYNONYM,29856752,chunk-29856752-001,Quality by design approach to optimize the formulation variables influencing the characteristics of biodegradable intramuscular in-situ gel loaded with alendronate sodium for osteoporosis.,Quality by design approach to optimize the formulation variables influencing the characteristics of biodegradable intramuscular in-situ gel loaded with alendronate sodium for osteoporosis.,PENDING,,,PubMed_Central,,,
v3.1h-047,Spironolactone induced hyperkalemia,ADE,R3,SYNONYM,30422511,chunk-30422511-001,Vitamin A Toxicity.,Vitamin A Toxicity.,PENDING,,,PubMed_Central,,,
v3.1h-047,Spironolactone induced hyperkalemia,ADE,R3,SYNONYM,30626809,chunk-30626809-001,Symptoms and Upper Gastrointestinal Mucosal Injury Associated with Bisphosphonate Therapy.,Symptoms and Upper Gastrointestinal Mucosal Injury Associated with Bisphosphonate Therapy.,PENDING,,,PubMed_Central,,,
v3.1h-047,Spironolactone induced hyperkalemia,ADE,R3,SYNONYM,31583609,chunk-31583609-001,Physiologically Based Pharmacokinetic Modelling to Identify Pharmacokinetic Parameters Driving Drug Exposure Changes in the Elderly.,Physiologically Based Pharmacokinetic Modelling to Identify Pharmacokinetic Parameters Driving Drug Exposure Changes in the Elderly.,PENDING,,,PubMed_Central,,,
v3.1h-047,Spironolactone induced hyperkalemia,ADE,R3,SYNONYM,32666144,chunk-32666144-001,Upper gastrointestinal safety of oral bisphosphonate in hospitalized patients.,Upper gastrointestinal safety of oral bisphosphonate in hospitalized patients.,PENDING,,,PubMed_Central,,,
v3.1h-047,Spironolactone induced hyperkalemia,ADE,R3,SYNONYM,32699722,chunk-32699722-001,Metformin Associated Lactic Acidosis in the Intensive Care Unit: A Rare Condition Mimicking Sepsis.,Metformin Associated Lactic Acidosis in the Intensive Care Unit: A Rare Condition Mimicking Sepsis.,PENDING,,,PubMed_Central,,,
v3.1h-047,Spironolactone induced hyperkalemia,ADE,R3,SYNONYM,33048477,chunk-33048477-001,Impact of Green Tea Catechin Ingestion on the Pharmacokinetics of Lisinopril in Healthy Volunteers.,Impact of Green Tea Catechin Ingestion on the Pharmacokinetics of Lisinopril in Healthy Volunteers.,PENDING,,,PubMed_Central,,,
v3.1h-047,Spironolactone induced hyperkalemia,ADE,R3,SYNONYM,33777146,chunk-33777146-001,Severe Oral Mucosal Ulceration Associated with Oral Bisphosphonate Use: The Importance of Imparting Proper Instructions on Medication Administration and Intake.,Severe Oral Mucosal Ulceration Associated with Oral Bisphosphonate Use: The Importance of Imparting Proper Instructions on Medication Administration and Intake.,PENDING,,,PubMed_Central,,,
v3.1h-047,Spironolactone induced hyperkalemia,ADE,R3,SYNONYM,33986677,chunk-33986677-001,"Radiation Increases Bioavailability of Lisinopril, a Mitigator of Radiation-Induced Toxicities.","Radiation Increases Bioavailability of Lisinopril, a Mitigator of Radiation-Induced Toxicities.",PENDING,,,PubMed_Central,,,
v3.1h-047,Spironolactone induced hyperkalemia,ADE,R3,SYNONYM,34258506,chunk-34258506-001,A Prospective Open-Label Observational Study of a Buffered Soluble 70 mg Alendronate Effervescent Tablet on Upper Gastrointestinal Safety and Medication Errors: The GastroPASS Study.,A Prospective Open-Label Observational Study of a Buffered Soluble 70 mg Alendronate Effervescent Tablet on Upper Gastrointestinal Safety and Medication Errors: The GastroPASS Study.,PENDING,,,PubMed_Central,,,
v3.1h-047,Spironolactone induced hyperkalemia,ADE,R3,SYNONYM,36300543,chunk-36300543-001,"The effect of diminazene, an angiotensin-converting enzyme 2 activator, on adenine-induced chronic kidney disease in rats.","The effect of diminazene, an angiotensin-converting enzyme 2 activator, on adenine-induced chronic kidney disease in rats.",PENDING,,,PubMed_Central,,,
v3.1h-047,Spironolactone induced hyperkalemia,ADE,R3,SYNONYM,37539955,chunk-37539955-001,Interventions for chronic kidney disease in people with sickle cell disease.,Interventions for chronic kidney disease in people with sickle cell disease.,PENDING,,,PubMed_Central,,,
v3.1h-047,Spironolactone induced hyperkalemia,ADE,R3,SYNONYM,37715904,chunk-37715904-001,Associations of metal mixtures with thyroid function and potential interactions with iodine status: results from a cross-sectional study in MEWHC.,Associations of metal mixtures with thyroid function and potential interactions with iodine status: results from a cross-sectional study in MEWHC.,PENDING,,,PubMed_Central,,,
v3.1h-047,Spironolactone induced hyperkalemia,ADE,R3,SYNONYM,37746873,chunk-37746873-001,Longitudinal Trajectory of Opioid Prescribing and its Associated Serious Adverse Events: A Population-Wide Cohort Study in Taiwan.,Longitudinal Trajectory of Opioid Prescribing and its Associated Serious Adverse Events: A Population-Wide Cohort Study in Taiwan.,PENDING,,,PubMed_Central,,,
v3.1h-047,Spironolactone induced hyperkalemia,ADE,R3,SYNONYM,38006536,chunk-38006536-001,Clinical and Laboratory Factors Related to Seizure and Serotonin Toxicity in Tramadol Intoxication: An Egyptian Study.,Clinical and Laboratory Factors Related to Seizure and Serotonin Toxicity in Tramadol Intoxication: An Egyptian Study.,PENDING,,,PubMed_Central,,,
v3.1h-047,Spironolactone induced hyperkalemia,ADE,R3,SYNONYM,38053572,chunk-38053572-001,Nephroprotective effects of diminazene on doxorubicin-induced acute kidney injury in rats.,Nephroprotective effects of diminazene on doxorubicin-induced acute kidney injury in rats.,PENDING,,,PubMed_Central,,,
v3.1h-047,Spironolactone induced hyperkalemia,ADE,R3,SYNONYM,38374855,chunk-38374855-001,An Unusual Presentation of Cobblestone Esophagus From Bisphosphonate Use.,An Unusual Presentation of Cobblestone Esophagus From Bisphosphonate Use.,PENDING,,,PubMed_Central,,,
v3.1h-047,Spironolactone induced hyperkalemia,ADE,R3,SYNONYM,38676494,chunk-38676494-001,"A Review of the Association between Infections, Seizures, and Drugs.","A Review of the Association between Infections, Seizures, and Drugs.",PENDING,,,PubMed_Central,,,
v3.1h-047,Spironolactone induced hyperkalemia,ADE,R3,SYNONYM,38710058,chunk-38710058-001,"The Salutary Effects of Diminazene, Lisinopril or Valsartan on Cisplatin - Induced Acute Kidney Injury in Rats: A Comparative Study.","The Salutary Effects of Diminazene, Lisinopril or Valsartan on Cisplatin - Induced Acute Kidney Injury in Rats: A Comparative Study.",PENDING,,,PubMed_Central,,,
v3.1h-047,Spironolactone induced hyperkalemia,ADE,R3,SYNONYM,38758406,chunk-38758406-001,Screening for ferroptosis genes related to endometrial carcinoma and predicting of targeted drugs based on bioinformatics.,Screening for ferroptosis genes related to endometrial carcinoma and predicting of targeted drugs based on bioinformatics.,PENDING,,,PubMed_Central,,,
v3.1h-047,Spironolactone induced hyperkalemia,ADE,R3,SYNONYM,38832136,chunk-38832136-001,From pill to pain: Alendronate-induced esophageal injury-A case report and review.,From pill to pain: Alendronate-induced esophageal injury-A case report and review.,PENDING,,,PubMed_Central,,,
v3.1h-047,Spironolactone induced hyperkalemia,ADE,R3,SYNONYM,39074188,chunk-39074188-001,Sex Differences in Physiological Responses to a National Collegiate Athletic Association Division I Soccer Season.,Sex Differences in Physiological Responses to a National Collegiate Athletic Association Division I Soccer Season.,PENDING,,,PubMed_Central,,,
v3.1h-047,Spironolactone induced hyperkalemia,ADE,R3,SYNONYM,39114562,chunk-39114562-001,A network meta-analysis: evaluating the efficacy and safety of concurrent proton pump inhibitors and clopidogrel therapy in post-PCI patients.,A network meta-analysis: evaluating the efficacy and safety of concurrent proton pump inhibitors and clopidogrel therapy in post-PCI patients.,PENDING,,,PubMed_Central,,,
v3.1h-047,Spironolactone induced hyperkalemia,ADE,R3,SYNONYM,39430173,chunk-39430173-001,Prospective Trial on the Pharmacokinetics of Clopidogrel in Hemodialysis Patients.,Prospective Trial on the Pharmacokinetics of Clopidogrel in Hemodialysis Patients.,PENDING,,,PubMed_Central,,,
v3.1h-047,Spironolactone induced hyperkalemia,ADE,R3,SYNONYM,39817374,chunk-39817374-001,Delineating CYP2C19-mediated Interactions: Network Pharmacology Investigation of Ilaprazole and Clopidogrel versus Conventional Proton Pump Inhibitors.,Delineating CYP2C19-mediated Interactions: Network Pharmacology Investigation of Ilaprazole and Clopidogrel versus Conventional Proton Pump Inhibitors.,PENDING,,,PubMed_Central,,,
v3.1h-047,Spironolactone induced hyperkalemia,ADE,R3,SYNONYM,40149400,chunk-40149400-001,The Association Between Statin Drugs and Rhabdomyolysis: An Analysis of FDA Adverse Event Reporting System (FAERS) Data and Transcriptomic Profiles.,The Association Between Statin Drugs and Rhabdomyolysis: An Analysis of FDA Adverse Event Reporting System (FAERS) Data and Transcriptomic Profiles.,PENDING,,,PubMed_Central,,,
v3.1h-047,Spironolactone induced hyperkalemia,ADE,R3,SYNONYM,40198642,chunk-40198642-001,Impact of Ginkgo biloba drug interactions on bleeding risk and coagulation profiles: A comprehensive analysis.,Impact of Ginkgo biloba drug interactions on bleeding risk and coagulation profiles: A comprehensive analysis.,PENDING,,,PubMed_Central,,,
v3.1h-047,Spironolactone induced hyperkalemia,ADE,R3,SYNONYM,40242084,chunk-40242084-001,Tramadol use and risk of seizure: A report of two cases and a review of recent literature.,Tramadol use and risk of seizure: A report of two cases and a review of recent literature.,PENDING,,,PubMed_Central,,,
v3.1h-047,Spironolactone induced hyperkalemia,ADE,R3,SYNONYM,40272900,chunk-40272900-001,In vitro seizure risk assessment using a microelectrode array and comparison with an in vivo rat study.,In vitro seizure risk assessment using a microelectrode array and comparison with an in vivo rat study.,PENDING,,,PubMed_Central,,,
v3.1h-047,Spironolactone induced hyperkalemia,ADE,R3,SYNONYM,40289797,chunk-40289797-001,Association of Biomarkers With Intracerebral Hematoma Expansion and Arterial Thromboembolic Events in Patients With Acute Intracranial Hemorrhage: The ANNEXA-I Biomarker Substudy.,Association of Biomarkers With Intracerebral Hematoma Expansion and Arterial Thromboembolic Events in Patients With Acute Intracranial Hemorrhage: The ANNEXA-I Biomarker Substudy.,PENDING,,,PubMed_Central,,,
v3.1h-047,Spironolactone induced hyperkalemia,ADE,R3,SYNONYM,40357791,chunk-40357791-001,Antiplatelet-Proton Pump Inhibitor Interactions and Arterial Thrombotic Events: A Pharmacovigilance Assessment using Disproportionality and Interaction Analysis.,Antiplatelet-Proton Pump Inhibitor Interactions and Arterial Thrombotic Events: A Pharmacovigilance Assessment using Disproportionality and Interaction Analysis.,PENDING,,,PubMed_Central,,,
v3.1h-047,Spironolactone induced hyperkalemia,ADE,R3,SYNONYM,40406172,chunk-40406172-001,Digoxin for Fetal Tachyarrhythmia: Toxicity in an Underweight Mother.,Digoxin for Fetal Tachyarrhythmia: Toxicity in an Underweight Mother.,PENDING,,,PubMed_Central,,,
v3.1h-047,Spironolactone induced hyperkalemia,ADE,R3,SYNONYM,40618353,chunk-40618353-001,[Management of emergencies in direct oral anticoagulant-treated patients: practice pearls].,[Management of emergencies in direct oral anticoagulant-treated patients: practice pearls].,PENDING,,,PubMed_Central,,,
v3.1h-047,Spironolactone induced hyperkalemia,ADE,R3,SYNONYM,40685887,chunk-40685887-001,Efficacy and Safety of Clopidogrel With and Without a Proton Pump Inhibitor: A Systematic Review and Meta-Analysis.,Efficacy and Safety of Clopidogrel With and Without a Proton Pump Inhibitor: A Systematic Review and Meta-Analysis.,PENDING,,,PubMed_Central,,,
v3.1h-047,Spironolactone induced hyperkalemia,ADE,R3,SYNONYM,40749454,chunk-40749454-001,Drug-Related epileptic seizures and Age-Specific Differences: A Real-World study based on the FAERS database.,Drug-Related epileptic seizures and Age-Specific Differences: A Real-World study based on the FAERS database.,PENDING,,,PubMed_Central,,,
v3.1h-047,Spironolactone induced hyperkalemia,ADE,R3,SYNONYM,40771914,chunk-40771914-001,"Pharmacodynamics, pharmacokinetics, interactions with other drugs, toxicity and clinical effectiveness of proton pump inhibitors.","Pharmacodynamics, pharmacokinetics, interactions with other drugs, toxicity and clinical effectiveness of proton pump inhibitors.",PENDING,,,PubMed_Central,,,
v3.1h-047,Spironolactone induced hyperkalemia,ADE,R3,SYNONYM,40825054,chunk-40825054-001,"Analysis of hemorrhagic transformation and intracerebral hemorrhage under combination therapy with alteplase and antiplatelets or anticoagulants, using the Japanese Adverse Drug Event Report database.","Analysis of hemorrhagic transformation and intracerebral hemorrhage under combination therapy with alteplase and antiplatelets or anticoagulants, using the Japanese Adverse Drug Event Report database.",PENDING,,,PubMed_Central,,,
v3.1h-047,Spironolactone induced hyperkalemia,ADE,R3,SYNONYM,40828441,chunk-40828441-001,Oral anticoagulants-related bleeding: what happens in the emergency room? The Galeno study.,Oral anticoagulants-related bleeding: what happens in the emergency room? The Galeno study.,PENDING,,,PubMed_Central,,,
v3.1h-047,Spironolactone induced hyperkalemia,ADE,R3,SYNONYM,40845290,chunk-40845290-001,The Effects of a Semester of Preprofessional Dance Training on Biomarkers and Performance Variables in Elite Adolescent Ballet Dancers.,The Effects of a Semester of Preprofessional Dance Training on Biomarkers and Performance Variables in Elite Adolescent Ballet Dancers.,PENDING,,,PubMed_Central,,,
v3.1h-047,Spironolactone induced hyperkalemia,ADE,R3,SYNONYM,40881144,chunk-40881144-001,A Description of QT-Interval Prolonging Drug Interactions with Fluoroquinolones in Older Women with Uncomplicated Urinary Tract Infections.,A Description of QT-Interval Prolonging Drug Interactions with Fluoroquinolones in Older Women with Uncomplicated Urinary Tract Infections.,PENDING,,,PubMed_Central,,,
v3.1h-047,Spironolactone induced hyperkalemia,ADE,R3,SYNONYM,40910969,chunk-40910969-001,The Risk of Breakthrough Cardiac Events Associated With Psychiatric Medications in Patients With Diagnosed and Clinically Treated Long QT Syndrome.,The Risk of Breakthrough Cardiac Events Associated With Psychiatric Medications in Patients With Diagnosed and Clinically Treated Long QT Syndrome.,PENDING,,,PubMed_Central,,,
v3.1h-047,Spironolactone induced hyperkalemia,ADE,R3,SYNONYM,40915652,chunk-40915652-001,Nonsteroidal Anti-Inflammatory Drugs and Risk of Gastrointestinal Bleeding: A Systematic Review and Meta-Analysis.,Nonsteroidal Anti-Inflammatory Drugs and Risk of Gastrointestinal Bleeding: A Systematic Review and Meta-Analysis.,PENDING,,,PubMed_Central,,,
v3.1h-047,Spironolactone induced hyperkalemia,ADE,R3,SYNONYM,40978465,chunk-40978465-001,Abnormal Ca(2+) handling and reduced I(to) contribute to citalopram-induced QT prolongation and cardiac arrhythmias.,Abnormal Ca(2+) handling and reduced I(to) contribute to citalopram-induced QT prolongation and cardiac arrhythmias.,PENDING,,,PubMed_Central,,,
v3.1h-047,Spironolactone induced hyperkalemia,ADE,R3,SYNONYM,40988289,chunk-40988289-001,Drug-drug interactions: A descriptive analysis of FDA adverse event reporting system.,Drug-drug interactions: A descriptive analysis of FDA adverse event reporting system.,PENDING,,,PubMed_Central,,,
v3.1h-047,Spironolactone induced hyperkalemia,ADE,R3,SYNONYM,41004670,chunk-41004670-001,"Correlation Between Escitalopram, Sertraline, and Fluoxetine Serum Levels and QTc Interval Prolongation in Children and Adolescents.","Correlation Between Escitalopram, Sertraline, and Fluoxetine Serum Levels and QTc Interval Prolongation in Children and Adolescents.",PENDING,,,PubMed_Central,,,
v3.1h-047,Spironolactone induced hyperkalemia,ADE,R3,SYNONYM,41017291,chunk-41017291-001,Use of Drugs With Actionable Pharmacogenetic Biomarkers and Possible Prescribing Changes Among Older People.,Use of Drugs With Actionable Pharmacogenetic Biomarkers and Possible Prescribing Changes Among Older People.,PENDING,,,PubMed_Central,,,
v3.1h-047,Spironolactone induced hyperkalemia,ADE,R3,SYNONYM,41061201,chunk-41061201-001,Risk of Seizure Associated With Concomitant Use of Tramadol and Antidepressants in Older Nursing Home Residents.,Risk of Seizure Associated With Concomitant Use of Tramadol and Antidepressants in Older Nursing Home Residents.,PENDING,,,PubMed_Central,,,
v3.1h-047,Spironolactone induced hyperkalemia,ADE,R3,SYNONYM,41075377,chunk-41075377-001,Interpretation of the association between thyroid peroxidase antibodies and thyroid function during pregnancy: An individual participant data meta-analysis.,Interpretation of the association between thyroid peroxidase antibodies and thyroid function during pregnancy: An individual participant data meta-analysis.,PENDING,,,PubMed_Central,,,
v3.1h-047,Spironolactone induced hyperkalemia,ADE,R3,SYNONYM,41077316,chunk-41077316-001,Metabolic enzyme-mediated pharmacokinetic and pharmacodynamic interactions between Danshen Yin and clopidogrel in normal and acute myocardial infarction rats.,Metabolic enzyme-mediated pharmacokinetic and pharmacodynamic interactions between Danshen Yin and clopidogrel in normal and acute myocardial infarction rats.,PENDING,,,PubMed_Central,,,
v3.1h-047,Spironolactone induced hyperkalemia,ADE,R3,SYNONYM,41085374,chunk-41085374-001,Assessing Impact of Concomitant Use of Proton Pump Inhibitors and Clopidogrel on Incidence of Major Adverse Cardiovascular Events: A Retrospective Cohort Study.,Assessing Impact of Concomitant Use of Proton Pump Inhibitors and Clopidogrel on Incidence of Major Adverse Cardiovascular Events: A Retrospective Cohort Study.,PENDING,,,PubMed_Central,,,
v3.1h-047,Spironolactone induced hyperkalemia,ADE,R3,SYNONYM,41089323,chunk-41089323-001,Arrhythmic events pertinent with antidepressants: a Bayesian disproportional analysis mining the FDA Adverse Event Reporting System database.,Arrhythmic events pertinent with antidepressants: a Bayesian disproportional analysis mining the FDA Adverse Event Reporting System database.,PENDING,,,PubMed_Central,,,
v3.1h-047,Spironolactone induced hyperkalemia,ADE,R3,SYNONYM,41098965,chunk-41098965-001,Procoagulant off-target effect of the direct oral anticoagulant reversal agent Andexanet alfa.,Procoagulant off-target effect of the direct oral anticoagulant reversal agent Andexanet alfa.,PENDING,,,PubMed_Central,,,
v3.1h-047,Spironolactone induced hyperkalemia,ADE,R3,SYNONYM,41100334,chunk-41100334-001,Review of Safety and Efficacy of Polmacoxib: A Novel Dual Inhibitor of Cyclo-oxygenase 2 and Carbonic Anhydrase in Osteoarthritis and Acute Painful Conditions.,Review of Safety and Efficacy of Polmacoxib: A Novel Dual Inhibitor of Cyclo-oxygenase 2 and Carbonic Anhydrase in Osteoarthritis and Acute Painful Conditions.,PENDING,,,PubMed_Central,,,
v3.1h-047,Spironolactone induced hyperkalemia,ADE,R3,SYNONYM,41109285,chunk-41109285-001,Challenges in the treatment of hypothyroidism: malabsorption and pseudo-malabsorption of levothyroxine.,Challenges in the treatment of hypothyroidism: malabsorption and pseudo-malabsorption of levothyroxine.,PENDING,,,PubMed_Central,,,
v3.1h-047,Spironolactone induced hyperkalemia,ADE,R3,SYNONYM,41112691,chunk-41112691-001,"Risk Factors Associated with Thrombus Development Following Pharmacologic Anticoagulation Reversal with Coagulation Factor Xa [Recombinant], Inactivated-zhzo.","Risk Factors Associated with Thrombus Development Following Pharmacologic Anticoagulation Reversal with Coagulation Factor Xa [Recombinant], Inactivated-zhzo.",PENDING,,,PubMed_Central,,,
v3.1h-047,Spironolactone induced hyperkalemia,ADE,R3,SYNONYM,41141842,chunk-41141842-001,Andexanet alfa for the reversal of the low-molecular-weight heparin enoxaparin.,Andexanet alfa for the reversal of the low-molecular-weight heparin enoxaparin.,PENDING,,,PubMed_Central,,,
v3.1h-047,Spironolactone induced hyperkalemia,ADE,R3,SYNONYM,41158891,chunk-41158891-001,Seizures Following Single-Dose Intravenous Tramadol for Postsurgical Pain: A Report of Two Cases.,Seizures Following Single-Dose Intravenous Tramadol for Postsurgical Pain: A Report of Two Cases.,PENDING,,,PubMed_Central,,,
v3.1h-047,Spironolactone induced hyperkalemia,ADE,R3,SYNONYM,41177211,chunk-41177211-001,Biomedical pharmacology study on metformin and glucose (PMID 41177211),Metformin decreases hepatic glucose production and decreases intestinal absorption of glucose.,PENDING,,,PubMed_Central,,,
v3.1h-047,Spironolactone induced hyperkalemia,ADE,R3,SYNONYM,41225655,chunk-41225655-001,TNF-α inhibitor etanercept improves cerebrovascular function in elderly RA patients: findings from a randomized controlled trial.,TNF-α inhibitor etanercept improves cerebrovascular function in elderly RA patients: findings from a randomized controlled trial.,PENDING,,,PubMed_Central,,,
v3.1h-047,Spironolactone induced hyperkalemia,ADE,R3,SYNONYM,41266704,chunk-41266704-001,Andexanet Alfa in Emergency Cranial Neurosurgical Procedures: A Bicentric Analysis of Efficacy and Safety.,Andexanet Alfa in Emergency Cranial Neurosurgical Procedures: A Bicentric Analysis of Efficacy and Safety.,PENDING,,,PubMed_Central,,,
v3.1h-047,Spironolactone induced hyperkalemia,ADE,R3,SYNONYM,41278442,chunk-41278442-001,Pharmacological management of major complications following left ventricular assist device implantation in type 2 diabetes mellitus.,Pharmacological management of major complications following left ventricular assist device implantation in type 2 diabetes mellitus.,PENDING,,,PubMed_Central,,,
v3.1h-047,Spironolactone induced hyperkalemia,ADE,R3,SYNONYM,41323006,chunk-41323006-001,"Randomized, Double-Blind, Placebo-Controlled, Dose-Ranging Comparison of the Analgesic Efficacy and Safety of Intravenous Ketoprofen, Tramadol, and Morphine After Bony Impacted Mandibular Third Molar Surgery.","Randomized, Double-Blind, Placebo-Controlled, Dose-Ranging Comparison of the Analgesic Efficacy and Safety of Intravenous Ketoprofen, Tramadol, and Morphine After Bony Impacted Mandibular Third Molar Surgery.",PENDING,,,PubMed_Central,,,
v3.1h-047,Spironolactone induced hyperkalemia,ADE,R3,SYNONYM,41347947,chunk-41347947-001,"Navigating complementary and alternative medicine use, medication adherence, and herb-drug interaction risks among gout patients: a multicenter cross-sectional study in indonesia.","Navigating complementary and alternative medicine use, medication adherence, and herb-drug interaction risks among gout patients: a multicenter cross-sectional study in indonesia.",PENDING,,,PubMed_Central,,,
v3.1h-047,Spironolactone induced hyperkalemia,ADE,R3,SYNONYM,41397500,chunk-41397500-001,Exploring the link between antipsychotic and antidepressant use and severe QT prolongation: Impacts on ventricular arrhythmias and sudden cardiac death.,Exploring the link between antipsychotic and antidepressant use and severe QT prolongation: Impacts on ventricular arrhythmias and sudden cardiac death.,PENDING,,,PubMed_Central,,,
v3.1h-047,Spironolactone induced hyperkalemia,ADE,R3,SYNONYM,41406988,chunk-41406988-001,Trends and variation in the use of andexanet alfa for the reversal of direct oral anticoagulants in NHS trusts in England.,Trends and variation in the use of andexanet alfa for the reversal of direct oral anticoagulants in NHS trusts in England.,PENDING,,,PubMed_Central,,,
v3.1h-047,Spironolactone induced hyperkalemia,ADE,R3,SYNONYM,41428604,chunk-41428604-001,The Stability of Drugs Commonly Used in Intensive Care Units Co-Administered via Feeding Tube and Its Dependence on pH: An in vitro Study.,The Stability of Drugs Commonly Used in Intensive Care Units Co-Administered via Feeding Tube and Its Dependence on pH: An in vitro Study.,PENDING,,,PubMed_Central,,,
v3.1h-047,Spironolactone induced hyperkalemia,ADE,R3,SYNONYM,41452043,chunk-41452043-001,Rising Escitalopram Use in British Columbia: Is it Rational and Evidence-Informed?,Rising Escitalopram Use in British Columbia: Is it Rational and Evidence-Informed?,PENDING,,,PubMed_Central,,,
v3.1h-047,Spironolactone induced hyperkalemia,ADE,R3,SYNONYM,41459594,chunk-41459594-001,Degree of Cyclooxygenase-2 Inhibition Modulates Blood Pressure Response.,Degree of Cyclooxygenase-2 Inhibition Modulates Blood Pressure Response.,PENDING,,,PubMed_Central,,,
v3.1h-047,Spironolactone induced hyperkalemia,ADE,R3,SYNONYM,41463106,chunk-41463106-001,Reconsidering Digoxin in Atrial Fibrillation: From Historical Controversy to Physiologically Guided and Personalized Rate Control.,Reconsidering Digoxin in Atrial Fibrillation: From Historical Controversy to Physiologically Guided and Personalized Rate Control.,PENDING,,,PubMed_Central,,,
v3.1h-047,Spironolactone induced hyperkalemia,ADE,R3,SYNONYM,41489241,chunk-41489241-001,The role of a fixed combination of ibuprofen/paracetamol in the management of acute pain: an Italian expert narrative review.,The role of a fixed combination of ibuprofen/paracetamol in the management of acute pain: an Italian expert narrative review.,PENDING,,,PubMed_Central,,,
v3.1h-047,Spironolactone induced hyperkalemia,ADE,R3,SYNONYM,41496228,chunk-41496228-001,The impact of prenatal maternal-fetal metal levels and placental transfer efficiency of metals on neonatal thyroid function: The modulatory role of maternal vitamin D levels in pregnancy.,The impact of prenatal maternal-fetal metal levels and placental transfer efficiency of metals on neonatal thyroid function: The modulatory role of maternal vitamin D levels in pregnancy.,PENDING,,,PubMed_Central,,,
v3.1h-047,Spironolactone induced hyperkalemia,ADE,R3,SYNONYM,41733550,chunk-41733550-001,Cyclooxygenase-2 Inhibition and Anti-Platelet Aggregation Activity of Astaxanthin-Hydrogel in Comparison to Celecoxib Against Rheumatoid Arthritis in Wistar Rat Model.,Cyclooxygenase-2 Inhibition and Anti-Platelet Aggregation Activity of Astaxanthin-Hydrogel in Comparison to Celecoxib Against Rheumatoid Arthritis in Wistar Rat Model.,PENDING,,,PubMed_Central,,,
v3.1h-047,Spironolactone induced hyperkalemia,ADE,R3,SYNONYM,41748094,chunk-41748094-001,Heart Rate-Corrected QT Interval Dynamics Following Antidepressant Switching from Escitalopram to High-Dose Venlafaxine: Cardiac Safety Insights from the Early Medication Change Cohort.,Heart Rate-Corrected QT Interval Dynamics Following Antidepressant Switching from Escitalopram to High-Dose Venlafaxine: Cardiac Safety Insights from the Early Medication Change Cohort.,PENDING,,,PubMed_Central,,,
v3.1h-047,Spironolactone induced hyperkalemia,ADE,R3,SYNONYM,41754906,chunk-41754906-001,"An Overview of Anticoagulant Drugs Pharmacology, Therapeutic Approaches, Limitations and Perspectives.","An Overview of Anticoagulant Drugs Pharmacology, Therapeutic Approaches, Limitations and Perspectives.",PENDING,,,PubMed_Central,,,
v3.1h-047,Spironolactone induced hyperkalemia,ADE,R3,SYNONYM,41766537,chunk-41766537-001,Increased Risk of Ischemic Events in Patients With Stroke Treated With Clopidogrel and a P-CAB or PPI.,Increased Risk of Ischemic Events in Patients With Stroke Treated With Clopidogrel and a P-CAB or PPI.,PENDING,,,PubMed_Central,,,
v3.1h-047,Spironolactone induced hyperkalemia,ADE,R3,SYNONYM,41776019,chunk-41776019-001,Andexanet alfa Reduces Hematoma Expansion Following Controlled Cortical Impact in Mice Pretreated with Rivaroxaban.,Andexanet alfa Reduces Hematoma Expansion Following Controlled Cortical Impact in Mice Pretreated with Rivaroxaban.,PENDING,,,PubMed_Central,,,
v3.1h-047,Spironolactone induced hyperkalemia,ADE,R3,SYNONYM,41791695,chunk-41791695-001,"Harnessing the gut-heart axis for cardiovascular drug innovation: microbiome, metabolites, and personalized treatment strategies.","Harnessing the gut-heart axis for cardiovascular drug innovation: microbiome, metabolites, and personalized treatment strategies.",PENDING,,,PubMed_Central,,,
v3.1h-047,Spironolactone induced hyperkalemia,ADE,R3,SYNONYM,41808861,chunk-41808861-001,Network toxicology reveals key genes of amiodarone induced pulmonary fibrosis: based on machine learning and SHAP analysis.,Network toxicology reveals key genes of amiodarone induced pulmonary fibrosis: based on machine learning and SHAP analysis.,PENDING,,,PubMed_Central,,,
v3.1h-047,Spironolactone induced hyperkalemia,ADE,R3,SYNONYM,41811250,chunk-41811250-001,Influence of transporter polymorphisms on digoxin serum concentrations: a systematic review and meta-analysis.,Influence of transporter polymorphisms on digoxin serum concentrations: a systematic review and meta-analysis.,PENDING,,,PubMed_Central,,,
v3.1h-047,Spironolactone induced hyperkalemia,ADE,R3,SYNONYM,41818114,chunk-41818114-001,Dabigatran-induced Gastrointestinal Bleed Treated by 4-factor Prothrombin Complex Concentrate in a Tertiary Care Hospital in Sikkim.,Dabigatran-induced Gastrointestinal Bleed Treated by 4-factor Prothrombin Complex Concentrate in a Tertiary Care Hospital in Sikkim.,PENDING,,,PubMed_Central,,,
v3.1h-047,Spironolactone induced hyperkalemia,ADE,R3,SYNONYM,41828566,chunk-41828566-001,"Integrating Network Toxicology, Machine Learning, and Molecular Dynamics to Explore the Molecular Network of Triclosan-Induced Acute Myocardial Infarction.","Integrating Network Toxicology, Machine Learning, and Molecular Dynamics to Explore the Molecular Network of Triclosan-Induced Acute Myocardial Infarction.",PENDING,,,PubMed_Central,,,
v3.1h-047,Spironolactone induced hyperkalemia,ADE,R3,SYNONYM,41833262,chunk-41833262-001,Pearls and Pitfalls for the Emergency Clinician: Beta Blocker and Calcium Channel Blocker Toxicity.,Pearls and Pitfalls for the Emergency Clinician: Beta Blocker and Calcium Channel Blocker Toxicity.,PENDING,,,PubMed_Central,,,
v3.1h-047,Spironolactone induced hyperkalemia,ADE,R3,SYNONYM,41839242,chunk-41839242-001,ABI3BP protects against cerebral ischemia-reperfusion injury by preserving blood-brain barrier integrity and activating PI3K/Akt signaling.,ABI3BP protects against cerebral ischemia-reperfusion injury by preserving blood-brain barrier integrity and activating PI3K/Akt signaling.,PENDING,,,PubMed_Central,,,
v3.1h-047,Spironolactone induced hyperkalemia,ADE,R3,SYNONYM,41840835,chunk-41840835-001,Signal detection of drug-induced esophageal ulcer across 20 years of real-world study: Focus on 49 high-risk medicines.,Signal detection of drug-induced esophageal ulcer across 20 years of real-world study: Focus on 49 high-risk medicines.,PENDING,,,PubMed_Central,,,
v3.1h-047,Spironolactone induced hyperkalemia,ADE,R3,SYNONYM,41846702,chunk-41846702-001,Acute Myocardial Infarction Secondary to Triple Vessel Coronary Artery Disease in a 31-year-old Female with Systemic Lupus Erythematosus: Case Report and Review of Literature.,Acute Myocardial Infarction Secondary to Triple Vessel Coronary Artery Disease in a 31-year-old Female with Systemic Lupus Erythematosus: Case Report and Review of Literature.,PENDING,,,PubMed_Central,,,
v3.1h-047,Spironolactone induced hyperkalemia,ADE,R3,SYNONYM,41848246,chunk-41848246-001,[Nausea and dystonia in a woman with psychiatric illness].,[Nausea and dystonia in a woman with psychiatric illness].,PENDING,,,PubMed_Central,,,
v3.1h-047,Spironolactone induced hyperkalemia,ADE,R3,SYNONYM,41858685,chunk-41858685-001,Impact of nutrition education intervention on dietary intake among pregnant women with hypothyroidism - A randomized controlled trial.,Impact of nutrition education intervention on dietary intake among pregnant women with hypothyroidism - A randomized controlled trial.,PENDING,,,PubMed_Central,,,
v3.1h-047,Spironolactone induced hyperkalemia,ADE,R3,SYNONYM,41873481,chunk-41873481-001,Acceptance of recommendations by a pharmacogenetics clinic.,Acceptance of recommendations by a pharmacogenetics clinic.,PENDING,,,PubMed_Central,,,
v3.1h-047,Spironolactone induced hyperkalemia,ADE,R3,SYNONYM,41924710,chunk-41924710-001,"DXM, CYP2D6-inhibiting antidepressants, piracetam, and glutamine: proposing a ketamine-class antidepressant regimen with existing drugs.","DXM, CYP2D6-inhibiting antidepressants, piracetam, and glutamine: proposing a ketamine-class antidepressant regimen with existing drugs.",PENDING,,,PubMed_Central,,,
v3.1h-047,Spironolactone induced hyperkalemia,ADE,R3,SYNONYM,41976898,chunk-41976898-001,Anticoagulation Stewardship Program in the DOAC Era.,Anticoagulation Stewardship Program in the DOAC Era.,PENDING,,,PubMed_Central,,,
v3.1h-047,Spironolactone induced hyperkalemia,ADE,R3,SYNONYM,41977337,chunk-41977337-001,Pharmacological Management of Thrombosis: Current State and Future Strategies.,Pharmacological Management of Thrombosis: Current State and Future Strategies.,PENDING,,,PubMed_Central,,,
v3.1h-047,Spironolactone induced hyperkalemia,ADE,R3,SYNONYM,42005166,chunk-42005166-001,Inhibitor-Free Variant of the Cheung Regimen: Successful Adjunctive Therapy in Long-Standing Hypochondriasis With Prominent Somatic Features.,Inhibitor-Free Variant of the Cheung Regimen: Successful Adjunctive Therapy in Long-Standing Hypochondriasis With Prominent Somatic Features.,PENDING,,,PubMed_Central,,,
v3.1h-047,Spironolactone induced hyperkalemia,ADE,R3,SYNONYM,42007940,chunk-42007940-001,Acute pharmaceutical poisoning as a cause of seizure events: a database analysis (2011-2023).,Acute pharmaceutical poisoning as a cause of seizure events: a database analysis (2011-2023).,PENDING,,,PubMed_Central,,,
v3.1h-047,Spironolactone induced hyperkalemia,ADE,R3,SYNONYM,42034022,chunk-42034022-001,Lower dosing of Loxoprofen in type two diabetics with bone fractures/surgeries; Distinction from common NSAIDs.,Lower dosing of Loxoprofen in type two diabetics with bone fractures/surgeries; Distinction from common NSAIDs.,PENDING,,,PubMed_Central,,,
v3.1h-047,Spironolactone induced hyperkalemia,ADE,R3,SYNONYM,42045358,chunk-42045358-001,Prevalence of drug-induced interstitial lung disease in Saudi Arabia: a real-world data study.,Prevalence of drug-induced interstitial lung disease in Saudi Arabia: a real-world data study.,PENDING,,,PubMed_Central,,,
v3.1h-047,Spironolactone induced hyperkalemia,ADE,R3,SYNONYM,42055120,chunk-42055120-001,"Impact of Fluoxetine Brain Concentrations, Plasma Exposure, and Neurometabolism on Depressive and Anxiety Symptoms in Adolescents: A Multimodal Fluorine and Proton Magnetic Resonance Spectroscopy Study.","Impact of Fluoxetine Brain Concentrations, Plasma Exposure, and Neurometabolism on Depressive and Anxiety Symptoms in Adolescents: A Multimodal Fluorine and Proton Magnetic Resonance Spectroscopy Study.",PENDING,,,PubMed_Central,,,
v3.1h-047,Spironolactone induced hyperkalemia,ADE,R3,SYNONYM,42063765,chunk-42063765-001,Evaluation of community pharmacists' knowledge and real-world practices in drug interaction management: a cross-sectional study.,Evaluation of community pharmacists' knowledge and real-world practices in drug interaction management: a cross-sectional study.,PENDING,,,PubMed_Central,,,
v3.1h-047,Spironolactone induced hyperkalemia,ADE,R3,SYNONYM,42087312,chunk-42087312-001,Anticoagulation in Patients With Gastrointestinal Disease.,Anticoagulation in Patients With Gastrointestinal Disease.,PENDING,,,PubMed_Central,,,
v3.1h-047,Spironolactone induced hyperkalemia,ADE,R3,SYNONYM,42121128,chunk-42121128-001,Evaluation of drugs and risk factors requiring therapeutic drug monitoring in the Neonatal Intensive Care Unit: a retrospective study.,Evaluation of drugs and risk factors requiring therapeutic drug monitoring in the Neonatal Intensive Care Unit: a retrospective study.,PENDING,,,PubMed_Central,,,
v3.1h-047,Spironolactone induced hyperkalemia,ADE,R3,SYNONYM,42125454,chunk-42125454-001,Milnacipran continuation during pregnancy in a patient with severe post-traumatic stress disorder and psychotic depression: a case report with 3-year pediatric follow-up.,Milnacipran continuation during pregnancy in a patient with severe post-traumatic stress disorder and psychotic depression: a case report with 3-year pediatric follow-up.,PENDING,,,PubMed_Central,,,
v3.1h-047,Spironolactone induced hyperkalemia,ADE,R3,SYNONYM,42128628,chunk-42128628-001,Comparative efficacy and safety of apixaban and rivaroxaban versus warfarin in atrial fibrillation patients with end-stage renal disease: a systematic review and meta-analysis.,Comparative efficacy and safety of apixaban and rivaroxaban versus warfarin in atrial fibrillation patients with end-stage renal disease: a systematic review and meta-analysis.,PENDING,,,PubMed_Central,,,
v3.1h-047,Spironolactone induced hyperkalemia,ADE,R3,SYNONYM,42128899,chunk-42128899-001,Cilostazol mitigates amiodarone-induced pulmonary toxicity and fibrosis by regulating the cAMP/TGF-β1 pathway-mediated epithelial-to-mesenchymal transition in rats.,Cilostazol mitigates amiodarone-induced pulmonary toxicity and fibrosis by regulating the cAMP/TGF-β1 pathway-mediated epithelial-to-mesenchymal transition in rats.,PENDING,,,PubMed_Central,,,
v3.1h-047,Spironolactone induced hyperkalemia,ADE,R3,SYNONYM,42150307,chunk-42150307-001,Metabolomic signatures of SSRI exposure during neural differentiation and correlation of lysophosphatidylcholines with early symptoms of neurodevelopmental disorders.,Metabolomic signatures of SSRI exposure during neural differentiation and correlation of lysophosphatidylcholines with early symptoms of neurodevelopmental disorders.,PENDING,,,PubMed_Central,,,
v3.1h-047,Spironolactone induced hyperkalemia,ADE,R3,SYNONYM,42159622,chunk-42159622-001,The hidden impact of renal impairment on ribociclib exposure and co-medications: a case report.,The hidden impact of renal impairment on ribociclib exposure and co-medications: a case report.,PENDING,,,PubMed_Central,,,
v3.1h-047,Spironolactone induced hyperkalemia,ADE,R3,SYNONYM,42181774,chunk-42181774-001,Transient abnormal acylcarnitine profile in newborn screening mimicking multiple acyl-Coenzyme A dehydrogenase deficiency associated with maternal sertraline use.,Transient abnormal acylcarnitine profile in newborn screening mimicking multiple acyl-Coenzyme A dehydrogenase deficiency associated with maternal sertraline use.,PENDING,,,PubMed_Central,,,
v3.1h-047,Spironolactone induced hyperkalemia,ADE,R3,SYNONYM,42192153,chunk-42192153-001,Folic acid attenuates maternal sertraline-induced hepatic injury in rat offspring.,Folic acid attenuates maternal sertraline-induced hepatic injury in rat offspring.,PENDING,,,PubMed_Central,,,
v3.1h-047,Spironolactone induced hyperkalemia,ADE,R3,SYNONYM,42206096,chunk-42206096-001,"Anticoagulation associated intracerebral haemorrhage trends, treatment and outcomes in a metropolitan cohort: analysed by availability of specific versus non-specific reversal agents.","Anticoagulation associated intracerebral haemorrhage trends, treatment and outcomes in a metropolitan cohort: analysed by availability of specific versus non-specific reversal agents.",PENDING,,,PubMed_Central,,,
v3.1h-047,Spironolactone induced hyperkalemia,ADE,R3,SYNONYM,42216360,chunk-42216360-001,Real-world off-label apixaban dosing and clinical outcomes in patients with heart failure and end-stage kidney disease.,Real-world off-label apixaban dosing and clinical outcomes in patients with heart failure and end-stage kidney disease.,PENDING,,,PubMed_Central,,,
v3.1h-047,Spironolactone induced hyperkalemia,ADE,R3,SYNONYM,42238941,chunk-42238941-001,"A Cross-Sectional Study on Oral Anticoagulant Utilization and Adverse Drug Reactions at Teaching Hospital, Iran.","A Cross-Sectional Study on Oral Anticoagulant Utilization and Adverse Drug Reactions at Teaching Hospital, Iran.",PENDING,,,PubMed_Central,,,
v3.1h-047,Spironolactone induced hyperkalemia,ADE,R3,SYNONYM,42246839,chunk-42246839-001,Routine blood monitoring in acne vulgaris patients on isotretinoin: Is reassessment warranted? A retrospective cohort study from Tygerberg Hospital.,Routine blood monitoring in acne vulgaris patients on isotretinoin: Is reassessment warranted? A retrospective cohort study from Tygerberg Hospital.,PENDING,,,PubMed_Central,,,
v3.1h-047,Spironolactone induced hyperkalemia,ADE,R3,SYNONYM,42254302,chunk-42254302-001,Current Trends in NSAID Prescribing for Osteoarthritis and Axial Spondyloarthritis: Insights From Moroccan Rheumatologists Practices.,Current Trends in NSAID Prescribing for Osteoarthritis and Axial Spondyloarthritis: Insights From Moroccan Rheumatologists Practices.,PENDING,,,PubMed_Central,,,
v3.1h-047,Spironolactone induced hyperkalemia,ADE,R3,SYNONYM,42267072,chunk-42267072-001,A Case of Prolonged Serotonin Toxicity After Fluoxetine Ingestion in an Adolescent Patient.,A Case of Prolonged Serotonin Toxicity After Fluoxetine Ingestion in an Adolescent Patient.,PENDING,,,PubMed_Central,,,
v3.1h-047,Spironolactone induced hyperkalemia,ADE,R3,SYNONYM,42269153,chunk-42269153-001,Antidotes for Anticoagulation Reversal.,Antidotes for Anticoagulation Reversal.,PENDING,,,PubMed_Central,,,
v3.1h-047,Spironolactone induced hyperkalemia,ADE,R3,SYNONYM,42292838,chunk-42292838-001,Pharmacological pitfalls in inpatient lung transplant care and management of medication risks.,Pharmacological pitfalls in inpatient lung transplant care and management of medication risks.,PENDING,,,PubMed_Central,,,
v3.1h-047,Spironolactone induced hyperkalemia,ADE,R3,SYNONYM,42293737,chunk-42293737-001,A UK-wide analysis of the use of reversal agents in 198 patients on direct oral anticoagulants prior to urgent procedures.,A UK-wide analysis of the use of reversal agents in 198 patients on direct oral anticoagulants prior to urgent procedures.,PENDING,,,PubMed_Central,,,
v3.1h-047,Spironolactone induced hyperkalemia,ADE,R3,SYNONYM,42294746,chunk-42294746-001,[Which aldosterone antagonist? Choosing between sprionolactone and the novel drug finerenone].,[Which aldosterone antagonist? Choosing between sprionolactone and the novel drug finerenone].,PENDING,,,PubMed_Central,,,
v3.1h-047,Spironolactone induced hyperkalemia,ADE,R3,SYNONYM,42295720,chunk-42295720-001,Continuous alternate day vs intermittent daily fixed doses of oral isotretinoin in grade 2 acne vulgaris.,Continuous alternate day vs intermittent daily fixed doses of oral isotretinoin in grade 2 acne vulgaris.,PENDING,,,PubMed_Central,,,
v3.1h-047,Spironolactone induced hyperkalemia,ADE,R3,SYNONYM,42306636,chunk-42306636-001,Unexpected Improvement of Obsessive-Compulsive Disorder Symptoms Following the Mistaken Prescription of Clomiphene: A Novel Perspective on Hormonal Influences in OCD.,Unexpected Improvement of Obsessive-Compulsive Disorder Symptoms Following the Mistaken Prescription of Clomiphene: A Novel Perspective on Hormonal Influences in OCD.,PENDING,,,PubMed_Central,,,
v3.1h-047,Spironolactone induced hyperkalemia,ADE,R3,SYNONYM,42318218,chunk-42318218-001,A case report and literature review of proton pump inhibitors inducing insulin autoimmune syndrome.,A case report and literature review of proton pump inhibitors inducing insulin autoimmune syndrome.,PENDING,,,PubMed_Central,,,
v3.1h-047,Spironolactone induced hyperkalemia,ADE,R3,SYNONYM,42326111,chunk-42326111-001,Lascufloxacin-Induced QT Prolongation in an Elderly Patient Treated With Escitalopram: A Case Report.,Lascufloxacin-Induced QT Prolongation in an Elderly Patient Treated With Escitalopram: A Case Report.,PENDING,,,PubMed_Central,,,
v3.1h-047,Spironolactone induced hyperkalemia,ADE,R3,SYNONYM,42327596,chunk-42327596-001,Thrombosis and Survival after Prothrombin Complex Concentrate Use to treat Oral Anticoagulant Associated Haemorrhage.,Thrombosis and Survival after Prothrombin Complex Concentrate Use to treat Oral Anticoagulant Associated Haemorrhage.,PENDING,,,PubMed_Central,,,
v3.1h-047,Spironolactone induced hyperkalemia,ADE,R3,SYNONYM,42332214,chunk-42332214-001,Optimizing Amiodarone Maintenance Dose to Minimize N-Desethylamiodarone Accumulation and Pulmonary Toxicity: Insights from Machine Learning and Pharmacokinetic Simulation.,Optimizing Amiodarone Maintenance Dose to Minimize N-Desethylamiodarone Accumulation and Pulmonary Toxicity: Insights from Machine Learning and Pharmacokinetic Simulation.,PENDING,,,PubMed_Central,,,
v3.1h-047,Spironolactone induced hyperkalemia,ADE,R3,SYNONYM,42332506,chunk-42332506-001,Pachydermoperiostosis (Touraine-Solente-Gole syndrome): A case report and literature review.,Pachydermoperiostosis (Touraine-Solente-Gole syndrome): A case report and literature review.,PENDING,,,PubMed_Central,,,
v3.1h-047,Spironolactone induced hyperkalemia,ADE,R3,SYNONYM,42349978,chunk-42349978-001,New Agents for Acne Treatment and Updates to Isotretinoin Guidelines.,New Agents for Acne Treatment and Updates to Isotretinoin Guidelines.,PENDING,,,PubMed_Central,,,
v3.1h-047,Spironolactone induced hyperkalemia,ADE,R3,SYNONYM,42359186,chunk-42359186-001,Early-Onset Amiodarone Pulmonary Toxicity at a Standard Maintenance Dose Masquerading as Decompensated Heart Failure: A Case Report and Literature Review.,Early-Onset Amiodarone Pulmonary Toxicity at a Standard Maintenance Dose Masquerading as Decompensated Heart Failure: A Case Report and Literature Review.,PENDING,,,PubMed_Central,,,
v3.1h-047,Spironolactone induced hyperkalemia,ADE,R3,SYNONYM,42364820,chunk-42364820-001,Finerenone: a next-generation nonsteroidal mineralocorticoid receptor antagonist reshaping the management of cardiovascular and metabolic diseases.,Finerenone: a next-generation nonsteroidal mineralocorticoid receptor antagonist reshaping the management of cardiovascular and metabolic diseases.,PENDING,,,PubMed_Central,,,
v3.1h-047,Spironolactone induced hyperkalemia,ADE,R3,SYNONYM,42366387,chunk-42366387-001,Cannabidiol as an adjunct in refractory paroxysmal sympathetic hyperactivity following severe traumatic brain injury: a case report.,Cannabidiol as an adjunct in refractory paroxysmal sympathetic hyperactivity following severe traumatic brain injury: a case report.,PENDING,,,PubMed_Central,,,
v3.1h-047,Spironolactone induced hyperkalemia,ADE,R3,SYNONYM,42366486,chunk-42366486-001,Finerenone and Cardiorenal Outcomes: A Narrative Review.,Finerenone and Cardiorenal Outcomes: A Narrative Review.,PENDING,,,PubMed_Central,,,
v3.1h-047,Spironolactone induced hyperkalemia,ADE,R3,SYNONYM,42368238,chunk-42368238-001,"Optimized Oral Glutamatergic Augmentation in Refractory Home-Dominant Contamination Obsessive-Compulsive Disorder With Somatic, Affective, and Motivational Features: A Case Report of Incremental Functional Gains.","Optimized Oral Glutamatergic Augmentation in Refractory Home-Dominant Contamination Obsessive-Compulsive Disorder With Somatic, Affective, and Motivational Features: A Case Report of Incremental Functional Gains.",PENDING,,,PubMed_Central,,,
v3.1h-047,Spironolactone induced hyperkalemia,ADE,R3,SYNONYM,42371403,chunk-42371403-001,Does gabapentin add value to multimodal analgesia in thoracic surgery? A procedure-specific meta-analysis.,Does gabapentin add value to multimodal analgesia in thoracic surgery? A procedure-specific meta-analysis.,PENDING,,,PubMed_Central,,,
v3.1h-047,Spironolactone induced hyperkalemia,ADE,R3,SYNONYM,42374912,chunk-42374912-001,Risk of Hyperkalemia in Patients with Heart Failure Treated with Spironolactone in Combination with Sacubitril/Valsartan vs. Renin-Angiotensin System Inhibitors.,Risk of Hyperkalemia in Patients with Heart Failure Treated with Spironolactone in Combination with Sacubitril/Valsartan vs. Renin-Angiotensin System Inhibitors.,PENDING,,,PubMed_Central,,,
v3.1h-047,Spironolactone induced hyperkalemia,ADE,R3,SYNONYM,42394350,chunk-42394350-001,"The DOAC-FRAIL Study-Same Dose, Different Story: Prevalence of Deviant Direct Oral Anticoagulant Levels in Nursing Home Residents.","The DOAC-FRAIL Study-Same Dose, Different Story: Prevalence of Deviant Direct Oral Anticoagulant Levels in Nursing Home Residents.",PENDING,,,PubMed_Central,,,
v3.1h-047,Spironolactone induced hyperkalemia,ADE,R3,SYNONYM,42398817,chunk-42398817-001,Rediscovering digitalis in heart failure with reduced ejection fraction: Current evidence and expert survey on contemporary use.,Rediscovering digitalis in heart failure with reduced ejection fraction: Current evidence and expert survey on contemporary use.,PENDING,,,PubMed_Central,,,
v3.1h-047,Spironolactone induced hyperkalemia,ADE,R3,SYNONYM,42413824,chunk-42413824-001,Direct oral anticoagulant use and drug-drug interactions in transplant recipients receiving calcineurin inhibitors.,Direct oral anticoagulant use and drug-drug interactions in transplant recipients receiving calcineurin inhibitors.,PENDING,,,PubMed_Central,,,
v3.1h-047,Spironolactone induced hyperkalemia,ADE,R3,SYNONYM,42415794,chunk-42415794-001,Pharmacovigilance profiles of three generations of mineralocorticoid receptor antagonists and network toxicology analysis.,Pharmacovigilance profiles of three generations of mineralocorticoid receptor antagonists and network toxicology analysis.,PENDING,,,PubMed_Central,,,
v3.1h-047,Spironolactone induced hyperkalemia,ADE,R3,SYNONYM,42429832,chunk-42429832-001,Current perspectives on natural and pharmacological interventions for combating drug-induced pulmonary toxicity.,Current perspectives on natural and pharmacological interventions for combating drug-induced pulmonary toxicity.,PENDING,,,PubMed_Central,,,
v3.1h-047,Spironolactone induced hyperkalemia,ADE,R3,SYNONYM,42431357,chunk-42431357-001,"Oral use of anxiolytic, sedative, and anaesthetic medications in domestic cats (Felis catus): A scoping review.","Oral use of anxiolytic, sedative, and anaesthetic medications in domestic cats (Felis catus): A scoping review.",PENDING,,,PubMed_Central,,,
v3.1h-047,Spironolactone induced hyperkalemia,ADE,R3,SYNONYM,42436620,chunk-42436620-001,Research on drug interactions and efficacy optimization of combined medication for elderly patients with ischemic cerebrovascular disease in Guangxi Zhuang Autonomous Region.,Research on drug interactions and efficacy optimization of combined medication for elderly patients with ischemic cerebrovascular disease in Guangxi Zhuang Autonomous Region.,PENDING,,,PubMed_Central,,,
v3.1h-047,Spironolactone induced hyperkalemia,ADE,R3,SYNONYM,42437608,chunk-42437608-001,"Influence of prior administration of gabapentin and integrative practices on sedation scores, physiological parameters, and propofol requirement in cats sedated with dexmedetomidine.","Influence of prior administration of gabapentin and integrative practices on sedation scores, physiological parameters, and propofol requirement in cats sedated with dexmedetomidine.",PENDING,,,PubMed_Central,,,
v3.1h-047,Spironolactone induced hyperkalemia,ADE,R3,SYNONYM,42438486,chunk-42438486-001,"A first-in-human study evaluating safety, PK, and PD of a novel universal anticoagulant reversal agent, OKL-1111.","A first-in-human study evaluating safety, PK, and PD of a novel universal anticoagulant reversal agent, OKL-1111.",PENDING,,,PubMed_Central,,,
v3.1h-047,Spironolactone induced hyperkalemia,ADE,R3,SYNONYM,42438581,chunk-42438581-001,Unmasking Refractory Hypothyroidism: Persistent Iron-Levothyroxine Interaction Despite Appropriate Dose Separation.,Unmasking Refractory Hypothyroidism: Persistent Iron-Levothyroxine Interaction Despite Appropriate Dose Separation.,PENDING,,,PubMed_Central,,,
v3.1h-047,Spironolactone induced hyperkalemia,ADE,R3,SYNONYM,42448258,chunk-42448258-001,Anticoagulant Regimen for Nonvalvular Atrial Fibrillation in the Elderly and Frail Population.,Anticoagulant Regimen for Nonvalvular Atrial Fibrillation in the Elderly and Frail Population.,PENDING,,,PubMed_Central,,,
v3.1h-047,Spironolactone induced hyperkalemia,ADE,R3,SYNONYM,42458467,chunk-42458467-001,"Use of prescription medications potentially harmful during pregnancy among women of reproductive age by pregnancy status and contraceptive use in the United States, 2009-2020.","Use of prescription medications potentially harmful during pregnancy among women of reproductive age by pregnancy status and contraceptive use in the United States, 2009-2020.",PENDING,,,PubMed_Central,,,
v3.1h-047,Spironolactone induced hyperkalemia,ADE,R3,SYNONYM,42461919,chunk-42461919-001,Signal mining and analysis of adverse events associated with Isotretinoin: A 20-Year real-world pharmacovigilance study based on FAERS and EudraVigilance databases.,Signal mining and analysis of adverse events associated with Isotretinoin: A 20-Year real-world pharmacovigilance study based on FAERS and EudraVigilance databases.,PENDING,,,PubMed_Central,,,
v3.1h-047,Spironolactone induced hyperkalemia,ADE,R3,SYNONYM,42462752,chunk-42462752-001,Risk of fracture with gabapentinoid treatment in older adults: a multinational population-based study.,Risk of fracture with gabapentinoid treatment in older adults: a multinational population-based study.,PENDING,,,PubMed_Central,,,
v3.1h-047,Spironolactone induced hyperkalemia,ADE,R3,SYNONYM,42466914,chunk-42466914-001,Amiodarone-induced pulmonary toxicity: case series and review of clinical-radiological correlations.,Amiodarone-induced pulmonary toxicity: case series and review of clinical-radiological correlations.,PENDING,,,PubMed_Central,,,
v3.1h-047,Spironolactone induced hyperkalemia,ADE,R3,SYNONYM,42475421,chunk-42475421-001,"Vascular Endothelial Growth Factor Receptor 1-Blocking Antibody Improves Endothelial Structure, Kidney Function, and GFR in Diabetic Mice.","Vascular Endothelial Growth Factor Receptor 1-Blocking Antibody Improves Endothelial Structure, Kidney Function, and GFR in Diabetic Mice.",PENDING,,,PubMed_Central,,,
v3.1h-047,Spironolactone induced hyperkalemia,ADE,R3,SYNONYM,42481856,chunk-42481856-001,Integrating Clinical Evidence with PBPK Modeling to Assess PPI-Clopidogrel-CYP2C19 Interactions in Chinese ACS Patients.,Integrating Clinical Evidence with PBPK Modeling to Assess PPI-Clopidogrel-CYP2C19 Interactions in Chinese ACS Patients.,PENDING,,,PubMed_Central,,,
v3.1h-047,Spironolactone induced hyperkalemia,ADE,R3,SYNONYM,42483729,chunk-42483729-001,"Once-Nightly Pregabalin for Co-Occurring Nightmares, Poor Sleep, and Headaches: A Case Series.","Once-Nightly Pregabalin for Co-Occurring Nightmares, Poor Sleep, and Headaches: A Case Series.",PENDING,,,PubMed_Central,,,
v3.1h-047,Spironolactone induced hyperkalemia,ADE,R3,SYNONYM,42484991,chunk-42484991-001,Budget Impact of Eplerenone for Heart Failure with Reduced Ejection Fraction: National Perspective and Regional Implications in Italy.,Budget Impact of Eplerenone for Heart Failure with Reduced Ejection Fraction: National Perspective and Regional Implications in Italy.,PENDING,,,PubMed_Central,,,
v3.1h-047,Spironolactone induced hyperkalemia,ADE,R3,SYNONYM,42489609,chunk-42489609-001,Cilostazol-Induced Digoxin Toxicity Presenting as Accelerated Idioventricular Rhythm and Recurrent Syncope.,Cilostazol-Induced Digoxin Toxicity Presenting as Accelerated Idioventricular Rhythm and Recurrent Syncope.,PENDING,,,PubMed_Central,,,
v3.1h-047,Spironolactone induced hyperkalemia,ADE,R3,SYNONYM,42497636,chunk-42497636-001,Macrophage membrane camouflaged biomimetic nanomedicine for normalizing electrical dysfunction and inflammation pathology in atrial fibrillation.,Macrophage membrane camouflaged biomimetic nanomedicine for normalizing electrical dysfunction and inflammation pathology in atrial fibrillation.,PENDING,,,PubMed_Central,,,
v3.1h-047,Spironolactone induced hyperkalemia,ADE,R3,SYNONYM,42499456,chunk-42499456-001,"Association of Proximal Tubule Secretion With Hyperkalemia Risk, Treatment Response, and Outcomes in Heart Failure With Preserved Ejection Fraction.","Association of Proximal Tubule Secretion With Hyperkalemia Risk, Treatment Response, and Outcomes in Heart Failure With Preserved Ejection Fraction.",PENDING,,,PubMed_Central,,,
v3.1h-047,Spironolactone induced hyperkalemia,ADE,R3,SYNONYM,42515713,chunk-42515713-001,CYP2D6 Metabolizer Phenotype Is Associated with Early Antidepressant Discontinuation in the UK Biobank.,CYP2D6 Metabolizer Phenotype Is Associated with Early Antidepressant Discontinuation in the UK Biobank.,PENDING,,,PubMed_Central,,,
v3.1h-047,Spironolactone induced hyperkalemia,ADE,R3,SYNONYM,42522519,chunk-42522519-001,Examining the safety of dermatological and surgical procedures in patients undergoing systemic isotretinoin therapy: An updated review.,Examining the safety of dermatological and surgical procedures in patients undergoing systemic isotretinoin therapy: An updated review.,PENDING,,,PubMed_Central,,,
v3.1h-047,Spironolactone induced hyperkalemia,ADE,R3,SYNONYM,42527260,chunk-42527260-001,Gabapentin for Postoperative Analgesia in Cardiac Surgery via Sternotomy: A Systematic Review and Meta-Analysis of Randomized Controlled Trials.,Gabapentin for Postoperative Analgesia in Cardiac Surgery via Sternotomy: A Systematic Review and Meta-Analysis of Randomized Controlled Trials.,PENDING,,,PubMed_Central,,,
v3.1h-047,Spironolactone induced hyperkalemia,ADE,R3,SYNONYM,42528583,chunk-42528583-001,Amiodarone-induced granulomatous lung injury mimicking organizing pneumonia: a case report.,Amiodarone-induced granulomatous lung injury mimicking organizing pneumonia: a case report.,PENDING,,,PubMed_Central,,,
v3.1h-047,Spironolactone induced hyperkalemia,ADE,R3,SYNONYM,42546121,chunk-42546121-001,Direct Oral Anticoagulants for Atrial Fibrillation in Patients Receiving Hemodialysis: A Review and Discussion of Evidence.,Direct Oral Anticoagulants for Atrial Fibrillation in Patients Receiving Hemodialysis: A Review and Discussion of Evidence.,PENDING,,,PubMed_Central,,,
v3.1h-047,Spironolactone induced hyperkalemia,ADE,R3,SYNONYM,42558881,chunk-42558881-001,Drug-associated psoriasis: a pharmacovigilance study based on the FAERS database.,Drug-associated psoriasis: a pharmacovigilance study based on the FAERS database.,PENDING,,,PubMed_Central,,,
v3.1h-047,Spironolactone induced hyperkalemia,ADE,R3,SYNONYM,42571795,chunk-42571795-001,Mechanistic insights into cytochrome P450 inhibition by progesterone and its impact on fluoxetine pharmacokinetics.,Mechanistic insights into cytochrome P450 inhibition by progesterone and its impact on fluoxetine pharmacokinetics.,PENDING,,,PubMed_Central,,,
v3.1h-047,Spironolactone induced hyperkalemia,ADE,R3,SYNONYM,42573610,chunk-42573610-001,Paracetamol-induced hepatic injury following intentional self-poisoning: a case report and therapeutic considerations.,Paracetamol-induced hepatic injury following intentional self-poisoning: a case report and therapeutic considerations.,PENDING,,,PubMed_Central,,,
v3.1h-047,Spironolactone induced hyperkalemia,ADE,R3,SYNONYM,42580175,chunk-42580175-001,"Iodine excess in relation to decreased free thyroxine levels during pregnancy in an iodine-sufficient region, and potential interactions with iron and selenium.","Iodine excess in relation to decreased free thyroxine levels during pregnancy in an iodine-sufficient region, and potential interactions with iron and selenium.",PENDING,,,PubMed_Central,,,
v3.1h-047,Spironolactone induced hyperkalemia,ADE,R3,SYNONYM,42580545,chunk-42580545-001,Non-steroidal anti-inflammatory drugs and CYP2C9 - Impacts of genetics and phenoconversion on the risk of adverse effects.,Non-steroidal anti-inflammatory drugs and CYP2C9 - Impacts of genetics and phenoconversion on the risk of adverse effects.,PENDING,,,PubMed_Central,,,
v3.1h-047,Spironolactone induced hyperkalemia,ADE,R3,SYNONYM,42584699,chunk-42584699-001,"The ""obesity paradox"" in dosing: a comprehensive analytical review of cockcroft-gault versus CKD-EPI for predicting clearance of narrow-therapeutic-index drugs in patients with BMI > 40 kg/m².","The ""obesity paradox"" in dosing: a comprehensive analytical review of cockcroft-gault versus CKD-EPI for predicting clearance of narrow-therapeutic-index drugs in patients with BMI > 40 kg/m².",PENDING,,,PubMed_Central,,,
v3.1h-047,Spironolactone induced hyperkalemia,ADE,R3,SYNONYM,42586461,chunk-42586461-001,Pharmacogenomic and drug interactions risk in cardio-oncology: A precision medicine perspective for India.,Pharmacogenomic and drug interactions risk in cardio-oncology: A precision medicine perspective for India.,PENDING,,,PubMed_Central,,,
v3.1h-047,Spironolactone induced hyperkalemia,ADE,R3,SYNONYM,42587752,chunk-42587752-001,Rapid Volumetric Bioprinting Coupled with Dynamic Perfusion Enhances Human Hepatic Organoid Toxicity Testing.,Rapid Volumetric Bioprinting Coupled with Dynamic Perfusion Enhances Human Hepatic Organoid Toxicity Testing.,PENDING,,,PubMed_Central,,,
v3.1h-047,Spironolactone induced hyperkalemia,ADE,R3,SYNONYM,42590087,chunk-42590087-001,"Digoxin Dosing Errors, Drug Interactions and Off-Label Risks: Insights from an EudraVigilance Disproportionality Analysis.","Digoxin Dosing Errors, Drug Interactions and Off-Label Risks: Insights from an EudraVigilance Disproportionality Analysis.",PENDING,,,PubMed_Central,,,
v3.1h-047,Spironolactone induced hyperkalemia,ADE,R3,SYNONYM,42591558,chunk-42591558-001,Physiologically based pharmacokinetic modeling of fluconazole: interpretation of gender-dependent pharmacokinetics and cytochrome P450 inhibition.,Physiologically based pharmacokinetic modeling of fluconazole: interpretation of gender-dependent pharmacokinetics and cytochrome P450 inhibition.,PENDING,,,PubMed_Central,,,
v3.1h-047,Spironolactone induced hyperkalemia,ADE,R3,SYNONYM,42595037,chunk-42595037-001,Evidence for the Use of Steroidal Aldosterone Antagonists in Patients With Kidney Failure.,Evidence for the Use of Steroidal Aldosterone Antagonists in Patients With Kidney Failure.,PENDING,,,PubMed_Central,,,
v3.1h-047,Spironolactone induced hyperkalemia,ADE,R3,SYNONYM,42595240,chunk-42595240-001,Xenobiotic-Induced Liver Injury in the United States: A 25-Year Retrospective Analysis of National Poison Data System.,Xenobiotic-Induced Liver Injury in the United States: A 25-Year Retrospective Analysis of National Poison Data System.,PENDING,,,PubMed_Central,,,
v3.1h-047,Spironolactone induced hyperkalemia,ADE,R3,SYNONYM,42596979,chunk-42596979-001,Sertraline use in pregnancy and placental transfer: A pharmacokinetic prospective cohort study.,Sertraline use in pregnancy and placental transfer: A pharmacokinetic prospective cohort study.,PENDING,,,PubMed_Central,,,
v3.1h-047,Spironolactone induced hyperkalemia,ADE,R3,SYNONYM,42598366,chunk-42598366-001,"A 76-Year-Old Man With Hemorrhagic Stroke, Recurrent Thromboembolic Events, and Atrial Fibrillation Under Optimal Medical Treatment: When Anticoagulants Fail.","A 76-Year-Old Man With Hemorrhagic Stroke, Recurrent Thromboembolic Events, and Atrial Fibrillation Under Optimal Medical Treatment: When Anticoagulants Fail.",PENDING,,,PubMed_Central,,,
v3.1h-047,Spironolactone induced hyperkalemia,ADE,R3,SYNONYM,42603144,chunk-42603144-001,Differential Quantification of Cutibacterium acnes Phylotypes IA and IB/II on Healthy and Acne-Prone Human Skin.,Differential Quantification of Cutibacterium acnes Phylotypes IA and IB/II on Healthy and Acne-Prone Human Skin.,PENDING,,,PubMed_Central,,,
v3.1h-047,Spironolactone induced hyperkalemia,ADE,R3,SYNONYM,42610101,chunk-42610101-001,Nature's Poison Pill: A Case of Digoxin-Like Toxicity From the Seed of the Ornamental Plant Thevetia peruviana.,Nature's Poison Pill: A Case of Digoxin-Like Toxicity From the Seed of the Ornamental Plant Thevetia peruviana.,PENDING,,,PubMed_Central,,,
v3.1h-047,Spironolactone induced hyperkalemia,ADE,R3,SYNONYM,42618000,chunk-42618000-001,Pipamperone metabolism by various recombinant cytochrome preparations.,Pipamperone metabolism by various recombinant cytochrome preparations.,PENDING,,,PubMed_Central,,,
v3.1h-047,Spironolactone induced hyperkalemia,ADE,R3,SYNONYM,42621983,chunk-42621983-001,Mass-Forming NSAID-Associated Colopathy Mimicking Right-Sided Colon Cancer: A Case Report.,Mass-Forming NSAID-Associated Colopathy Mimicking Right-Sided Colon Cancer: A Case Report.,PENDING,,,PubMed_Central,,,
v3.1h-047,Spironolactone induced hyperkalemia,ADE,R3,SYNONYM,42622073,chunk-42622073-001,Assessment of Pharmacokinetic Interaction and Clinical Efficacy of Clopidogrel Co-administered with Ilaprazole.,Assessment of Pharmacokinetic Interaction and Clinical Efficacy of Clopidogrel Co-administered with Ilaprazole.,PENDING,,,PubMed_Central,,,
v3.1h-047,Spironolactone induced hyperkalemia,ADE,R3,SYNONYM,42628776,chunk-42628776-001,Differentiating hepatic and renal toxicity reveals CYP-independent mechanisms of acetaminophen-induced acute kidney injury.,Differentiating hepatic and renal toxicity reveals CYP-independent mechanisms of acetaminophen-induced acute kidney injury.,PENDING,,,PubMed_Central,,,
v3.1h-047,Spironolactone induced hyperkalemia,ADE,R3,SYNONYM,42628883,chunk-42628883-001,Effects of psychotropic medications on a placenta cell model: A functional study with BeWo cells.,Effects of psychotropic medications on a placenta cell model: A functional study with BeWo cells.,PENDING,,,PubMed_Central,,,
v3.1h-047,Spironolactone induced hyperkalemia,ADE,R3,SYNONYM,42630019,chunk-42630019-001,Pharmacogenomics in Dentistry: From CYP-Mediated Drug Response to Precision Prescribing in Oral Healthcare.,Pharmacogenomics in Dentistry: From CYP-Mediated Drug Response to Precision Prescribing in Oral Healthcare.,PENDING,,,PubMed_Central,,,
v3.1h-047,Spironolactone induced hyperkalemia,ADE,R3,SYNONYM,42631638,chunk-42631638-001,Diallyl trisulfide ameliorates acetaminophen-induced acute liver injury through the oxidative modification of CYP2E1 cysteine residues.,Diallyl trisulfide ameliorates acetaminophen-induced acute liver injury through the oxidative modification of CYP2E1 cysteine residues.,PENDING,,,PubMed_Central,,,
v3.1h-047,Spironolactone induced hyperkalemia,ADE,R3,SYNONYM,42631653,chunk-42631653-001,Application of Physiologically Based Pharmacokinetic Modeling to Optimize Assessment of Age-Related Fluoxetine Accumulation in the Elderly.,Application of Physiologically Based Pharmacokinetic Modeling to Optimize Assessment of Age-Related Fluoxetine Accumulation in the Elderly.,PENDING,,,PubMed_Central,,,
v3.1h-047,Spironolactone induced hyperkalemia,ADE,R3,SYNONYM,42632694,chunk-42632694-001,Oral co-delivery of quercetin and anthocyanins via dual-ligand nanoparticles alleviate obesity and associated metabolic disorders.,Oral co-delivery of quercetin and anthocyanins via dual-ligand nanoparticles alleviate obesity and associated metabolic disorders.,PENDING,,,PubMed_Central,,,
v3.1h-047,Spironolactone induced hyperkalemia,ADE,R3,SYNONYM,42633086,chunk-42633086-001,Nivolumab after recurrent pembrolizumab-associated hepatotoxicity in PD-L1-high metastatic squamous non-small cell lung cancer: a case report.,Nivolumab after recurrent pembrolizumab-associated hepatotoxicity in PD-L1-high metastatic squamous non-small cell lung cancer: a case report.,PENDING,,,PubMed_Central,,,
v3.1h-047,Spironolactone induced hyperkalemia,ADE,R3,SYNONYM,42636556,chunk-42636556-001,Multicenter Evaluation of Opioid Prescribing After Minimally Invasive Repair of Pectus Excavatum Before The 2024 American Academy of Pediatrics Guideline: Room to Improve.,Multicenter Evaluation of Opioid Prescribing After Minimally Invasive Repair of Pectus Excavatum Before The 2024 American Academy of Pediatrics Guideline: Room to Improve.,PENDING,,,PubMed_Central,,,
v3.1h-047,Spironolactone induced hyperkalemia,ADE,R3,SYNONYM,42636576,chunk-42636576-001,"Real-world variability and factors associated with individual low-density-lipoprotein cholesterol response to different doses of atorvastatin, rosuvastatin, and simvastatin in 28,647 Chinese patients.","Real-world variability and factors associated with individual low-density-lipoprotein cholesterol response to different doses of atorvastatin, rosuvastatin, and simvastatin in 28,647 Chinese patients.",PENDING,,,PubMed_Central,,,
v3.1h-047,Spironolactone induced hyperkalemia,ADE,R3,SYNONYM,42637515,chunk-42637515-001,An uncommon side effect of statins: perioral neuropathic symptoms.,An uncommon side effect of statins: perioral neuropathic symptoms.,PENDING,,,PubMed_Central,,,
v3.1h-047,Spironolactone induced hyperkalemia,ADE,R3,SYNONYM,42638417,chunk-42638417-001,The Bacterial Metabolite Lndole-3-Propionic Acid Alleviates Acetaminophen-Induced Acute Liver Injury Partly through the Aryl Hydrocarbon Receptor Pathway.,The Bacterial Metabolite Lndole-3-Propionic Acid Alleviates Acetaminophen-Induced Acute Liver Injury Partly through the Aryl Hydrocarbon Receptor Pathway.,PENDING,,,PubMed_Central,,,
v3.1h-047,Spironolactone induced hyperkalemia,ADE,R3,SYNONYM,42643702,chunk-42643702-001,Sex-Specific Safety Signals of Finerenone Versus Spironolactone: Insights From the FDA Adverse Event Reporting System.,Sex-Specific Safety Signals of Finerenone Versus Spironolactone: Insights From the FDA Adverse Event Reporting System.,PENDING,,,PubMed_Central,,,
v3.1h-047,Spironolactone induced hyperkalemia,ADE,R3,SYNONYM,42645604,chunk-42645604-001,"Berberine-associated lipid-inflammatory regulation in atherosclerosis: an integrative transcriptomic, single-cell, and in vivo study.","Berberine-associated lipid-inflammatory regulation in atherosclerosis: an integrative transcriptomic, single-cell, and in vivo study.",PENDING,,,PubMed_Central,,,
v3.1h-047,Spironolactone induced hyperkalemia,ADE,R3,SYNONYM,42647165,chunk-42647165-001,Pharmacotherapeutic considerations for the treatment of post-traumatic stress disorder during and after pregnancy: an update.,Pharmacotherapeutic considerations for the treatment of post-traumatic stress disorder during and after pregnancy: an update.,PENDING,,,PubMed_Central,,,
v3.1h-047,Spironolactone induced hyperkalemia,ADE,R3,SYNONYM,42647942,chunk-42647942-001,Use of Corrected QT Cutoffs Derived from Biological Variation to Predict Adverse Events Due to Antipsychotic Drugs: Case Report.,Use of Corrected QT Cutoffs Derived from Biological Variation to Predict Adverse Events Due to Antipsychotic Drugs: Case Report.,PENDING,,,PubMed_Central,,,
v3.1h-047,Spironolactone induced hyperkalemia,ADE,R3,SYNONYM,42652369,chunk-42652369-001,"Shifting Public Interest in Liver Health, Hepatotoxic Medications, and Dietary Supplements in Kazakhstan: A Five-Year Google Trends Infodemiology Study.","Shifting Public Interest in Liver Health, Hepatotoxic Medications, and Dietary Supplements in Kazakhstan: A Five-Year Google Trends Infodemiology Study.",PENDING,,,PubMed_Central,,,
v3.1h-047,Spironolactone induced hyperkalemia,ADE,R3,SYNONYM,42653071,chunk-42653071-001,Safety and Efficacy Assessment of Cannabis Plant Compared to Atorvastatin for Lipid Lowering in Diabetic and Obese Wistar Male Rats.,Safety and Efficacy Assessment of Cannabis Plant Compared to Atorvastatin for Lipid Lowering in Diabetic and Obese Wistar Male Rats.,PENDING,,,PubMed_Central,,,
v3.1h-047,Spironolactone induced hyperkalemia,ADE,R3,SYNONYM,42653173,chunk-42653173-001,Molecular Mechanisms of Acute Drug Toxicity in Polypharmacy: Analgesic-Psychotropic Interactions.,Molecular Mechanisms of Acute Drug Toxicity in Polypharmacy: Analgesic-Psychotropic Interactions.,PENDING,,,PubMed_Central,,,
v3.1h-047,Spironolactone induced hyperkalemia,ADE,R3,SYNONYM,42653808,chunk-42653808-001,"Berberine-Drug Interactions: Mechanisms, Clinical Relevance and Risk Stratification-A Narrative Review.","Berberine-Drug Interactions: Mechanisms, Clinical Relevance and Risk Stratification-A Narrative Review.",PENDING,,,PubMed_Central,,,
v3.1h-047,Spironolactone induced hyperkalemia,ADE,R3,SYNONYM,42654146,chunk-42654146-001,Moxifloxacin-Mediated Downregulation of Intestinal P-Glycoprotein Alters the Pharmacokinetics of Dabigatran Etexilate: Mechanistic Insights in Rats and PBPK Model-Informed Dose Optimization.,Moxifloxacin-Mediated Downregulation of Intestinal P-Glycoprotein Alters the Pharmacokinetics of Dabigatran Etexilate: Mechanistic Insights in Rats and PBPK Model-Informed Dose Optimization.,PENDING,,,PubMed_Central,,,
v3.1h-047,Spironolactone induced hyperkalemia,ADE,R3,SYNONYM,42654342,chunk-42654342-001,Therapeutic Potential of Anti-Obesity Drugs in Obesity-Associated Female Reproductive Dysfunction: Translating Mechanistic Evidence into Personalized Clinical Strategies.,Therapeutic Potential of Anti-Obesity Drugs in Obesity-Associated Female Reproductive Dysfunction: Translating Mechanistic Evidence into Personalized Clinical Strategies.,PENDING,,,PubMed_Central,,,
v3.1h-047,Spironolactone induced hyperkalemia,ADE,R3,SYNONYM,42658230,chunk-42658230-001,Supratherapeutic Digoxin Levels in Children with Cardiac Disease.,Supratherapeutic Digoxin Levels in Children with Cardiac Disease.,PENDING,,,PubMed_Central,,,
v3.1h-047,Spironolactone induced hyperkalemia,ADE,R3,SYNONYM,42660303,chunk-42660303-001,Cardioprotective effects of natural phytochemicals from traditional medicinal plants against doxorubicin-induced cardiotoxicity: A meta-analysis of preclinical studies.,Cardioprotective effects of natural phytochemicals from traditional medicinal plants against doxorubicin-induced cardiotoxicity: A meta-analysis of preclinical studies.,PENDING,,,PubMed_Central,,,
v3.1h-047,Spironolactone induced hyperkalemia,ADE,R3,SYNONYM,42661734,chunk-42661734-001,Sex-specific effects of resveratrol and metformin on mitochondrial function and inflammatory activation in a TNF-α-driven human iPSC-derived endothelial dysfunction model.,Sex-specific effects of resveratrol and metformin on mitochondrial function and inflammatory activation in a TNF-α-driven human iPSC-derived endothelial dysfunction model.,PENDING,,,PubMed_Central,,,
v3.1h-047,Spironolactone induced hyperkalemia,ADE,R3,SYNONYM,42662112,chunk-42662112-001,A Comparative Study to Evaluate the Renoprotective Effect of Antidiabetic Drugs in Patients With Type 2 Diabetes Mellitus.,A Comparative Study to Evaluate the Renoprotective Effect of Antidiabetic Drugs in Patients With Type 2 Diabetes Mellitus.,PENDING,,,PubMed_Central,,,
v3.1h-047,Spironolactone induced hyperkalemia,ADE,R3,SYNONYM,42662351,chunk-42662351-001,Sertraline-induced fetotoxicity in mice: Protective effects of vitamin E on foetal growth and organ histology.,Sertraline-induced fetotoxicity in mice: Protective effects of vitamin E on foetal growth and organ histology.,PENDING,,,PubMed_Central,,,
v3.1h-047,Spironolactone induced hyperkalemia,ADE,R3,SYNONYM,42662739,chunk-42662739-001,Transporter Interactions of Methoxyflavones and Their In Vivo Pharmacokinetic Implications.,Transporter Interactions of Methoxyflavones and Their In Vivo Pharmacokinetic Implications.,PENDING,,,PubMed_Central,,,
v3.1h-047,Spironolactone induced hyperkalemia,ADE,R3,SYNONYM,42662744,chunk-42662744-001,Perfluoroether Peptide-Modified Artificial Viral Capsid for Enhanced Doxorubicin Delivery to Liver Cancer Cells.,Perfluoroether Peptide-Modified Artificial Viral Capsid for Enhanced Doxorubicin Delivery to Liver Cancer Cells.,PENDING,,,PubMed_Central,,,
v3.1h-047,Spironolactone induced hyperkalemia,ADE,R3,SYNONYM,42662904,chunk-42662904-001,Early cardiac proteomic profiling in a long-latency doxorubicin cardiomyopathy model exhibits sexual dimorphism for cardioprotection.,Early cardiac proteomic profiling in a long-latency doxorubicin cardiomyopathy model exhibits sexual dimorphism for cardioprotection.,PENDING,,,PubMed_Central,,,
v3.1h-047,Spironolactone induced hyperkalemia,ADE,R3,SYNONYM,42663261,chunk-42663261-001,"Clinical outcomes of ""massive"" acetaminophen overdose treated with standard vs. augmented dose acetylcysteine.","Clinical outcomes of ""massive"" acetaminophen overdose treated with standard vs. augmented dose acetylcysteine.",PENDING,,,PubMed_Central,,,
v3.1h-047,Spironolactone induced hyperkalemia,ADE,R3,SYNONYM,42663921,chunk-42663921-001,Qishen Yiqi Dripping Pills ameliorate doxorubicin-induced cardiotoxicity: a study based on bioinformatics and experimental verification.,Qishen Yiqi Dripping Pills ameliorate doxorubicin-induced cardiotoxicity: a study based on bioinformatics and experimental verification.,PENDING,,,PubMed_Central,,,
v3.1h-047,Spironolactone induced hyperkalemia,ADE,R3,SYNONYM,42663925,chunk-42663925-001,Selective and Time-Dependent Alterations in Cytochrome P450 (CYP) Enzyme Activity and Expression by Major Phytocannabinoids.,Selective and Time-Dependent Alterations in Cytochrome P450 (CYP) Enzyme Activity and Expression by Major Phytocannabinoids.,PENDING,,,PubMed_Central,,,
v3.1h-047,Spironolactone induced hyperkalemia,ADE,R3,SYNONYM,42665114,chunk-42665114-001,Doxorubicin-induced Cardiotoxicity is Propagated by Paracrine Signaling through Small Extracellular Vesicles.,Doxorubicin-induced Cardiotoxicity is Propagated by Paracrine Signaling through Small Extracellular Vesicles.,PENDING,,,PubMed_Central,,,
v3.1h-047,Spironolactone induced hyperkalemia,ADE,R3,SYNONYM,42665174,chunk-42665174-001,Acetaminophen-induced developmental neurobehavioral and sensory organ toxicity in zebrafish.,Acetaminophen-induced developmental neurobehavioral and sensory organ toxicity in zebrafish.,PENDING,,,PubMed_Central,,,
v3.1h-047,Spironolactone induced hyperkalemia,ADE,R3,SYNONYM,42665888,chunk-42665888-001,"EXPRESS: Effect of oral gabapentin administered in-hospital on behavioral stress, compliance, and physiologic stress markers: a randomized, double-blind, placebo-controlled trial.","EXPRESS: Effect of oral gabapentin administered in-hospital on behavioral stress, compliance, and physiologic stress markers: a randomized, double-blind, placebo-controlled trial.",PENDING,,,PubMed_Central,,,
v3.1h-047,Spironolactone induced hyperkalemia,ADE,R3,SYNONYM,42666103,chunk-42666103-001,Clinical relevance of pharmacogenomic information for improving prescribing practices in acutely admitted older medical patients.,Clinical relevance of pharmacogenomic information for improving prescribing practices in acutely admitted older medical patients.,PENDING,,,PubMed_Central,,,
v3.1h-047,Spironolactone induced hyperkalemia,ADE,R3,SYNONYM,42666410,chunk-42666410-001,Preoperative Gabapentin in Pediatric Anterior Cruciate Ligament Reconstruction With Peripheral Nerve Blockade: A Retrospective Cohort Study.,Preoperative Gabapentin in Pediatric Anterior Cruciate Ligament Reconstruction With Peripheral Nerve Blockade: A Retrospective Cohort Study.,PENDING,,,PubMed_Central,,,
v3.1h-047,Spironolactone induced hyperkalemia,ADE,R3,SYNONYM,42667072,chunk-42667072-001,Unlocking the brain: Biodistribution insights into tween 80 nanoliposomes in healthy brains.,Unlocking the brain: Biodistribution insights into tween 80 nanoliposomes in healthy brains.,PENDING,,,PubMed_Central,,,
v3.1h-047,Spironolactone induced hyperkalemia,ADE,R3,SYNONYM,42667336,chunk-42667336-001,Atorvastatin Exerts Context-Dependent Metabolic and Beneficial Effects on Behavior and Apoptotic Signaling in a Cafeteria Diet-Induced Metabolic Dysfunction Model.,Atorvastatin Exerts Context-Dependent Metabolic and Beneficial Effects on Behavior and Apoptotic Signaling in a Cafeteria Diet-Induced Metabolic Dysfunction Model.,PENDING,,,PubMed_Central,,,
v3.1h-047,Spironolactone induced hyperkalemia,ADE,R3,SYNONYM,42667464,chunk-42667464-001,Schisandra chinensis polysaccharide attenuates diabetic islet cell injury by promoting autophagy via suppression of the PI3K/AKT/mTOR signaling cascade.,Schisandra chinensis polysaccharide attenuates diabetic islet cell injury by promoting autophagy via suppression of the PI3K/AKT/mTOR signaling cascade.,PENDING,,,PubMed_Central,,,
v3.1h-047,Spironolactone induced hyperkalemia,ADE,R3,SYNONYM,42667784,chunk-42667784-001,Mechanism of Gegen Qinlian Decoction in the treatment of diabetic cataract based on network pharmacology and experimental validation.,Mechanism of Gegen Qinlian Decoction in the treatment of diabetic cataract based on network pharmacology and experimental validation.,PENDING,,,PubMed_Central,,,
v3.1h-047,Spironolactone induced hyperkalemia,ADE,R3,SYNONYM,42669317,chunk-42669317-001,Ethical considerations in suspected isotretinoin nonadherence and/or diversion.,Ethical considerations in suspected isotretinoin nonadherence and/or diversion.,PENDING,,,PubMed_Central,,,
v3.1h-047,Spironolactone induced hyperkalemia,ADE,R3,SYNONYM,42670022,chunk-42670022-001,Apixaban Dose Selection in Kidney Failure: Reconciling Pharmacokinetics and Clinical Outcomes.,Apixaban Dose Selection in Kidney Failure: Reconciling Pharmacokinetics and Clinical Outcomes.,PENDING,,,PubMed_Central,,,
v3.1h-047,Spironolactone induced hyperkalemia,ADE,R3,SYNONYM,42670080,chunk-42670080-001,Anthracycline Cardiotoxicity: A Real-World Study Based on FDA Adverse Event Reporting System Database.,Anthracycline Cardiotoxicity: A Real-World Study Based on FDA Adverse Event Reporting System Database.,PENDING,,,PubMed_Central,,,
v3.1h-047,Spironolactone induced hyperkalemia,ADE,R3,SYNONYM,42670520,chunk-42670520-001,Younger Age is Associated with Treatment and Complication Outcomes Among Type 2 Diabetes Mellitus Patients in Kigali University Teaching Hospital.,Younger Age is Associated with Treatment and Complication Outcomes Among Type 2 Diabetes Mellitus Patients in Kigali University Teaching Hospital.,PENDING,,,PubMed_Central,,,
v3.1h-047,Spironolactone induced hyperkalemia,ADE,R3,SYNONYM,42670540,chunk-42670540-001,Mechanisms and the Role of p38 MAPK Signaling in Doxorubicin-Induced Cardiotoxicity: A Review.,Mechanisms and the Role of p38 MAPK Signaling in Doxorubicin-Induced Cardiotoxicity: A Review.,PENDING,,,PubMed_Central,,,
v3.1h-047,Spironolactone induced hyperkalemia,ADE,R3,SYNONYM,42670801,chunk-42670801-001,Therapeutic Potential of Nanocurcumin in Mitigating Duloxetine-Induced Hepatic Damage: Biochemical and Histopathological Insights.,Therapeutic Potential of Nanocurcumin in Mitigating Duloxetine-Induced Hepatic Damage: Biochemical and Histopathological Insights.,PENDING,,,PubMed_Central,,,
v3.1h-047,Spironolactone induced hyperkalemia,ADE,R3,SYNONYM,42671218,chunk-42671218-001,Protective Effects of Luteolin Against Cisplatin-Induced Hepatic and Renal Toxicity: Biochemical and Cellular Evidence.,Protective Effects of Luteolin Against Cisplatin-Induced Hepatic and Renal Toxicity: Biochemical and Cellular Evidence.,PENDING,,,PubMed_Central,,,
v3.1h-047,Spironolactone induced hyperkalemia,ADE,R3,SYNONYM,42674049,chunk-42674049-001,A Near-Infrared Fluorescent Probe for Imaging Nitroxyl Dynamics in Ferroptosis-Associated Drug-Induced Liver Injury.,A Near-Infrared Fluorescent Probe for Imaging Nitroxyl Dynamics in Ferroptosis-Associated Drug-Induced Liver Injury.,PENDING,,,PubMed_Central,,,
v3.1h-047,Spironolactone induced hyperkalemia,ADE,R3,SYNONYM,42674100,chunk-42674100-001,Drug Repurposing Signals for Abdominal Aortic Aneurysms.,Drug Repurposing Signals for Abdominal Aortic Aneurysms.,PENDING,,,PubMed_Central,,,
v3.1h-047,Spironolactone induced hyperkalemia,ADE,R3,SYNONYM,42675227,chunk-42675227-001,Stevioside promotes hepatocyte proliferation via YAP signaling in cholestatic disease.,Stevioside promotes hepatocyte proliferation via YAP signaling in cholestatic disease.,PENDING,,,PubMed_Central,,,
v3.1h-047,Spironolactone induced hyperkalemia,ADE,R3,SYNONYM,42675497,chunk-42675497-001,Delayed ischemic stroke ten days after aluminum phosphide ingestion in a previously healthy 21-year-old Ethiopian woman: a case report.,Delayed ischemic stroke ten days after aluminum phosphide ingestion in a previously healthy 21-year-old Ethiopian woman: a case report.,PENDING,,,PubMed_Central,,,
v3.1h-047,Spironolactone induced hyperkalemia,ADE,R3,SYNONYM,42675994,chunk-42675994-001,"An Adaptive, Time-Informed, Phenotype-Guided Pharmacological Framework for Severe Traumatic Brain Injury : A Hypothesis-Driven Narrative Review.","An Adaptive, Time-Informed, Phenotype-Guided Pharmacological Framework for Severe Traumatic Brain Injury : A Hypothesis-Driven Narrative Review.",PENDING,,,PubMed_Central,,,
v3.1h-047,Spironolactone induced hyperkalemia,ADE,R3,SYNONYM,42676526,chunk-42676526-001,Tricholoma matsutake polypeptide modulates cardiac metabolism and restores autophagic flux to mitigate doxorubicin-induced senescence.,Tricholoma matsutake polypeptide modulates cardiac metabolism and restores autophagic flux to mitigate doxorubicin-induced senescence.,PENDING,,,PubMed_Central,,,
v3.1h-047,Spironolactone induced hyperkalemia,ADE,R3,SYNONYM,42676937,chunk-42676937-001,Evaluation of acne vulgaris patient care in outpatient clinics: guideline adherence and patient education.,Evaluation of acne vulgaris patient care in outpatient clinics: guideline adherence and patient education.,PENDING,,,PubMed_Central,,,
v3.1h-047,Spironolactone induced hyperkalemia,ADE,R3,SYNONYM,42677064,chunk-42677064-001,Targeting Novel Pathways in Pulmonary Arterial Hypertension: A Systematic Review and Meta-Analysis of New Therapeutic Agents.,Targeting Novel Pathways in Pulmonary Arterial Hypertension: A Systematic Review and Meta-Analysis of New Therapeutic Agents.,PENDING,,,PubMed_Central,,,
v3.1h-047,Spironolactone induced hyperkalemia,ADE,R3,SYNONYM,42677606,chunk-42677606-001,Mitochondrial Unfolded Protein Response Regulates Copper-Induced Oxidative Stress via a Sirt3/FOXO3a Signaling Pathway in Chicken Hepatocytes.,Mitochondrial Unfolded Protein Response Regulates Copper-Induced Oxidative Stress via a Sirt3/FOXO3a Signaling Pathway in Chicken Hepatocytes.,PENDING,,,PubMed_Central,,,
v3.1h-047,Spironolactone induced hyperkalemia,ADE,R3,SYNONYM,42677663,chunk-42677663-001,Chronic BDE-47 Exposure Induces DNA Damage in Hepatocytes: Involvement of Oxidative Stress and CYP1A1/2 Upregulation.,Chronic BDE-47 Exposure Induces DNA Damage in Hepatocytes: Involvement of Oxidative Stress and CYP1A1/2 Upregulation.,PENDING,,,PubMed_Central,,,
v3.1h-047,Spironolactone induced hyperkalemia,ADE,R3,SYNONYM,42678094,chunk-42678094-001,Deciphering the Mechanisms of Statin-Ezetimibe Drug Combinations Using Boolean Logical Modeling and Transcriptomic Data.,Deciphering the Mechanisms of Statin-Ezetimibe Drug Combinations Using Boolean Logical Modeling and Transcriptomic Data.,PENDING,,,PubMed_Central,,,
v3.1h-047,Spironolactone induced hyperkalemia,ADE,R3,SYNONYM,42678242,chunk-42678242-001,Hepatoprotective effects of resolvin D1 in mice exposed to ethanol and galactosamine.,Hepatoprotective effects of resolvin D1 in mice exposed to ethanol and galactosamine.,PENDING,,,PubMed_Central,,,
v3.1h-047,Spironolactone induced hyperkalemia,ADE,R3,SYNONYM,42678243,chunk-42678243-001,MSCs overexpressing FGF21 alleviate acetaminophen-induced acute liver injury by eliciting macrophage-mediated phagocytosis.,MSCs overexpressing FGF21 alleviate acetaminophen-induced acute liver injury by eliciting macrophage-mediated phagocytosis.,PENDING,,,PubMed_Central,,,
v3.1h-047,Spironolactone induced hyperkalemia,ADE,R3,SYNONYM,42679743,chunk-42679743-001,Dual-response mitochondria-targeted fluorescent probe for Hypochlorous acid and viscosity: Applications in liver injury diagnosis and environmental monitoring.,Dual-response mitochondria-targeted fluorescent probe for Hypochlorous acid and viscosity: Applications in liver injury diagnosis and environmental monitoring.,PENDING,,,PubMed_Central,,,
v3.1h-047,Spironolactone induced hyperkalemia,ADE,R3,SYNONYM,42679829,chunk-42679829-001,"Adolescent health across Asia Pacific, 2000-23: a systematic analysis for the Global Burden of Disease Study 2023.","Adolescent health across Asia Pacific, 2000-23: a systematic analysis for the Global Burden of Disease Study 2023.",PENDING,,,PubMed_Central,,,
v3.1h-047,Spironolactone induced hyperkalemia,ADE,R3,SYNONYM,42680287,chunk-42680287-001,Lipid-lowering and hepatoprotective effects of Ocimum sanctum L. (Thai holy basil) flower against MASLD and liver inflammation in rats.,Lipid-lowering and hepatoprotective effects of Ocimum sanctum L. (Thai holy basil) flower against MASLD and liver inflammation in rats.,PENDING,,,PubMed_Central,,,
v3.1h-047,Spironolactone induced hyperkalemia,ADE,R3,SYNONYM,42681676,chunk-42681676-001,Targeting breast cancer stem cells by restoring RBM38 function: mechanism and protein delivery therapy.,Targeting breast cancer stem cells by restoring RBM38 function: mechanism and protein delivery therapy.,PENDING,,,PubMed_Central,,,
v3.1h-047,Spironolactone induced hyperkalemia,ADE,R3,SYNONYM,42682722,chunk-42682722-001,"PRO/CON debate: nonsteroidal versus steroidal mineralocorticoid receptor antagonists in chronic kidney disease: progress, pragmatism, and remaining uncertainties.","PRO/CON debate: nonsteroidal versus steroidal mineralocorticoid receptor antagonists in chronic kidney disease: progress, pragmatism, and remaining uncertainties.",PENDING,,,PubMed_Central,,,
v3.1h-066,Metformin contraindication in severe renal disease,Medication_Safety,R3,PARAPHRASE,27148747,chunk-27148747-001,"Alendronate Sodium as Enteric Coated Solid Lipid Nanoparticles; Preparation, Optimization, and In Vivo Evaluation to Enhance Its Oral Bioavailability.","Alendronate Sodium as Enteric Coated Solid Lipid Nanoparticles; Preparation, Optimization, and In Vivo Evaluation to Enhance Its Oral Bioavailability.",PENDING,,,PubMed_Central,,,
v3.1h-066,Metformin contraindication in severe renal disease,Medication_Safety,R3,PARAPHRASE,27956102,chunk-27956102-001,Pharyngolaryngeal ulcers associated with the improper use of alendronate.,Pharyngolaryngeal ulcers associated with the improper use of alendronate.,PENDING,,,PubMed_Central,,,
v3.1h-066,Metformin contraindication in severe renal disease,Medication_Safety,R3,PARAPHRASE,28520369,chunk-28520369-001,Celecoxib Therapy and CYP2C9 Genotype.,Celecoxib Therapy and CYP2C9 Genotype.,PENDING,,,PubMed_Central,,,
v3.1h-066,Metformin contraindication in severe renal disease,Medication_Safety,R3,PARAPHRASE,28520381,chunk-28520381-001,Metoprolol Therapy and CYP2D6 Genotype.,Metoprolol Therapy and CYP2D6 Genotype.,PENDING,,,PubMed_Central,,,
v3.1h-066,Metformin contraindication in severe renal disease,Medication_Safety,R3,PARAPHRASE,29262813,chunk-29262813-001,Renoprotective RAAS inhibition does not affect the association between worse renal function and higher plasma aldosterone levels.,Renoprotective RAAS inhibition does not affect the association between worse renal function and higher plasma aldosterone levels.,PENDING,,,PubMed_Central,,,
v3.1h-066,Metformin contraindication in severe renal disease,Medication_Safety,R3,PARAPHRASE,29856752,chunk-29856752-001,Quality by design approach to optimize the formulation variables influencing the characteristics of biodegradable intramuscular in-situ gel loaded with alendronate sodium for osteoporosis.,Quality by design approach to optimize the formulation variables influencing the characteristics of biodegradable intramuscular in-situ gel loaded with alendronate sodium for osteoporosis.,PENDING,,,PubMed_Central,,,
v3.1h-066,Metformin contraindication in severe renal disease,Medication_Safety,R3,PARAPHRASE,30422511,chunk-30422511-001,Vitamin A Toxicity.,Vitamin A Toxicity.,PENDING,,,PubMed_Central,,,
v3.1h-066,Metformin contraindication in severe renal disease,Medication_Safety,R3,PARAPHRASE,30626809,chunk-30626809-001,Symptoms and Upper Gastrointestinal Mucosal Injury Associated with Bisphosphonate Therapy.,Symptoms and Upper Gastrointestinal Mucosal Injury Associated with Bisphosphonate Therapy.,PENDING,,,PubMed_Central,,,
v3.1h-066,Metformin contraindication in severe renal disease,Medication_Safety,R3,PARAPHRASE,31583609,chunk-31583609-001,Physiologically Based Pharmacokinetic Modelling to Identify Pharmacokinetic Parameters Driving Drug Exposure Changes in the Elderly.,Physiologically Based Pharmacokinetic Modelling to Identify Pharmacokinetic Parameters Driving Drug Exposure Changes in the Elderly.,PENDING,,,PubMed_Central,,,
v3.1h-066,Metformin contraindication in severe renal disease,Medication_Safety,R3,PARAPHRASE,32666144,chunk-32666144-001,Upper gastrointestinal safety of oral bisphosphonate in hospitalized patients.,Upper gastrointestinal safety of oral bisphosphonate in hospitalized patients.,PENDING,,,PubMed_Central,,,
v3.1h-066,Metformin contraindication in severe renal disease,Medication_Safety,R3,PARAPHRASE,32699722,chunk-32699722-001,Metformin Associated Lactic Acidosis in the Intensive Care Unit: A Rare Condition Mimicking Sepsis.,Metformin Associated Lactic Acidosis in the Intensive Care Unit: A Rare Condition Mimicking Sepsis.,PENDING,,,PubMed_Central,,,
v3.1h-066,Metformin contraindication in severe renal disease,Medication_Safety,R3,PARAPHRASE,33048477,chunk-33048477-001,Impact of Green Tea Catechin Ingestion on the Pharmacokinetics of Lisinopril in Healthy Volunteers.,Impact of Green Tea Catechin Ingestion on the Pharmacokinetics of Lisinopril in Healthy Volunteers.,PENDING,,,PubMed_Central,,,
v3.1h-066,Metformin contraindication in severe renal disease,Medication_Safety,R3,PARAPHRASE,33777146,chunk-33777146-001,Severe Oral Mucosal Ulceration Associated with Oral Bisphosphonate Use: The Importance of Imparting Proper Instructions on Medication Administration and Intake.,Severe Oral Mucosal Ulceration Associated with Oral Bisphosphonate Use: The Importance of Imparting Proper Instructions on Medication Administration and Intake.,PENDING,,,PubMed_Central,,,
v3.1h-066,Metformin contraindication in severe renal disease,Medication_Safety,R3,PARAPHRASE,33986677,chunk-33986677-001,"Radiation Increases Bioavailability of Lisinopril, a Mitigator of Radiation-Induced Toxicities.","Radiation Increases Bioavailability of Lisinopril, a Mitigator of Radiation-Induced Toxicities.",PENDING,,,PubMed_Central,,,
v3.1h-066,Metformin contraindication in severe renal disease,Medication_Safety,R3,PARAPHRASE,34258506,chunk-34258506-001,A Prospective Open-Label Observational Study of a Buffered Soluble 70 mg Alendronate Effervescent Tablet on Upper Gastrointestinal Safety and Medication Errors: The GastroPASS Study.,A Prospective Open-Label Observational Study of a Buffered Soluble 70 mg Alendronate Effervescent Tablet on Upper Gastrointestinal Safety and Medication Errors: The GastroPASS Study.,PENDING,,,PubMed_Central,,,
v3.1h-066,Metformin contraindication in severe renal disease,Medication_Safety,R3,PARAPHRASE,36300543,chunk-36300543-001,"The effect of diminazene, an angiotensin-converting enzyme 2 activator, on adenine-induced chronic kidney disease in rats.","The effect of diminazene, an angiotensin-converting enzyme 2 activator, on adenine-induced chronic kidney disease in rats.",PENDING,,,PubMed_Central,,,
v3.1h-066,Metformin contraindication in severe renal disease,Medication_Safety,R3,PARAPHRASE,37539955,chunk-37539955-001,Interventions for chronic kidney disease in people with sickle cell disease.,Interventions for chronic kidney disease in people with sickle cell disease.,PENDING,,,PubMed_Central,,,
v3.1h-066,Metformin contraindication in severe renal disease,Medication_Safety,R3,PARAPHRASE,37715904,chunk-37715904-001,Associations of metal mixtures with thyroid function and potential interactions with iodine status: results from a cross-sectional study in MEWHC.,Associations of metal mixtures with thyroid function and potential interactions with iodine status: results from a cross-sectional study in MEWHC.,PENDING,,,PubMed_Central,,,
v3.1h-066,Metformin contraindication in severe renal disease,Medication_Safety,R3,PARAPHRASE,37746873,chunk-37746873-001,Longitudinal Trajectory of Opioid Prescribing and its Associated Serious Adverse Events: A Population-Wide Cohort Study in Taiwan.,Longitudinal Trajectory of Opioid Prescribing and its Associated Serious Adverse Events: A Population-Wide Cohort Study in Taiwan.,PENDING,,,PubMed_Central,,,
v3.1h-066,Metformin contraindication in severe renal disease,Medication_Safety,R3,PARAPHRASE,38006536,chunk-38006536-001,Clinical and Laboratory Factors Related to Seizure and Serotonin Toxicity in Tramadol Intoxication: An Egyptian Study.,Clinical and Laboratory Factors Related to Seizure and Serotonin Toxicity in Tramadol Intoxication: An Egyptian Study.,PENDING,,,PubMed_Central,,,
v3.1h-066,Metformin contraindication in severe renal disease,Medication_Safety,R3,PARAPHRASE,38053572,chunk-38053572-001,Nephroprotective effects of diminazene on doxorubicin-induced acute kidney injury in rats.,Nephroprotective effects of diminazene on doxorubicin-induced acute kidney injury in rats.,PENDING,,,PubMed_Central,,,
v3.1h-066,Metformin contraindication in severe renal disease,Medication_Safety,R3,PARAPHRASE,38374855,chunk-38374855-001,An Unusual Presentation of Cobblestone Esophagus From Bisphosphonate Use.,An Unusual Presentation of Cobblestone Esophagus From Bisphosphonate Use.,PENDING,,,PubMed_Central,,,
v3.1h-066,Metformin contraindication in severe renal disease,Medication_Safety,R3,PARAPHRASE,38676494,chunk-38676494-001,"A Review of the Association between Infections, Seizures, and Drugs.","A Review of the Association between Infections, Seizures, and Drugs.",PENDING,,,PubMed_Central,,,
v3.1h-066,Metformin contraindication in severe renal disease,Medication_Safety,R3,PARAPHRASE,38710058,chunk-38710058-001,"The Salutary Effects of Diminazene, Lisinopril or Valsartan on Cisplatin - Induced Acute Kidney Injury in Rats: A Comparative Study.","The Salutary Effects of Diminazene, Lisinopril or Valsartan on Cisplatin - Induced Acute Kidney Injury in Rats: A Comparative Study.",PENDING,,,PubMed_Central,,,
v3.1h-066,Metformin contraindication in severe renal disease,Medication_Safety,R3,PARAPHRASE,38758406,chunk-38758406-001,Screening for ferroptosis genes related to endometrial carcinoma and predicting of targeted drugs based on bioinformatics.,Screening for ferroptosis genes related to endometrial carcinoma and predicting of targeted drugs based on bioinformatics.,PENDING,,,PubMed_Central,,,
v3.1h-066,Metformin contraindication in severe renal disease,Medication_Safety,R3,PARAPHRASE,38832136,chunk-38832136-001,From pill to pain: Alendronate-induced esophageal injury-A case report and review.,From pill to pain: Alendronate-induced esophageal injury-A case report and review.,PENDING,,,PubMed_Central,,,
v3.1h-066,Metformin contraindication in severe renal disease,Medication_Safety,R3,PARAPHRASE,39074188,chunk-39074188-001,Sex Differences in Physiological Responses to a National Collegiate Athletic Association Division I Soccer Season.,Sex Differences in Physiological Responses to a National Collegiate Athletic Association Division I Soccer Season.,PENDING,,,PubMed_Central,,,
v3.1h-066,Metformin contraindication in severe renal disease,Medication_Safety,R3,PARAPHRASE,39114562,chunk-39114562-001,A network meta-analysis: evaluating the efficacy and safety of concurrent proton pump inhibitors and clopidogrel therapy in post-PCI patients.,A network meta-analysis: evaluating the efficacy and safety of concurrent proton pump inhibitors and clopidogrel therapy in post-PCI patients.,PENDING,,,PubMed_Central,,,
v3.1h-066,Metformin contraindication in severe renal disease,Medication_Safety,R3,PARAPHRASE,39430173,chunk-39430173-001,Prospective Trial on the Pharmacokinetics of Clopidogrel in Hemodialysis Patients.,Prospective Trial on the Pharmacokinetics of Clopidogrel in Hemodialysis Patients.,PENDING,,,PubMed_Central,,,
v3.1h-066,Metformin contraindication in severe renal disease,Medication_Safety,R3,PARAPHRASE,39817374,chunk-39817374-001,Delineating CYP2C19-mediated Interactions: Network Pharmacology Investigation of Ilaprazole and Clopidogrel versus Conventional Proton Pump Inhibitors.,Delineating CYP2C19-mediated Interactions: Network Pharmacology Investigation of Ilaprazole and Clopidogrel versus Conventional Proton Pump Inhibitors.,PENDING,,,PubMed_Central,,,
v3.1h-066,Metformin contraindication in severe renal disease,Medication_Safety,R3,PARAPHRASE,40149400,chunk-40149400-001,The Association Between Statin Drugs and Rhabdomyolysis: An Analysis of FDA Adverse Event Reporting System (FAERS) Data and Transcriptomic Profiles.,The Association Between Statin Drugs and Rhabdomyolysis: An Analysis of FDA Adverse Event Reporting System (FAERS) Data and Transcriptomic Profiles.,PENDING,,,PubMed_Central,,,
v3.1h-066,Metformin contraindication in severe renal disease,Medication_Safety,R3,PARAPHRASE,40198642,chunk-40198642-001,Impact of Ginkgo biloba drug interactions on bleeding risk and coagulation profiles: A comprehensive analysis.,Impact of Ginkgo biloba drug interactions on bleeding risk and coagulation profiles: A comprehensive analysis.,PENDING,,,PubMed_Central,,,
v3.1h-066,Metformin contraindication in severe renal disease,Medication_Safety,R3,PARAPHRASE,40242084,chunk-40242084-001,Tramadol use and risk of seizure: A report of two cases and a review of recent literature.,Tramadol use and risk of seizure: A report of two cases and a review of recent literature.,PENDING,,,PubMed_Central,,,
v3.1h-066,Metformin contraindication in severe renal disease,Medication_Safety,R3,PARAPHRASE,40272900,chunk-40272900-001,In vitro seizure risk assessment using a microelectrode array and comparison with an in vivo rat study.,In vitro seizure risk assessment using a microelectrode array and comparison with an in vivo rat study.,PENDING,,,PubMed_Central,,,
v3.1h-066,Metformin contraindication in severe renal disease,Medication_Safety,R3,PARAPHRASE,40289797,chunk-40289797-001,Association of Biomarkers With Intracerebral Hematoma Expansion and Arterial Thromboembolic Events in Patients With Acute Intracranial Hemorrhage: The ANNEXA-I Biomarker Substudy.,Association of Biomarkers With Intracerebral Hematoma Expansion and Arterial Thromboembolic Events in Patients With Acute Intracranial Hemorrhage: The ANNEXA-I Biomarker Substudy.,PENDING,,,PubMed_Central,,,
v3.1h-066,Metformin contraindication in severe renal disease,Medication_Safety,R3,PARAPHRASE,40357791,chunk-40357791-001,Antiplatelet-Proton Pump Inhibitor Interactions and Arterial Thrombotic Events: A Pharmacovigilance Assessment using Disproportionality and Interaction Analysis.,Antiplatelet-Proton Pump Inhibitor Interactions and Arterial Thrombotic Events: A Pharmacovigilance Assessment using Disproportionality and Interaction Analysis.,PENDING,,,PubMed_Central,,,
v3.1h-066,Metformin contraindication in severe renal disease,Medication_Safety,R3,PARAPHRASE,40406172,chunk-40406172-001,Digoxin for Fetal Tachyarrhythmia: Toxicity in an Underweight Mother.,Digoxin for Fetal Tachyarrhythmia: Toxicity in an Underweight Mother.,PENDING,,,PubMed_Central,,,
v3.1h-066,Metformin contraindication in severe renal disease,Medication_Safety,R3,PARAPHRASE,40618353,chunk-40618353-001,[Management of emergencies in direct oral anticoagulant-treated patients: practice pearls].,[Management of emergencies in direct oral anticoagulant-treated patients: practice pearls].,PENDING,,,PubMed_Central,,,
v3.1h-066,Metformin contraindication in severe renal disease,Medication_Safety,R3,PARAPHRASE,40685887,chunk-40685887-001,Efficacy and Safety of Clopidogrel With and Without a Proton Pump Inhibitor: A Systematic Review and Meta-Analysis.,Efficacy and Safety of Clopidogrel With and Without a Proton Pump Inhibitor: A Systematic Review and Meta-Analysis.,PENDING,,,PubMed_Central,,,
v3.1h-066,Metformin contraindication in severe renal disease,Medication_Safety,R3,PARAPHRASE,40749454,chunk-40749454-001,Drug-Related epileptic seizures and Age-Specific Differences: A Real-World study based on the FAERS database.,Drug-Related epileptic seizures and Age-Specific Differences: A Real-World study based on the FAERS database.,PENDING,,,PubMed_Central,,,
v3.1h-066,Metformin contraindication in severe renal disease,Medication_Safety,R3,PARAPHRASE,40771914,chunk-40771914-001,"Pharmacodynamics, pharmacokinetics, interactions with other drugs, toxicity and clinical effectiveness of proton pump inhibitors.","Pharmacodynamics, pharmacokinetics, interactions with other drugs, toxicity and clinical effectiveness of proton pump inhibitors.",PENDING,,,PubMed_Central,,,
v3.1h-066,Metformin contraindication in severe renal disease,Medication_Safety,R3,PARAPHRASE,40825054,chunk-40825054-001,"Analysis of hemorrhagic transformation and intracerebral hemorrhage under combination therapy with alteplase and antiplatelets or anticoagulants, using the Japanese Adverse Drug Event Report database.","Analysis of hemorrhagic transformation and intracerebral hemorrhage under combination therapy with alteplase and antiplatelets or anticoagulants, using the Japanese Adverse Drug Event Report database.",PENDING,,,PubMed_Central,,,
v3.1h-066,Metformin contraindication in severe renal disease,Medication_Safety,R3,PARAPHRASE,40828441,chunk-40828441-001,Oral anticoagulants-related bleeding: what happens in the emergency room? The Galeno study.,Oral anticoagulants-related bleeding: what happens in the emergency room? The Galeno study.,PENDING,,,PubMed_Central,,,
v3.1h-066,Metformin contraindication in severe renal disease,Medication_Safety,R3,PARAPHRASE,40845290,chunk-40845290-001,The Effects of a Semester of Preprofessional Dance Training on Biomarkers and Performance Variables in Elite Adolescent Ballet Dancers.,The Effects of a Semester of Preprofessional Dance Training on Biomarkers and Performance Variables in Elite Adolescent Ballet Dancers.,PENDING,,,PubMed_Central,,,
v3.1h-066,Metformin contraindication in severe renal disease,Medication_Safety,R3,PARAPHRASE,40881144,chunk-40881144-001,A Description of QT-Interval Prolonging Drug Interactions with Fluoroquinolones in Older Women with Uncomplicated Urinary Tract Infections.,A Description of QT-Interval Prolonging Drug Interactions with Fluoroquinolones in Older Women with Uncomplicated Urinary Tract Infections.,PENDING,,,PubMed_Central,,,
v3.1h-066,Metformin contraindication in severe renal disease,Medication_Safety,R3,PARAPHRASE,40910969,chunk-40910969-001,The Risk of Breakthrough Cardiac Events Associated With Psychiatric Medications in Patients With Diagnosed and Clinically Treated Long QT Syndrome.,The Risk of Breakthrough Cardiac Events Associated With Psychiatric Medications in Patients With Diagnosed and Clinically Treated Long QT Syndrome.,PENDING,,,PubMed_Central,,,
v3.1h-066,Metformin contraindication in severe renal disease,Medication_Safety,R3,PARAPHRASE,40915652,chunk-40915652-001,Nonsteroidal Anti-Inflammatory Drugs and Risk of Gastrointestinal Bleeding: A Systematic Review and Meta-Analysis.,Nonsteroidal Anti-Inflammatory Drugs and Risk of Gastrointestinal Bleeding: A Systematic Review and Meta-Analysis.,PENDING,,,PubMed_Central,,,
v3.1h-066,Metformin contraindication in severe renal disease,Medication_Safety,R3,PARAPHRASE,40978465,chunk-40978465-001,Abnormal Ca(2+) handling and reduced I(to) contribute to citalopram-induced QT prolongation and cardiac arrhythmias.,Abnormal Ca(2+) handling and reduced I(to) contribute to citalopram-induced QT prolongation and cardiac arrhythmias.,PENDING,,,PubMed_Central,,,
v3.1h-066,Metformin contraindication in severe renal disease,Medication_Safety,R3,PARAPHRASE,40988289,chunk-40988289-001,Drug-drug interactions: A descriptive analysis of FDA adverse event reporting system.,Drug-drug interactions: A descriptive analysis of FDA adverse event reporting system.,PENDING,,,PubMed_Central,,,
v3.1h-066,Metformin contraindication in severe renal disease,Medication_Safety,R3,PARAPHRASE,41004670,chunk-41004670-001,"Correlation Between Escitalopram, Sertraline, and Fluoxetine Serum Levels and QTc Interval Prolongation in Children and Adolescents.","Correlation Between Escitalopram, Sertraline, and Fluoxetine Serum Levels and QTc Interval Prolongation in Children and Adolescents.",PENDING,,,PubMed_Central,,,
v3.1h-066,Metformin contraindication in severe renal disease,Medication_Safety,R3,PARAPHRASE,41017291,chunk-41017291-001,Use of Drugs With Actionable Pharmacogenetic Biomarkers and Possible Prescribing Changes Among Older People.,Use of Drugs With Actionable Pharmacogenetic Biomarkers and Possible Prescribing Changes Among Older People.,PENDING,,,PubMed_Central,,,
v3.1h-066,Metformin contraindication in severe renal disease,Medication_Safety,R3,PARAPHRASE,41061201,chunk-41061201-001,Risk of Seizure Associated With Concomitant Use of Tramadol and Antidepressants in Older Nursing Home Residents.,Risk of Seizure Associated With Concomitant Use of Tramadol and Antidepressants in Older Nursing Home Residents.,PENDING,,,PubMed_Central,,,
v3.1h-066,Metformin contraindication in severe renal disease,Medication_Safety,R3,PARAPHRASE,41075377,chunk-41075377-001,Interpretation of the association between thyroid peroxidase antibodies and thyroid function during pregnancy: An individual participant data meta-analysis.,Interpretation of the association between thyroid peroxidase antibodies and thyroid function during pregnancy: An individual participant data meta-analysis.,PENDING,,,PubMed_Central,,,
v3.1h-066,Metformin contraindication in severe renal disease,Medication_Safety,R3,PARAPHRASE,41077316,chunk-41077316-001,Metabolic enzyme-mediated pharmacokinetic and pharmacodynamic interactions between Danshen Yin and clopidogrel in normal and acute myocardial infarction rats.,Metabolic enzyme-mediated pharmacokinetic and pharmacodynamic interactions between Danshen Yin and clopidogrel in normal and acute myocardial infarction rats.,PENDING,,,PubMed_Central,,,
v3.1h-066,Metformin contraindication in severe renal disease,Medication_Safety,R3,PARAPHRASE,41085374,chunk-41085374-001,Assessing Impact of Concomitant Use of Proton Pump Inhibitors and Clopidogrel on Incidence of Major Adverse Cardiovascular Events: A Retrospective Cohort Study.,Assessing Impact of Concomitant Use of Proton Pump Inhibitors and Clopidogrel on Incidence of Major Adverse Cardiovascular Events: A Retrospective Cohort Study.,PENDING,,,PubMed_Central,,,
v3.1h-066,Metformin contraindication in severe renal disease,Medication_Safety,R3,PARAPHRASE,41089323,chunk-41089323-001,Arrhythmic events pertinent with antidepressants: a Bayesian disproportional analysis mining the FDA Adverse Event Reporting System database.,Arrhythmic events pertinent with antidepressants: a Bayesian disproportional analysis mining the FDA Adverse Event Reporting System database.,PENDING,,,PubMed_Central,,,
v3.1h-066,Metformin contraindication in severe renal disease,Medication_Safety,R3,PARAPHRASE,41098965,chunk-41098965-001,Procoagulant off-target effect of the direct oral anticoagulant reversal agent Andexanet alfa.,Procoagulant off-target effect of the direct oral anticoagulant reversal agent Andexanet alfa.,PENDING,,,PubMed_Central,,,
v3.1h-066,Metformin contraindication in severe renal disease,Medication_Safety,R3,PARAPHRASE,41100334,chunk-41100334-001,Review of Safety and Efficacy of Polmacoxib: A Novel Dual Inhibitor of Cyclo-oxygenase 2 and Carbonic Anhydrase in Osteoarthritis and Acute Painful Conditions.,Review of Safety and Efficacy of Polmacoxib: A Novel Dual Inhibitor of Cyclo-oxygenase 2 and Carbonic Anhydrase in Osteoarthritis and Acute Painful Conditions.,PENDING,,,PubMed_Central,,,
v3.1h-066,Metformin contraindication in severe renal disease,Medication_Safety,R3,PARAPHRASE,41109285,chunk-41109285-001,Challenges in the treatment of hypothyroidism: malabsorption and pseudo-malabsorption of levothyroxine.,Challenges in the treatment of hypothyroidism: malabsorption and pseudo-malabsorption of levothyroxine.,PENDING,,,PubMed_Central,,,
v3.1h-066,Metformin contraindication in severe renal disease,Medication_Safety,R3,PARAPHRASE,41112691,chunk-41112691-001,"Risk Factors Associated with Thrombus Development Following Pharmacologic Anticoagulation Reversal with Coagulation Factor Xa [Recombinant], Inactivated-zhzo.","Risk Factors Associated with Thrombus Development Following Pharmacologic Anticoagulation Reversal with Coagulation Factor Xa [Recombinant], Inactivated-zhzo.",PENDING,,,PubMed_Central,,,
v3.1h-066,Metformin contraindication in severe renal disease,Medication_Safety,R3,PARAPHRASE,41141842,chunk-41141842-001,Andexanet alfa for the reversal of the low-molecular-weight heparin enoxaparin.,Andexanet alfa for the reversal of the low-molecular-weight heparin enoxaparin.,PENDING,,,PubMed_Central,,,
v3.1h-066,Metformin contraindication in severe renal disease,Medication_Safety,R3,PARAPHRASE,41158891,chunk-41158891-001,Seizures Following Single-Dose Intravenous Tramadol for Postsurgical Pain: A Report of Two Cases.,Seizures Following Single-Dose Intravenous Tramadol for Postsurgical Pain: A Report of Two Cases.,PENDING,,,PubMed_Central,,,
v3.1h-066,Metformin contraindication in severe renal disease,Medication_Safety,R3,PARAPHRASE,41177211,chunk-41177211-001,Biomedical pharmacology study on metformin and glucose (PMID 41177211),Metformin decreases hepatic glucose production and decreases intestinal absorption of glucose.,PENDING,,,PubMed_Central,,,
v3.1h-066,Metformin contraindication in severe renal disease,Medication_Safety,R3,PARAPHRASE,41225655,chunk-41225655-001,TNF-α inhibitor etanercept improves cerebrovascular function in elderly RA patients: findings from a randomized controlled trial.,TNF-α inhibitor etanercept improves cerebrovascular function in elderly RA patients: findings from a randomized controlled trial.,PENDING,,,PubMed_Central,,,
v3.1h-066,Metformin contraindication in severe renal disease,Medication_Safety,R3,PARAPHRASE,41266704,chunk-41266704-001,Andexanet Alfa in Emergency Cranial Neurosurgical Procedures: A Bicentric Analysis of Efficacy and Safety.,Andexanet Alfa in Emergency Cranial Neurosurgical Procedures: A Bicentric Analysis of Efficacy and Safety.,PENDING,,,PubMed_Central,,,
v3.1h-066,Metformin contraindication in severe renal disease,Medication_Safety,R3,PARAPHRASE,41278442,chunk-41278442-001,Pharmacological management of major complications following left ventricular assist device implantation in type 2 diabetes mellitus.,Pharmacological management of major complications following left ventricular assist device implantation in type 2 diabetes mellitus.,PENDING,,,PubMed_Central,,,
v3.1h-066,Metformin contraindication in severe renal disease,Medication_Safety,R3,PARAPHRASE,41323006,chunk-41323006-001,"Randomized, Double-Blind, Placebo-Controlled, Dose-Ranging Comparison of the Analgesic Efficacy and Safety of Intravenous Ketoprofen, Tramadol, and Morphine After Bony Impacted Mandibular Third Molar Surgery.","Randomized, Double-Blind, Placebo-Controlled, Dose-Ranging Comparison of the Analgesic Efficacy and Safety of Intravenous Ketoprofen, Tramadol, and Morphine After Bony Impacted Mandibular Third Molar Surgery.",PENDING,,,PubMed_Central,,,
v3.1h-066,Metformin contraindication in severe renal disease,Medication_Safety,R3,PARAPHRASE,41347947,chunk-41347947-001,"Navigating complementary and alternative medicine use, medication adherence, and herb-drug interaction risks among gout patients: a multicenter cross-sectional study in indonesia.","Navigating complementary and alternative medicine use, medication adherence, and herb-drug interaction risks among gout patients: a multicenter cross-sectional study in indonesia.",PENDING,,,PubMed_Central,,,
v3.1h-066,Metformin contraindication in severe renal disease,Medication_Safety,R3,PARAPHRASE,41397500,chunk-41397500-001,Exploring the link between antipsychotic and antidepressant use and severe QT prolongation: Impacts on ventricular arrhythmias and sudden cardiac death.,Exploring the link between antipsychotic and antidepressant use and severe QT prolongation: Impacts on ventricular arrhythmias and sudden cardiac death.,PENDING,,,PubMed_Central,,,
v3.1h-066,Metformin contraindication in severe renal disease,Medication_Safety,R3,PARAPHRASE,41406988,chunk-41406988-001,Trends and variation in the use of andexanet alfa for the reversal of direct oral anticoagulants in NHS trusts in England.,Trends and variation in the use of andexanet alfa for the reversal of direct oral anticoagulants in NHS trusts in England.,PENDING,,,PubMed_Central,,,
v3.1h-066,Metformin contraindication in severe renal disease,Medication_Safety,R3,PARAPHRASE,41428604,chunk-41428604-001,The Stability of Drugs Commonly Used in Intensive Care Units Co-Administered via Feeding Tube and Its Dependence on pH: An in vitro Study.,The Stability of Drugs Commonly Used in Intensive Care Units Co-Administered via Feeding Tube and Its Dependence on pH: An in vitro Study.,PENDING,,,PubMed_Central,,,
v3.1h-066,Metformin contraindication in severe renal disease,Medication_Safety,R3,PARAPHRASE,41452043,chunk-41452043-001,Rising Escitalopram Use in British Columbia: Is it Rational and Evidence-Informed?,Rising Escitalopram Use in British Columbia: Is it Rational and Evidence-Informed?,PENDING,,,PubMed_Central,,,
v3.1h-066,Metformin contraindication in severe renal disease,Medication_Safety,R3,PARAPHRASE,41459594,chunk-41459594-001,Degree of Cyclooxygenase-2 Inhibition Modulates Blood Pressure Response.,Degree of Cyclooxygenase-2 Inhibition Modulates Blood Pressure Response.,PENDING,,,PubMed_Central,,,
v3.1h-066,Metformin contraindication in severe renal disease,Medication_Safety,R3,PARAPHRASE,41463106,chunk-41463106-001,Reconsidering Digoxin in Atrial Fibrillation: From Historical Controversy to Physiologically Guided and Personalized Rate Control.,Reconsidering Digoxin in Atrial Fibrillation: From Historical Controversy to Physiologically Guided and Personalized Rate Control.,PENDING,,,PubMed_Central,,,
v3.1h-066,Metformin contraindication in severe renal disease,Medication_Safety,R3,PARAPHRASE,41489241,chunk-41489241-001,The role of a fixed combination of ibuprofen/paracetamol in the management of acute pain: an Italian expert narrative review.,The role of a fixed combination of ibuprofen/paracetamol in the management of acute pain: an Italian expert narrative review.,PENDING,,,PubMed_Central,,,
v3.1h-066,Metformin contraindication in severe renal disease,Medication_Safety,R3,PARAPHRASE,41496228,chunk-41496228-001,The impact of prenatal maternal-fetal metal levels and placental transfer efficiency of metals on neonatal thyroid function: The modulatory role of maternal vitamin D levels in pregnancy.,The impact of prenatal maternal-fetal metal levels and placental transfer efficiency of metals on neonatal thyroid function: The modulatory role of maternal vitamin D levels in pregnancy.,PENDING,,,PubMed_Central,,,
v3.1h-066,Metformin contraindication in severe renal disease,Medication_Safety,R3,PARAPHRASE,41733550,chunk-41733550-001,Cyclooxygenase-2 Inhibition and Anti-Platelet Aggregation Activity of Astaxanthin-Hydrogel in Comparison to Celecoxib Against Rheumatoid Arthritis in Wistar Rat Model.,Cyclooxygenase-2 Inhibition and Anti-Platelet Aggregation Activity of Astaxanthin-Hydrogel in Comparison to Celecoxib Against Rheumatoid Arthritis in Wistar Rat Model.,PENDING,,,PubMed_Central,,,
v3.1h-066,Metformin contraindication in severe renal disease,Medication_Safety,R3,PARAPHRASE,41748094,chunk-41748094-001,Heart Rate-Corrected QT Interval Dynamics Following Antidepressant Switching from Escitalopram to High-Dose Venlafaxine: Cardiac Safety Insights from the Early Medication Change Cohort.,Heart Rate-Corrected QT Interval Dynamics Following Antidepressant Switching from Escitalopram to High-Dose Venlafaxine: Cardiac Safety Insights from the Early Medication Change Cohort.,PENDING,,,PubMed_Central,,,
v3.1h-066,Metformin contraindication in severe renal disease,Medication_Safety,R3,PARAPHRASE,41754906,chunk-41754906-001,"An Overview of Anticoagulant Drugs Pharmacology, Therapeutic Approaches, Limitations and Perspectives.","An Overview of Anticoagulant Drugs Pharmacology, Therapeutic Approaches, Limitations and Perspectives.",PENDING,,,PubMed_Central,,,
v3.1h-066,Metformin contraindication in severe renal disease,Medication_Safety,R3,PARAPHRASE,41766537,chunk-41766537-001,Increased Risk of Ischemic Events in Patients With Stroke Treated With Clopidogrel and a P-CAB or PPI.,Increased Risk of Ischemic Events in Patients With Stroke Treated With Clopidogrel and a P-CAB or PPI.,PENDING,,,PubMed_Central,,,
v3.1h-066,Metformin contraindication in severe renal disease,Medication_Safety,R3,PARAPHRASE,41776019,chunk-41776019-001,Andexanet alfa Reduces Hematoma Expansion Following Controlled Cortical Impact in Mice Pretreated with Rivaroxaban.,Andexanet alfa Reduces Hematoma Expansion Following Controlled Cortical Impact in Mice Pretreated with Rivaroxaban.,PENDING,,,PubMed_Central,,,
v3.1h-066,Metformin contraindication in severe renal disease,Medication_Safety,R3,PARAPHRASE,41791695,chunk-41791695-001,"Harnessing the gut-heart axis for cardiovascular drug innovation: microbiome, metabolites, and personalized treatment strategies.","Harnessing the gut-heart axis for cardiovascular drug innovation: microbiome, metabolites, and personalized treatment strategies.",PENDING,,,PubMed_Central,,,
v3.1h-066,Metformin contraindication in severe renal disease,Medication_Safety,R3,PARAPHRASE,41808861,chunk-41808861-001,Network toxicology reveals key genes of amiodarone induced pulmonary fibrosis: based on machine learning and SHAP analysis.,Network toxicology reveals key genes of amiodarone induced pulmonary fibrosis: based on machine learning and SHAP analysis.,PENDING,,,PubMed_Central,,,
v3.1h-066,Metformin contraindication in severe renal disease,Medication_Safety,R3,PARAPHRASE,41811250,chunk-41811250-001,Influence of transporter polymorphisms on digoxin serum concentrations: a systematic review and meta-analysis.,Influence of transporter polymorphisms on digoxin serum concentrations: a systematic review and meta-analysis.,PENDING,,,PubMed_Central,,,
v3.1h-066,Metformin contraindication in severe renal disease,Medication_Safety,R3,PARAPHRASE,41818114,chunk-41818114-001,Dabigatran-induced Gastrointestinal Bleed Treated by 4-factor Prothrombin Complex Concentrate in a Tertiary Care Hospital in Sikkim.,Dabigatran-induced Gastrointestinal Bleed Treated by 4-factor Prothrombin Complex Concentrate in a Tertiary Care Hospital in Sikkim.,PENDING,,,PubMed_Central,,,
v3.1h-066,Metformin contraindication in severe renal disease,Medication_Safety,R3,PARAPHRASE,41828566,chunk-41828566-001,"Integrating Network Toxicology, Machine Learning, and Molecular Dynamics to Explore the Molecular Network of Triclosan-Induced Acute Myocardial Infarction.","Integrating Network Toxicology, Machine Learning, and Molecular Dynamics to Explore the Molecular Network of Triclosan-Induced Acute Myocardial Infarction.",PENDING,,,PubMed_Central,,,
v3.1h-066,Metformin contraindication in severe renal disease,Medication_Safety,R3,PARAPHRASE,41833262,chunk-41833262-001,Pearls and Pitfalls for the Emergency Clinician: Beta Blocker and Calcium Channel Blocker Toxicity.,Pearls and Pitfalls for the Emergency Clinician: Beta Blocker and Calcium Channel Blocker Toxicity.,PENDING,,,PubMed_Central,,,
v3.1h-066,Metformin contraindication in severe renal disease,Medication_Safety,R3,PARAPHRASE,41839242,chunk-41839242-001,ABI3BP protects against cerebral ischemia-reperfusion injury by preserving blood-brain barrier integrity and activating PI3K/Akt signaling.,ABI3BP protects against cerebral ischemia-reperfusion injury by preserving blood-brain barrier integrity and activating PI3K/Akt signaling.,PENDING,,,PubMed_Central,,,
v3.1h-066,Metformin contraindication in severe renal disease,Medication_Safety,R3,PARAPHRASE,41840835,chunk-41840835-001,Signal detection of drug-induced esophageal ulcer across 20 years of real-world study: Focus on 49 high-risk medicines.,Signal detection of drug-induced esophageal ulcer across 20 years of real-world study: Focus on 49 high-risk medicines.,PENDING,,,PubMed_Central,,,
v3.1h-066,Metformin contraindication in severe renal disease,Medication_Safety,R3,PARAPHRASE,41846702,chunk-41846702-001,Acute Myocardial Infarction Secondary to Triple Vessel Coronary Artery Disease in a 31-year-old Female with Systemic Lupus Erythematosus: Case Report and Review of Literature.,Acute Myocardial Infarction Secondary to Triple Vessel Coronary Artery Disease in a 31-year-old Female with Systemic Lupus Erythematosus: Case Report and Review of Literature.,PENDING,,,PubMed_Central,,,
v3.1h-066,Metformin contraindication in severe renal disease,Medication_Safety,R3,PARAPHRASE,41848246,chunk-41848246-001,[Nausea and dystonia in a woman with psychiatric illness].,[Nausea and dystonia in a woman with psychiatric illness].,PENDING,,,PubMed_Central,,,
v3.1h-066,Metformin contraindication in severe renal disease,Medication_Safety,R3,PARAPHRASE,41858685,chunk-41858685-001,Impact of nutrition education intervention on dietary intake among pregnant women with hypothyroidism - A randomized controlled trial.,Impact of nutrition education intervention on dietary intake among pregnant women with hypothyroidism - A randomized controlled trial.,PENDING,,,PubMed_Central,,,
v3.1h-066,Metformin contraindication in severe renal disease,Medication_Safety,R3,PARAPHRASE,41873481,chunk-41873481-001,Acceptance of recommendations by a pharmacogenetics clinic.,Acceptance of recommendations by a pharmacogenetics clinic.,PENDING,,,PubMed_Central,,,
v3.1h-066,Metformin contraindication in severe renal disease,Medication_Safety,R3,PARAPHRASE,41924710,chunk-41924710-001,"DXM, CYP2D6-inhibiting antidepressants, piracetam, and glutamine: proposing a ketamine-class antidepressant regimen with existing drugs.","DXM, CYP2D6-inhibiting antidepressants, piracetam, and glutamine: proposing a ketamine-class antidepressant regimen with existing drugs.",PENDING,,,PubMed_Central,,,
v3.1h-066,Metformin contraindication in severe renal disease,Medication_Safety,R3,PARAPHRASE,41976898,chunk-41976898-001,Anticoagulation Stewardship Program in the DOAC Era.,Anticoagulation Stewardship Program in the DOAC Era.,PENDING,,,PubMed_Central,,,
v3.1h-066,Metformin contraindication in severe renal disease,Medication_Safety,R3,PARAPHRASE,41977337,chunk-41977337-001,Pharmacological Management of Thrombosis: Current State and Future Strategies.,Pharmacological Management of Thrombosis: Current State and Future Strategies.,PENDING,,,PubMed_Central,,,
v3.1h-066,Metformin contraindication in severe renal disease,Medication_Safety,R3,PARAPHRASE,42005166,chunk-42005166-001,Inhibitor-Free Variant of the Cheung Regimen: Successful Adjunctive Therapy in Long-Standing Hypochondriasis With Prominent Somatic Features.,Inhibitor-Free Variant of the Cheung Regimen: Successful Adjunctive Therapy in Long-Standing Hypochondriasis With Prominent Somatic Features.,PENDING,,,PubMed_Central,,,
v3.1h-066,Metformin contraindication in severe renal disease,Medication_Safety,R3,PARAPHRASE,42007940,chunk-42007940-001,Acute pharmaceutical poisoning as a cause of seizure events: a database analysis (2011-2023).,Acute pharmaceutical poisoning as a cause of seizure events: a database analysis (2011-2023).,PENDING,,,PubMed_Central,,,
v3.1h-066,Metformin contraindication in severe renal disease,Medication_Safety,R3,PARAPHRASE,42034022,chunk-42034022-001,Lower dosing of Loxoprofen in type two diabetics with bone fractures/surgeries; Distinction from common NSAIDs.,Lower dosing of Loxoprofen in type two diabetics with bone fractures/surgeries; Distinction from common NSAIDs.,PENDING,,,PubMed_Central,,,
v3.1h-066,Metformin contraindication in severe renal disease,Medication_Safety,R3,PARAPHRASE,42045358,chunk-42045358-001,Prevalence of drug-induced interstitial lung disease in Saudi Arabia: a real-world data study.,Prevalence of drug-induced interstitial lung disease in Saudi Arabia: a real-world data study.,PENDING,,,PubMed_Central,,,
v3.1h-066,Metformin contraindication in severe renal disease,Medication_Safety,R3,PARAPHRASE,42055120,chunk-42055120-001,"Impact of Fluoxetine Brain Concentrations, Plasma Exposure, and Neurometabolism on Depressive and Anxiety Symptoms in Adolescents: A Multimodal Fluorine and Proton Magnetic Resonance Spectroscopy Study.","Impact of Fluoxetine Brain Concentrations, Plasma Exposure, and Neurometabolism on Depressive and Anxiety Symptoms in Adolescents: A Multimodal Fluorine and Proton Magnetic Resonance Spectroscopy Study.",PENDING,,,PubMed_Central,,,
v3.1h-066,Metformin contraindication in severe renal disease,Medication_Safety,R3,PARAPHRASE,42063765,chunk-42063765-001,Evaluation of community pharmacists' knowledge and real-world practices in drug interaction management: a cross-sectional study.,Evaluation of community pharmacists' knowledge and real-world practices in drug interaction management: a cross-sectional study.,PENDING,,,PubMed_Central,,,
v3.1h-066,Metformin contraindication in severe renal disease,Medication_Safety,R3,PARAPHRASE,42087312,chunk-42087312-001,Anticoagulation in Patients With Gastrointestinal Disease.,Anticoagulation in Patients With Gastrointestinal Disease.,PENDING,,,PubMed_Central,,,
v3.1h-066,Metformin contraindication in severe renal disease,Medication_Safety,R3,PARAPHRASE,42121128,chunk-42121128-001,Evaluation of drugs and risk factors requiring therapeutic drug monitoring in the Neonatal Intensive Care Unit: a retrospective study.,Evaluation of drugs and risk factors requiring therapeutic drug monitoring in the Neonatal Intensive Care Unit: a retrospective study.,PENDING,,,PubMed_Central,,,
v3.1h-066,Metformin contraindication in severe renal disease,Medication_Safety,R3,PARAPHRASE,42125454,chunk-42125454-001,Milnacipran continuation during pregnancy in a patient with severe post-traumatic stress disorder and psychotic depression: a case report with 3-year pediatric follow-up.,Milnacipran continuation during pregnancy in a patient with severe post-traumatic stress disorder and psychotic depression: a case report with 3-year pediatric follow-up.,PENDING,,,PubMed_Central,,,
v3.1h-066,Metformin contraindication in severe renal disease,Medication_Safety,R3,PARAPHRASE,42128628,chunk-42128628-001,Comparative efficacy and safety of apixaban and rivaroxaban versus warfarin in atrial fibrillation patients with end-stage renal disease: a systematic review and meta-analysis.,Comparative efficacy and safety of apixaban and rivaroxaban versus warfarin in atrial fibrillation patients with end-stage renal disease: a systematic review and meta-analysis.,PENDING,,,PubMed_Central,,,
v3.1h-066,Metformin contraindication in severe renal disease,Medication_Safety,R3,PARAPHRASE,42128899,chunk-42128899-001,Cilostazol mitigates amiodarone-induced pulmonary toxicity and fibrosis by regulating the cAMP/TGF-β1 pathway-mediated epithelial-to-mesenchymal transition in rats.,Cilostazol mitigates amiodarone-induced pulmonary toxicity and fibrosis by regulating the cAMP/TGF-β1 pathway-mediated epithelial-to-mesenchymal transition in rats.,PENDING,,,PubMed_Central,,,
v3.1h-066,Metformin contraindication in severe renal disease,Medication_Safety,R3,PARAPHRASE,42150307,chunk-42150307-001,Metabolomic signatures of SSRI exposure during neural differentiation and correlation of lysophosphatidylcholines with early symptoms of neurodevelopmental disorders.,Metabolomic signatures of SSRI exposure during neural differentiation and correlation of lysophosphatidylcholines with early symptoms of neurodevelopmental disorders.,PENDING,,,PubMed_Central,,,
v3.1h-066,Metformin contraindication in severe renal disease,Medication_Safety,R3,PARAPHRASE,42159622,chunk-42159622-001,The hidden impact of renal impairment on ribociclib exposure and co-medications: a case report.,The hidden impact of renal impairment on ribociclib exposure and co-medications: a case report.,PENDING,,,PubMed_Central,,,
v3.1h-066,Metformin contraindication in severe renal disease,Medication_Safety,R3,PARAPHRASE,42181774,chunk-42181774-001,Transient abnormal acylcarnitine profile in newborn screening mimicking multiple acyl-Coenzyme A dehydrogenase deficiency associated with maternal sertraline use.,Transient abnormal acylcarnitine profile in newborn screening mimicking multiple acyl-Coenzyme A dehydrogenase deficiency associated with maternal sertraline use.,PENDING,,,PubMed_Central,,,
v3.1h-066,Metformin contraindication in severe renal disease,Medication_Safety,R3,PARAPHRASE,42192153,chunk-42192153-001,Folic acid attenuates maternal sertraline-induced hepatic injury in rat offspring.,Folic acid attenuates maternal sertraline-induced hepatic injury in rat offspring.,PENDING,,,PubMed_Central,,,
v3.1h-066,Metformin contraindication in severe renal disease,Medication_Safety,R3,PARAPHRASE,42206096,chunk-42206096-001,"Anticoagulation associated intracerebral haemorrhage trends, treatment and outcomes in a metropolitan cohort: analysed by availability of specific versus non-specific reversal agents.","Anticoagulation associated intracerebral haemorrhage trends, treatment and outcomes in a metropolitan cohort: analysed by availability of specific versus non-specific reversal agents.",PENDING,,,PubMed_Central,,,
v3.1h-066,Metformin contraindication in severe renal disease,Medication_Safety,R3,PARAPHRASE,42216360,chunk-42216360-001,Real-world off-label apixaban dosing and clinical outcomes in patients with heart failure and end-stage kidney disease.,Real-world off-label apixaban dosing and clinical outcomes in patients with heart failure and end-stage kidney disease.,PENDING,,,PubMed_Central,,,
v3.1h-066,Metformin contraindication in severe renal disease,Medication_Safety,R3,PARAPHRASE,42238941,chunk-42238941-001,"A Cross-Sectional Study on Oral Anticoagulant Utilization and Adverse Drug Reactions at Teaching Hospital, Iran.","A Cross-Sectional Study on Oral Anticoagulant Utilization and Adverse Drug Reactions at Teaching Hospital, Iran.",PENDING,,,PubMed_Central,,,
v3.1h-066,Metformin contraindication in severe renal disease,Medication_Safety,R3,PARAPHRASE,42246839,chunk-42246839-001,Routine blood monitoring in acne vulgaris patients on isotretinoin: Is reassessment warranted? A retrospective cohort study from Tygerberg Hospital.,Routine blood monitoring in acne vulgaris patients on isotretinoin: Is reassessment warranted? A retrospective cohort study from Tygerberg Hospital.,PENDING,,,PubMed_Central,,,
v3.1h-066,Metformin contraindication in severe renal disease,Medication_Safety,R3,PARAPHRASE,42254302,chunk-42254302-001,Current Trends in NSAID Prescribing for Osteoarthritis and Axial Spondyloarthritis: Insights From Moroccan Rheumatologists Practices.,Current Trends in NSAID Prescribing for Osteoarthritis and Axial Spondyloarthritis: Insights From Moroccan Rheumatologists Practices.,PENDING,,,PubMed_Central,,,
v3.1h-066,Metformin contraindication in severe renal disease,Medication_Safety,R3,PARAPHRASE,42267072,chunk-42267072-001,A Case of Prolonged Serotonin Toxicity After Fluoxetine Ingestion in an Adolescent Patient.,A Case of Prolonged Serotonin Toxicity After Fluoxetine Ingestion in an Adolescent Patient.,PENDING,,,PubMed_Central,,,
v3.1h-066,Metformin contraindication in severe renal disease,Medication_Safety,R3,PARAPHRASE,42269153,chunk-42269153-001,Antidotes for Anticoagulation Reversal.,Antidotes for Anticoagulation Reversal.,PENDING,,,PubMed_Central,,,
v3.1h-066,Metformin contraindication in severe renal disease,Medication_Safety,R3,PARAPHRASE,42292838,chunk-42292838-001,Pharmacological pitfalls in inpatient lung transplant care and management of medication risks.,Pharmacological pitfalls in inpatient lung transplant care and management of medication risks.,PENDING,,,PubMed_Central,,,
v3.1h-066,Metformin contraindication in severe renal disease,Medication_Safety,R3,PARAPHRASE,42293737,chunk-42293737-001,A UK-wide analysis of the use of reversal agents in 198 patients on direct oral anticoagulants prior to urgent procedures.,A UK-wide analysis of the use of reversal agents in 198 patients on direct oral anticoagulants prior to urgent procedures.,PENDING,,,PubMed_Central,,,
v3.1h-066,Metformin contraindication in severe renal disease,Medication_Safety,R3,PARAPHRASE,42294746,chunk-42294746-001,[Which aldosterone antagonist? Choosing between sprionolactone and the novel drug finerenone].,[Which aldosterone antagonist? Choosing between sprionolactone and the novel drug finerenone].,PENDING,,,PubMed_Central,,,
v3.1h-066,Metformin contraindication in severe renal disease,Medication_Safety,R3,PARAPHRASE,42295720,chunk-42295720-001,Continuous alternate day vs intermittent daily fixed doses of oral isotretinoin in grade 2 acne vulgaris.,Continuous alternate day vs intermittent daily fixed doses of oral isotretinoin in grade 2 acne vulgaris.,PENDING,,,PubMed_Central,,,
v3.1h-066,Metformin contraindication in severe renal disease,Medication_Safety,R3,PARAPHRASE,42306636,chunk-42306636-001,Unexpected Improvement of Obsessive-Compulsive Disorder Symptoms Following the Mistaken Prescription of Clomiphene: A Novel Perspective on Hormonal Influences in OCD.,Unexpected Improvement of Obsessive-Compulsive Disorder Symptoms Following the Mistaken Prescription of Clomiphene: A Novel Perspective on Hormonal Influences in OCD.,PENDING,,,PubMed_Central,,,
v3.1h-066,Metformin contraindication in severe renal disease,Medication_Safety,R3,PARAPHRASE,42318218,chunk-42318218-001,A case report and literature review of proton pump inhibitors inducing insulin autoimmune syndrome.,A case report and literature review of proton pump inhibitors inducing insulin autoimmune syndrome.,PENDING,,,PubMed_Central,,,
v3.1h-066,Metformin contraindication in severe renal disease,Medication_Safety,R3,PARAPHRASE,42326111,chunk-42326111-001,Lascufloxacin-Induced QT Prolongation in an Elderly Patient Treated With Escitalopram: A Case Report.,Lascufloxacin-Induced QT Prolongation in an Elderly Patient Treated With Escitalopram: A Case Report.,PENDING,,,PubMed_Central,,,
v3.1h-066,Metformin contraindication in severe renal disease,Medication_Safety,R3,PARAPHRASE,42327596,chunk-42327596-001,Thrombosis and Survival after Prothrombin Complex Concentrate Use to treat Oral Anticoagulant Associated Haemorrhage.,Thrombosis and Survival after Prothrombin Complex Concentrate Use to treat Oral Anticoagulant Associated Haemorrhage.,PENDING,,,PubMed_Central,,,
v3.1h-066,Metformin contraindication in severe renal disease,Medication_Safety,R3,PARAPHRASE,42332214,chunk-42332214-001,Optimizing Amiodarone Maintenance Dose to Minimize N-Desethylamiodarone Accumulation and Pulmonary Toxicity: Insights from Machine Learning and Pharmacokinetic Simulation.,Optimizing Amiodarone Maintenance Dose to Minimize N-Desethylamiodarone Accumulation and Pulmonary Toxicity: Insights from Machine Learning and Pharmacokinetic Simulation.,PENDING,,,PubMed_Central,,,
v3.1h-066,Metformin contraindication in severe renal disease,Medication_Safety,R3,PARAPHRASE,42332506,chunk-42332506-001,Pachydermoperiostosis (Touraine-Solente-Gole syndrome): A case report and literature review.,Pachydermoperiostosis (Touraine-Solente-Gole syndrome): A case report and literature review.,PENDING,,,PubMed_Central,,,
v3.1h-066,Metformin contraindication in severe renal disease,Medication_Safety,R3,PARAPHRASE,42349978,chunk-42349978-001,New Agents for Acne Treatment and Updates to Isotretinoin Guidelines.,New Agents for Acne Treatment and Updates to Isotretinoin Guidelines.,PENDING,,,PubMed_Central,,,
v3.1h-066,Metformin contraindication in severe renal disease,Medication_Safety,R3,PARAPHRASE,42359186,chunk-42359186-001,Early-Onset Amiodarone Pulmonary Toxicity at a Standard Maintenance Dose Masquerading as Decompensated Heart Failure: A Case Report and Literature Review.,Early-Onset Amiodarone Pulmonary Toxicity at a Standard Maintenance Dose Masquerading as Decompensated Heart Failure: A Case Report and Literature Review.,PENDING,,,PubMed_Central,,,
v3.1h-066,Metformin contraindication in severe renal disease,Medication_Safety,R3,PARAPHRASE,42364820,chunk-42364820-001,Finerenone: a next-generation nonsteroidal mineralocorticoid receptor antagonist reshaping the management of cardiovascular and metabolic diseases.,Finerenone: a next-generation nonsteroidal mineralocorticoid receptor antagonist reshaping the management of cardiovascular and metabolic diseases.,PENDING,,,PubMed_Central,,,
v3.1h-066,Metformin contraindication in severe renal disease,Medication_Safety,R3,PARAPHRASE,42366387,chunk-42366387-001,Cannabidiol as an adjunct in refractory paroxysmal sympathetic hyperactivity following severe traumatic brain injury: a case report.,Cannabidiol as an adjunct in refractory paroxysmal sympathetic hyperactivity following severe traumatic brain injury: a case report.,PENDING,,,PubMed_Central,,,
v3.1h-066,Metformin contraindication in severe renal disease,Medication_Safety,R3,PARAPHRASE,42366486,chunk-42366486-001,Finerenone and Cardiorenal Outcomes: A Narrative Review.,Finerenone and Cardiorenal Outcomes: A Narrative Review.,PENDING,,,PubMed_Central,,,
v3.1h-066,Metformin contraindication in severe renal disease,Medication_Safety,R3,PARAPHRASE,42368238,chunk-42368238-001,"Optimized Oral Glutamatergic Augmentation in Refractory Home-Dominant Contamination Obsessive-Compulsive Disorder With Somatic, Affective, and Motivational Features: A Case Report of Incremental Functional Gains.","Optimized Oral Glutamatergic Augmentation in Refractory Home-Dominant Contamination Obsessive-Compulsive Disorder With Somatic, Affective, and Motivational Features: A Case Report of Incremental Functional Gains.",PENDING,,,PubMed_Central,,,
v3.1h-066,Metformin contraindication in severe renal disease,Medication_Safety,R3,PARAPHRASE,42371403,chunk-42371403-001,Does gabapentin add value to multimodal analgesia in thoracic surgery? A procedure-specific meta-analysis.,Does gabapentin add value to multimodal analgesia in thoracic surgery? A procedure-specific meta-analysis.,PENDING,,,PubMed_Central,,,
v3.1h-066,Metformin contraindication in severe renal disease,Medication_Safety,R3,PARAPHRASE,42374912,chunk-42374912-001,Risk of Hyperkalemia in Patients with Heart Failure Treated with Spironolactone in Combination with Sacubitril/Valsartan vs. Renin-Angiotensin System Inhibitors.,Risk of Hyperkalemia in Patients with Heart Failure Treated with Spironolactone in Combination with Sacubitril/Valsartan vs. Renin-Angiotensin System Inhibitors.,PENDING,,,PubMed_Central,,,
v3.1h-066,Metformin contraindication in severe renal disease,Medication_Safety,R3,PARAPHRASE,42394350,chunk-42394350-001,"The DOAC-FRAIL Study-Same Dose, Different Story: Prevalence of Deviant Direct Oral Anticoagulant Levels in Nursing Home Residents.","The DOAC-FRAIL Study-Same Dose, Different Story: Prevalence of Deviant Direct Oral Anticoagulant Levels in Nursing Home Residents.",PENDING,,,PubMed_Central,,,
v3.1h-066,Metformin contraindication in severe renal disease,Medication_Safety,R3,PARAPHRASE,42398817,chunk-42398817-001,Rediscovering digitalis in heart failure with reduced ejection fraction: Current evidence and expert survey on contemporary use.,Rediscovering digitalis in heart failure with reduced ejection fraction: Current evidence and expert survey on contemporary use.,PENDING,,,PubMed_Central,,,
v3.1h-066,Metformin contraindication in severe renal disease,Medication_Safety,R3,PARAPHRASE,42413824,chunk-42413824-001,Direct oral anticoagulant use and drug-drug interactions in transplant recipients receiving calcineurin inhibitors.,Direct oral anticoagulant use and drug-drug interactions in transplant recipients receiving calcineurin inhibitors.,PENDING,,,PubMed_Central,,,
v3.1h-066,Metformin contraindication in severe renal disease,Medication_Safety,R3,PARAPHRASE,42415794,chunk-42415794-001,Pharmacovigilance profiles of three generations of mineralocorticoid receptor antagonists and network toxicology analysis.,Pharmacovigilance profiles of three generations of mineralocorticoid receptor antagonists and network toxicology analysis.,PENDING,,,PubMed_Central,,,
v3.1h-066,Metformin contraindication in severe renal disease,Medication_Safety,R3,PARAPHRASE,42429832,chunk-42429832-001,Current perspectives on natural and pharmacological interventions for combating drug-induced pulmonary toxicity.,Current perspectives on natural and pharmacological interventions for combating drug-induced pulmonary toxicity.,PENDING,,,PubMed_Central,,,
v3.1h-066,Metformin contraindication in severe renal disease,Medication_Safety,R3,PARAPHRASE,42431357,chunk-42431357-001,"Oral use of anxiolytic, sedative, and anaesthetic medications in domestic cats (Felis catus): A scoping review.","Oral use of anxiolytic, sedative, and anaesthetic medications in domestic cats (Felis catus): A scoping review.",PENDING,,,PubMed_Central,,,
v3.1h-066,Metformin contraindication in severe renal disease,Medication_Safety,R3,PARAPHRASE,42436620,chunk-42436620-001,Research on drug interactions and efficacy optimization of combined medication for elderly patients with ischemic cerebrovascular disease in Guangxi Zhuang Autonomous Region.,Research on drug interactions and efficacy optimization of combined medication for elderly patients with ischemic cerebrovascular disease in Guangxi Zhuang Autonomous Region.,PENDING,,,PubMed_Central,,,
v3.1h-066,Metformin contraindication in severe renal disease,Medication_Safety,R3,PARAPHRASE,42437608,chunk-42437608-001,"Influence of prior administration of gabapentin and integrative practices on sedation scores, physiological parameters, and propofol requirement in cats sedated with dexmedetomidine.","Influence of prior administration of gabapentin and integrative practices on sedation scores, physiological parameters, and propofol requirement in cats sedated with dexmedetomidine.",PENDING,,,PubMed_Central,,,
v3.1h-066,Metformin contraindication in severe renal disease,Medication_Safety,R3,PARAPHRASE,42438486,chunk-42438486-001,"A first-in-human study evaluating safety, PK, and PD of a novel universal anticoagulant reversal agent, OKL-1111.","A first-in-human study evaluating safety, PK, and PD of a novel universal anticoagulant reversal agent, OKL-1111.",PENDING,,,PubMed_Central,,,
v3.1h-066,Metformin contraindication in severe renal disease,Medication_Safety,R3,PARAPHRASE,42438581,chunk-42438581-001,Unmasking Refractory Hypothyroidism: Persistent Iron-Levothyroxine Interaction Despite Appropriate Dose Separation.,Unmasking Refractory Hypothyroidism: Persistent Iron-Levothyroxine Interaction Despite Appropriate Dose Separation.,PENDING,,,PubMed_Central,,,
v3.1h-066,Metformin contraindication in severe renal disease,Medication_Safety,R3,PARAPHRASE,42448258,chunk-42448258-001,Anticoagulant Regimen for Nonvalvular Atrial Fibrillation in the Elderly and Frail Population.,Anticoagulant Regimen for Nonvalvular Atrial Fibrillation in the Elderly and Frail Population.,PENDING,,,PubMed_Central,,,
v3.1h-066,Metformin contraindication in severe renal disease,Medication_Safety,R3,PARAPHRASE,42458467,chunk-42458467-001,"Use of prescription medications potentially harmful during pregnancy among women of reproductive age by pregnancy status and contraceptive use in the United States, 2009-2020.","Use of prescription medications potentially harmful during pregnancy among women of reproductive age by pregnancy status and contraceptive use in the United States, 2009-2020.",PENDING,,,PubMed_Central,,,
v3.1h-066,Metformin contraindication in severe renal disease,Medication_Safety,R3,PARAPHRASE,42461919,chunk-42461919-001,Signal mining and analysis of adverse events associated with Isotretinoin: A 20-Year real-world pharmacovigilance study based on FAERS and EudraVigilance databases.,Signal mining and analysis of adverse events associated with Isotretinoin: A 20-Year real-world pharmacovigilance study based on FAERS and EudraVigilance databases.,PENDING,,,PubMed_Central,,,
v3.1h-066,Metformin contraindication in severe renal disease,Medication_Safety,R3,PARAPHRASE,42462752,chunk-42462752-001,Risk of fracture with gabapentinoid treatment in older adults: a multinational population-based study.,Risk of fracture with gabapentinoid treatment in older adults: a multinational population-based study.,PENDING,,,PubMed_Central,,,
v3.1h-066,Metformin contraindication in severe renal disease,Medication_Safety,R3,PARAPHRASE,42466914,chunk-42466914-001,Amiodarone-induced pulmonary toxicity: case series and review of clinical-radiological correlations.,Amiodarone-induced pulmonary toxicity: case series and review of clinical-radiological correlations.,PENDING,,,PubMed_Central,,,
v3.1h-066,Metformin contraindication in severe renal disease,Medication_Safety,R3,PARAPHRASE,42475421,chunk-42475421-001,"Vascular Endothelial Growth Factor Receptor 1-Blocking Antibody Improves Endothelial Structure, Kidney Function, and GFR in Diabetic Mice.","Vascular Endothelial Growth Factor Receptor 1-Blocking Antibody Improves Endothelial Structure, Kidney Function, and GFR in Diabetic Mice.",PENDING,,,PubMed_Central,,,
v3.1h-066,Metformin contraindication in severe renal disease,Medication_Safety,R3,PARAPHRASE,42481856,chunk-42481856-001,Integrating Clinical Evidence with PBPK Modeling to Assess PPI-Clopidogrel-CYP2C19 Interactions in Chinese ACS Patients.,Integrating Clinical Evidence with PBPK Modeling to Assess PPI-Clopidogrel-CYP2C19 Interactions in Chinese ACS Patients.,PENDING,,,PubMed_Central,,,
v3.1h-066,Metformin contraindication in severe renal disease,Medication_Safety,R3,PARAPHRASE,42483729,chunk-42483729-001,"Once-Nightly Pregabalin for Co-Occurring Nightmares, Poor Sleep, and Headaches: A Case Series.","Once-Nightly Pregabalin for Co-Occurring Nightmares, Poor Sleep, and Headaches: A Case Series.",PENDING,,,PubMed_Central,,,
v3.1h-066,Metformin contraindication in severe renal disease,Medication_Safety,R3,PARAPHRASE,42484991,chunk-42484991-001,Budget Impact of Eplerenone for Heart Failure with Reduced Ejection Fraction: National Perspective and Regional Implications in Italy.,Budget Impact of Eplerenone for Heart Failure with Reduced Ejection Fraction: National Perspective and Regional Implications in Italy.,PENDING,,,PubMed_Central,,,
v3.1h-066,Metformin contraindication in severe renal disease,Medication_Safety,R3,PARAPHRASE,42489609,chunk-42489609-001,Cilostazol-Induced Digoxin Toxicity Presenting as Accelerated Idioventricular Rhythm and Recurrent Syncope.,Cilostazol-Induced Digoxin Toxicity Presenting as Accelerated Idioventricular Rhythm and Recurrent Syncope.,PENDING,,,PubMed_Central,,,
v3.1h-066,Metformin contraindication in severe renal disease,Medication_Safety,R3,PARAPHRASE,42497636,chunk-42497636-001,Macrophage membrane camouflaged biomimetic nanomedicine for normalizing electrical dysfunction and inflammation pathology in atrial fibrillation.,Macrophage membrane camouflaged biomimetic nanomedicine for normalizing electrical dysfunction and inflammation pathology in atrial fibrillation.,PENDING,,,PubMed_Central,,,
v3.1h-066,Metformin contraindication in severe renal disease,Medication_Safety,R3,PARAPHRASE,42499456,chunk-42499456-001,"Association of Proximal Tubule Secretion With Hyperkalemia Risk, Treatment Response, and Outcomes in Heart Failure With Preserved Ejection Fraction.","Association of Proximal Tubule Secretion With Hyperkalemia Risk, Treatment Response, and Outcomes in Heart Failure With Preserved Ejection Fraction.",PENDING,,,PubMed_Central,,,
v3.1h-066,Metformin contraindication in severe renal disease,Medication_Safety,R3,PARAPHRASE,42515713,chunk-42515713-001,CYP2D6 Metabolizer Phenotype Is Associated with Early Antidepressant Discontinuation in the UK Biobank.,CYP2D6 Metabolizer Phenotype Is Associated with Early Antidepressant Discontinuation in the UK Biobank.,PENDING,,,PubMed_Central,,,
v3.1h-066,Metformin contraindication in severe renal disease,Medication_Safety,R3,PARAPHRASE,42522519,chunk-42522519-001,Examining the safety of dermatological and surgical procedures in patients undergoing systemic isotretinoin therapy: An updated review.,Examining the safety of dermatological and surgical procedures in patients undergoing systemic isotretinoin therapy: An updated review.,PENDING,,,PubMed_Central,,,
v3.1h-066,Metformin contraindication in severe renal disease,Medication_Safety,R3,PARAPHRASE,42527260,chunk-42527260-001,Gabapentin for Postoperative Analgesia in Cardiac Surgery via Sternotomy: A Systematic Review and Meta-Analysis of Randomized Controlled Trials.,Gabapentin for Postoperative Analgesia in Cardiac Surgery via Sternotomy: A Systematic Review and Meta-Analysis of Randomized Controlled Trials.,PENDING,,,PubMed_Central,,,
v3.1h-066,Metformin contraindication in severe renal disease,Medication_Safety,R3,PARAPHRASE,42528583,chunk-42528583-001,Amiodarone-induced granulomatous lung injury mimicking organizing pneumonia: a case report.,Amiodarone-induced granulomatous lung injury mimicking organizing pneumonia: a case report.,PENDING,,,PubMed_Central,,,
v3.1h-066,Metformin contraindication in severe renal disease,Medication_Safety,R3,PARAPHRASE,42546121,chunk-42546121-001,Direct Oral Anticoagulants for Atrial Fibrillation in Patients Receiving Hemodialysis: A Review and Discussion of Evidence.,Direct Oral Anticoagulants for Atrial Fibrillation in Patients Receiving Hemodialysis: A Review and Discussion of Evidence.,PENDING,,,PubMed_Central,,,
v3.1h-066,Metformin contraindication in severe renal disease,Medication_Safety,R3,PARAPHRASE,42558881,chunk-42558881-001,Drug-associated psoriasis: a pharmacovigilance study based on the FAERS database.,Drug-associated psoriasis: a pharmacovigilance study based on the FAERS database.,PENDING,,,PubMed_Central,,,
v3.1h-066,Metformin contraindication in severe renal disease,Medication_Safety,R3,PARAPHRASE,42571795,chunk-42571795-001,Mechanistic insights into cytochrome P450 inhibition by progesterone and its impact on fluoxetine pharmacokinetics.,Mechanistic insights into cytochrome P450 inhibition by progesterone and its impact on fluoxetine pharmacokinetics.,PENDING,,,PubMed_Central,,,
v3.1h-066,Metformin contraindication in severe renal disease,Medication_Safety,R3,PARAPHRASE,42573610,chunk-42573610-001,Paracetamol-induced hepatic injury following intentional self-poisoning: a case report and therapeutic considerations.,Paracetamol-induced hepatic injury following intentional self-poisoning: a case report and therapeutic considerations.,PENDING,,,PubMed_Central,,,
v3.1h-066,Metformin contraindication in severe renal disease,Medication_Safety,R3,PARAPHRASE,42580175,chunk-42580175-001,"Iodine excess in relation to decreased free thyroxine levels during pregnancy in an iodine-sufficient region, and potential interactions with iron and selenium.","Iodine excess in relation to decreased free thyroxine levels during pregnancy in an iodine-sufficient region, and potential interactions with iron and selenium.",PENDING,,,PubMed_Central,,,
v3.1h-066,Metformin contraindication in severe renal disease,Medication_Safety,R3,PARAPHRASE,42580545,chunk-42580545-001,Non-steroidal anti-inflammatory drugs and CYP2C9 - Impacts of genetics and phenoconversion on the risk of adverse effects.,Non-steroidal anti-inflammatory drugs and CYP2C9 - Impacts of genetics and phenoconversion on the risk of adverse effects.,PENDING,,,PubMed_Central,,,
v3.1h-066,Metformin contraindication in severe renal disease,Medication_Safety,R3,PARAPHRASE,42584699,chunk-42584699-001,"The ""obesity paradox"" in dosing: a comprehensive analytical review of cockcroft-gault versus CKD-EPI for predicting clearance of narrow-therapeutic-index drugs in patients with BMI > 40 kg/m².","The ""obesity paradox"" in dosing: a comprehensive analytical review of cockcroft-gault versus CKD-EPI for predicting clearance of narrow-therapeutic-index drugs in patients with BMI > 40 kg/m².",PENDING,,,PubMed_Central,,,
v3.1h-066,Metformin contraindication in severe renal disease,Medication_Safety,R3,PARAPHRASE,42586461,chunk-42586461-001,Pharmacogenomic and drug interactions risk in cardio-oncology: A precision medicine perspective for India.,Pharmacogenomic and drug interactions risk in cardio-oncology: A precision medicine perspective for India.,PENDING,,,PubMed_Central,,,
v3.1h-066,Metformin contraindication in severe renal disease,Medication_Safety,R3,PARAPHRASE,42587752,chunk-42587752-001,Rapid Volumetric Bioprinting Coupled with Dynamic Perfusion Enhances Human Hepatic Organoid Toxicity Testing.,Rapid Volumetric Bioprinting Coupled with Dynamic Perfusion Enhances Human Hepatic Organoid Toxicity Testing.,PENDING,,,PubMed_Central,,,
v3.1h-066,Metformin contraindication in severe renal disease,Medication_Safety,R3,PARAPHRASE,42590087,chunk-42590087-001,"Digoxin Dosing Errors, Drug Interactions and Off-Label Risks: Insights from an EudraVigilance Disproportionality Analysis.","Digoxin Dosing Errors, Drug Interactions and Off-Label Risks: Insights from an EudraVigilance Disproportionality Analysis.",PENDING,,,PubMed_Central,,,
v3.1h-066,Metformin contraindication in severe renal disease,Medication_Safety,R3,PARAPHRASE,42591558,chunk-42591558-001,Physiologically based pharmacokinetic modeling of fluconazole: interpretation of gender-dependent pharmacokinetics and cytochrome P450 inhibition.,Physiologically based pharmacokinetic modeling of fluconazole: interpretation of gender-dependent pharmacokinetics and cytochrome P450 inhibition.,PENDING,,,PubMed_Central,,,
v3.1h-066,Metformin contraindication in severe renal disease,Medication_Safety,R3,PARAPHRASE,42595037,chunk-42595037-001,Evidence for the Use of Steroidal Aldosterone Antagonists in Patients With Kidney Failure.,Evidence for the Use of Steroidal Aldosterone Antagonists in Patients With Kidney Failure.,PENDING,,,PubMed_Central,,,
v3.1h-066,Metformin contraindication in severe renal disease,Medication_Safety,R3,PARAPHRASE,42595240,chunk-42595240-001,Xenobiotic-Induced Liver Injury in the United States: A 25-Year Retrospective Analysis of National Poison Data System.,Xenobiotic-Induced Liver Injury in the United States: A 25-Year Retrospective Analysis of National Poison Data System.,PENDING,,,PubMed_Central,,,
v3.1h-066,Metformin contraindication in severe renal disease,Medication_Safety,R3,PARAPHRASE,42596979,chunk-42596979-001,Sertraline use in pregnancy and placental transfer: A pharmacokinetic prospective cohort study.,Sertraline use in pregnancy and placental transfer: A pharmacokinetic prospective cohort study.,PENDING,,,PubMed_Central,,,
v3.1h-066,Metformin contraindication in severe renal disease,Medication_Safety,R3,PARAPHRASE,42598366,chunk-42598366-001,"A 76-Year-Old Man With Hemorrhagic Stroke, Recurrent Thromboembolic Events, and Atrial Fibrillation Under Optimal Medical Treatment: When Anticoagulants Fail.","A 76-Year-Old Man With Hemorrhagic Stroke, Recurrent Thromboembolic Events, and Atrial Fibrillation Under Optimal Medical Treatment: When Anticoagulants Fail.",PENDING,,,PubMed_Central,,,
v3.1h-066,Metformin contraindication in severe renal disease,Medication_Safety,R3,PARAPHRASE,42603144,chunk-42603144-001,Differential Quantification of Cutibacterium acnes Phylotypes IA and IB/II on Healthy and Acne-Prone Human Skin.,Differential Quantification of Cutibacterium acnes Phylotypes IA and IB/II on Healthy and Acne-Prone Human Skin.,PENDING,,,PubMed_Central,,,
v3.1h-066,Metformin contraindication in severe renal disease,Medication_Safety,R3,PARAPHRASE,42610101,chunk-42610101-001,Nature's Poison Pill: A Case of Digoxin-Like Toxicity From the Seed of the Ornamental Plant Thevetia peruviana.,Nature's Poison Pill: A Case of Digoxin-Like Toxicity From the Seed of the Ornamental Plant Thevetia peruviana.,PENDING,,,PubMed_Central,,,
v3.1h-066,Metformin contraindication in severe renal disease,Medication_Safety,R3,PARAPHRASE,42618000,chunk-42618000-001,Pipamperone metabolism by various recombinant cytochrome preparations.,Pipamperone metabolism by various recombinant cytochrome preparations.,PENDING,,,PubMed_Central,,,
v3.1h-066,Metformin contraindication in severe renal disease,Medication_Safety,R3,PARAPHRASE,42621983,chunk-42621983-001,Mass-Forming NSAID-Associated Colopathy Mimicking Right-Sided Colon Cancer: A Case Report.,Mass-Forming NSAID-Associated Colopathy Mimicking Right-Sided Colon Cancer: A Case Report.,PENDING,,,PubMed_Central,,,
v3.1h-066,Metformin contraindication in severe renal disease,Medication_Safety,R3,PARAPHRASE,42622073,chunk-42622073-001,Assessment of Pharmacokinetic Interaction and Clinical Efficacy of Clopidogrel Co-administered with Ilaprazole.,Assessment of Pharmacokinetic Interaction and Clinical Efficacy of Clopidogrel Co-administered with Ilaprazole.,PENDING,,,PubMed_Central,,,
v3.1h-066,Metformin contraindication in severe renal disease,Medication_Safety,R3,PARAPHRASE,42628776,chunk-42628776-001,Differentiating hepatic and renal toxicity reveals CYP-independent mechanisms of acetaminophen-induced acute kidney injury.,Differentiating hepatic and renal toxicity reveals CYP-independent mechanisms of acetaminophen-induced acute kidney injury.,PENDING,,,PubMed_Central,,,
v3.1h-066,Metformin contraindication in severe renal disease,Medication_Safety,R3,PARAPHRASE,42628883,chunk-42628883-001,Effects of psychotropic medications on a placenta cell model: A functional study with BeWo cells.,Effects of psychotropic medications on a placenta cell model: A functional study with BeWo cells.,PENDING,,,PubMed_Central,,,
v3.1h-066,Metformin contraindication in severe renal disease,Medication_Safety,R3,PARAPHRASE,42630019,chunk-42630019-001,Pharmacogenomics in Dentistry: From CYP-Mediated Drug Response to Precision Prescribing in Oral Healthcare.,Pharmacogenomics in Dentistry: From CYP-Mediated Drug Response to Precision Prescribing in Oral Healthcare.,PENDING,,,PubMed_Central,,,
v3.1h-066,Metformin contraindication in severe renal disease,Medication_Safety,R3,PARAPHRASE,42631638,chunk-42631638-001,Diallyl trisulfide ameliorates acetaminophen-induced acute liver injury through the oxidative modification of CYP2E1 cysteine residues.,Diallyl trisulfide ameliorates acetaminophen-induced acute liver injury through the oxidative modification of CYP2E1 cysteine residues.,PENDING,,,PubMed_Central,,,
v3.1h-066,Metformin contraindication in severe renal disease,Medication_Safety,R3,PARAPHRASE,42631653,chunk-42631653-001,Application of Physiologically Based Pharmacokinetic Modeling to Optimize Assessment of Age-Related Fluoxetine Accumulation in the Elderly.,Application of Physiologically Based Pharmacokinetic Modeling to Optimize Assessment of Age-Related Fluoxetine Accumulation in the Elderly.,PENDING,,,PubMed_Central,,,
v3.1h-066,Metformin contraindication in severe renal disease,Medication_Safety,R3,PARAPHRASE,42632694,chunk-42632694-001,Oral co-delivery of quercetin and anthocyanins via dual-ligand nanoparticles alleviate obesity and associated metabolic disorders.,Oral co-delivery of quercetin and anthocyanins via dual-ligand nanoparticles alleviate obesity and associated metabolic disorders.,PENDING,,,PubMed_Central,,,
v3.1h-066,Metformin contraindication in severe renal disease,Medication_Safety,R3,PARAPHRASE,42633086,chunk-42633086-001,Nivolumab after recurrent pembrolizumab-associated hepatotoxicity in PD-L1-high metastatic squamous non-small cell lung cancer: a case report.,Nivolumab after recurrent pembrolizumab-associated hepatotoxicity in PD-L1-high metastatic squamous non-small cell lung cancer: a case report.,PENDING,,,PubMed_Central,,,
v3.1h-066,Metformin contraindication in severe renal disease,Medication_Safety,R3,PARAPHRASE,42636556,chunk-42636556-001,Multicenter Evaluation of Opioid Prescribing After Minimally Invasive Repair of Pectus Excavatum Before The 2024 American Academy of Pediatrics Guideline: Room to Improve.,Multicenter Evaluation of Opioid Prescribing After Minimally Invasive Repair of Pectus Excavatum Before The 2024 American Academy of Pediatrics Guideline: Room to Improve.,PENDING,,,PubMed_Central,,,
v3.1h-066,Metformin contraindication in severe renal disease,Medication_Safety,R3,PARAPHRASE,42636576,chunk-42636576-001,"Real-world variability and factors associated with individual low-density-lipoprotein cholesterol response to different doses of atorvastatin, rosuvastatin, and simvastatin in 28,647 Chinese patients.","Real-world variability and factors associated with individual low-density-lipoprotein cholesterol response to different doses of atorvastatin, rosuvastatin, and simvastatin in 28,647 Chinese patients.",PENDING,,,PubMed_Central,,,
v3.1h-066,Metformin contraindication in severe renal disease,Medication_Safety,R3,PARAPHRASE,42637515,chunk-42637515-001,An uncommon side effect of statins: perioral neuropathic symptoms.,An uncommon side effect of statins: perioral neuropathic symptoms.,PENDING,,,PubMed_Central,,,
v3.1h-066,Metformin contraindication in severe renal disease,Medication_Safety,R3,PARAPHRASE,42638417,chunk-42638417-001,The Bacterial Metabolite Lndole-3-Propionic Acid Alleviates Acetaminophen-Induced Acute Liver Injury Partly through the Aryl Hydrocarbon Receptor Pathway.,The Bacterial Metabolite Lndole-3-Propionic Acid Alleviates Acetaminophen-Induced Acute Liver Injury Partly through the Aryl Hydrocarbon Receptor Pathway.,PENDING,,,PubMed_Central,,,
v3.1h-066,Metformin contraindication in severe renal disease,Medication_Safety,R3,PARAPHRASE,42643702,chunk-42643702-001,Sex-Specific Safety Signals of Finerenone Versus Spironolactone: Insights From the FDA Adverse Event Reporting System.,Sex-Specific Safety Signals of Finerenone Versus Spironolactone: Insights From the FDA Adverse Event Reporting System.,PENDING,,,PubMed_Central,,,
v3.1h-066,Metformin contraindication in severe renal disease,Medication_Safety,R3,PARAPHRASE,42645604,chunk-42645604-001,"Berberine-associated lipid-inflammatory regulation in atherosclerosis: an integrative transcriptomic, single-cell, and in vivo study.","Berberine-associated lipid-inflammatory regulation in atherosclerosis: an integrative transcriptomic, single-cell, and in vivo study.",PENDING,,,PubMed_Central,,,
v3.1h-066,Metformin contraindication in severe renal disease,Medication_Safety,R3,PARAPHRASE,42647165,chunk-42647165-001,Pharmacotherapeutic considerations for the treatment of post-traumatic stress disorder during and after pregnancy: an update.,Pharmacotherapeutic considerations for the treatment of post-traumatic stress disorder during and after pregnancy: an update.,PENDING,,,PubMed_Central,,,
v3.1h-066,Metformin contraindication in severe renal disease,Medication_Safety,R3,PARAPHRASE,42647942,chunk-42647942-001,Use of Corrected QT Cutoffs Derived from Biological Variation to Predict Adverse Events Due to Antipsychotic Drugs: Case Report.,Use of Corrected QT Cutoffs Derived from Biological Variation to Predict Adverse Events Due to Antipsychotic Drugs: Case Report.,PENDING,,,PubMed_Central,,,
v3.1h-066,Metformin contraindication in severe renal disease,Medication_Safety,R3,PARAPHRASE,42652369,chunk-42652369-001,"Shifting Public Interest in Liver Health, Hepatotoxic Medications, and Dietary Supplements in Kazakhstan: A Five-Year Google Trends Infodemiology Study.","Shifting Public Interest in Liver Health, Hepatotoxic Medications, and Dietary Supplements in Kazakhstan: A Five-Year Google Trends Infodemiology Study.",PENDING,,,PubMed_Central,,,
v3.1h-066,Metformin contraindication in severe renal disease,Medication_Safety,R3,PARAPHRASE,42653071,chunk-42653071-001,Safety and Efficacy Assessment of Cannabis Plant Compared to Atorvastatin for Lipid Lowering in Diabetic and Obese Wistar Male Rats.,Safety and Efficacy Assessment of Cannabis Plant Compared to Atorvastatin for Lipid Lowering in Diabetic and Obese Wistar Male Rats.,PENDING,,,PubMed_Central,,,
v3.1h-066,Metformin contraindication in severe renal disease,Medication_Safety,R3,PARAPHRASE,42653173,chunk-42653173-001,Molecular Mechanisms of Acute Drug Toxicity in Polypharmacy: Analgesic-Psychotropic Interactions.,Molecular Mechanisms of Acute Drug Toxicity in Polypharmacy: Analgesic-Psychotropic Interactions.,PENDING,,,PubMed_Central,,,
v3.1h-066,Metformin contraindication in severe renal disease,Medication_Safety,R3,PARAPHRASE,42653808,chunk-42653808-001,"Berberine-Drug Interactions: Mechanisms, Clinical Relevance and Risk Stratification-A Narrative Review.","Berberine-Drug Interactions: Mechanisms, Clinical Relevance and Risk Stratification-A Narrative Review.",PENDING,,,PubMed_Central,,,
v3.1h-066,Metformin contraindication in severe renal disease,Medication_Safety,R3,PARAPHRASE,42654146,chunk-42654146-001,Moxifloxacin-Mediated Downregulation of Intestinal P-Glycoprotein Alters the Pharmacokinetics of Dabigatran Etexilate: Mechanistic Insights in Rats and PBPK Model-Informed Dose Optimization.,Moxifloxacin-Mediated Downregulation of Intestinal P-Glycoprotein Alters the Pharmacokinetics of Dabigatran Etexilate: Mechanistic Insights in Rats and PBPK Model-Informed Dose Optimization.,PENDING,,,PubMed_Central,,,
v3.1h-066,Metformin contraindication in severe renal disease,Medication_Safety,R3,PARAPHRASE,42654342,chunk-42654342-001,Therapeutic Potential of Anti-Obesity Drugs in Obesity-Associated Female Reproductive Dysfunction: Translating Mechanistic Evidence into Personalized Clinical Strategies.,Therapeutic Potential of Anti-Obesity Drugs in Obesity-Associated Female Reproductive Dysfunction: Translating Mechanistic Evidence into Personalized Clinical Strategies.,PENDING,,,PubMed_Central,,,
v3.1h-066,Metformin contraindication in severe renal disease,Medication_Safety,R3,PARAPHRASE,42658230,chunk-42658230-001,Supratherapeutic Digoxin Levels in Children with Cardiac Disease.,Supratherapeutic Digoxin Levels in Children with Cardiac Disease.,PENDING,,,PubMed_Central,,,
v3.1h-066,Metformin contraindication in severe renal disease,Medication_Safety,R3,PARAPHRASE,42660303,chunk-42660303-001,Cardioprotective effects of natural phytochemicals from traditional medicinal plants against doxorubicin-induced cardiotoxicity: A meta-analysis of preclinical studies.,Cardioprotective effects of natural phytochemicals from traditional medicinal plants against doxorubicin-induced cardiotoxicity: A meta-analysis of preclinical studies.,PENDING,,,PubMed_Central,,,
v3.1h-066,Metformin contraindication in severe renal disease,Medication_Safety,R3,PARAPHRASE,42661734,chunk-42661734-001,Sex-specific effects of resveratrol and metformin on mitochondrial function and inflammatory activation in a TNF-α-driven human iPSC-derived endothelial dysfunction model.,Sex-specific effects of resveratrol and metformin on mitochondrial function and inflammatory activation in a TNF-α-driven human iPSC-derived endothelial dysfunction model.,PENDING,,,PubMed_Central,,,
v3.1h-066,Metformin contraindication in severe renal disease,Medication_Safety,R3,PARAPHRASE,42662112,chunk-42662112-001,A Comparative Study to Evaluate the Renoprotective Effect of Antidiabetic Drugs in Patients With Type 2 Diabetes Mellitus.,A Comparative Study to Evaluate the Renoprotective Effect of Antidiabetic Drugs in Patients With Type 2 Diabetes Mellitus.,PENDING,,,PubMed_Central,,,
v3.1h-066,Metformin contraindication in severe renal disease,Medication_Safety,R3,PARAPHRASE,42662351,chunk-42662351-001,Sertraline-induced fetotoxicity in mice: Protective effects of vitamin E on foetal growth and organ histology.,Sertraline-induced fetotoxicity in mice: Protective effects of vitamin E on foetal growth and organ histology.,PENDING,,,PubMed_Central,,,
v3.1h-066,Metformin contraindication in severe renal disease,Medication_Safety,R3,PARAPHRASE,42662739,chunk-42662739-001,Transporter Interactions of Methoxyflavones and Their In Vivo Pharmacokinetic Implications.,Transporter Interactions of Methoxyflavones and Their In Vivo Pharmacokinetic Implications.,PENDING,,,PubMed_Central,,,
v3.1h-066,Metformin contraindication in severe renal disease,Medication_Safety,R3,PARAPHRASE,42662744,chunk-42662744-001,Perfluoroether Peptide-Modified Artificial Viral Capsid for Enhanced Doxorubicin Delivery to Liver Cancer Cells.,Perfluoroether Peptide-Modified Artificial Viral Capsid for Enhanced Doxorubicin Delivery to Liver Cancer Cells.,PENDING,,,PubMed_Central,,,
v3.1h-066,Metformin contraindication in severe renal disease,Medication_Safety,R3,PARAPHRASE,42662904,chunk-42662904-001,Early cardiac proteomic profiling in a long-latency doxorubicin cardiomyopathy model exhibits sexual dimorphism for cardioprotection.,Early cardiac proteomic profiling in a long-latency doxorubicin cardiomyopathy model exhibits sexual dimorphism for cardioprotection.,PENDING,,,PubMed_Central,,,
v3.1h-066,Metformin contraindication in severe renal disease,Medication_Safety,R3,PARAPHRASE,42663261,chunk-42663261-001,"Clinical outcomes of ""massive"" acetaminophen overdose treated with standard vs. augmented dose acetylcysteine.","Clinical outcomes of ""massive"" acetaminophen overdose treated with standard vs. augmented dose acetylcysteine.",PENDING,,,PubMed_Central,,,
v3.1h-066,Metformin contraindication in severe renal disease,Medication_Safety,R3,PARAPHRASE,42663921,chunk-42663921-001,Qishen Yiqi Dripping Pills ameliorate doxorubicin-induced cardiotoxicity: a study based on bioinformatics and experimental verification.,Qishen Yiqi Dripping Pills ameliorate doxorubicin-induced cardiotoxicity: a study based on bioinformatics and experimental verification.,PENDING,,,PubMed_Central,,,
v3.1h-066,Metformin contraindication in severe renal disease,Medication_Safety,R3,PARAPHRASE,42663925,chunk-42663925-001,Selective and Time-Dependent Alterations in Cytochrome P450 (CYP) Enzyme Activity and Expression by Major Phytocannabinoids.,Selective and Time-Dependent Alterations in Cytochrome P450 (CYP) Enzyme Activity and Expression by Major Phytocannabinoids.,PENDING,,,PubMed_Central,,,
v3.1h-066,Metformin contraindication in severe renal disease,Medication_Safety,R3,PARAPHRASE,42665114,chunk-42665114-001,Doxorubicin-induced Cardiotoxicity is Propagated by Paracrine Signaling through Small Extracellular Vesicles.,Doxorubicin-induced Cardiotoxicity is Propagated by Paracrine Signaling through Small Extracellular Vesicles.,PENDING,,,PubMed_Central,,,
v3.1h-066,Metformin contraindication in severe renal disease,Medication_Safety,R3,PARAPHRASE,42665174,chunk-42665174-001,Acetaminophen-induced developmental neurobehavioral and sensory organ toxicity in zebrafish.,Acetaminophen-induced developmental neurobehavioral and sensory organ toxicity in zebrafish.,PENDING,,,PubMed_Central,,,
v3.1h-066,Metformin contraindication in severe renal disease,Medication_Safety,R3,PARAPHRASE,42665888,chunk-42665888-001,"EXPRESS: Effect of oral gabapentin administered in-hospital on behavioral stress, compliance, and physiologic stress markers: a randomized, double-blind, placebo-controlled trial.","EXPRESS: Effect of oral gabapentin administered in-hospital on behavioral stress, compliance, and physiologic stress markers: a randomized, double-blind, placebo-controlled trial.",PENDING,,,PubMed_Central,,,
v3.1h-066,Metformin contraindication in severe renal disease,Medication_Safety,R3,PARAPHRASE,42666103,chunk-42666103-001,Clinical relevance of pharmacogenomic information for improving prescribing practices in acutely admitted older medical patients.,Clinical relevance of pharmacogenomic information for improving prescribing practices in acutely admitted older medical patients.,PENDING,,,PubMed_Central,,,
v3.1h-066,Metformin contraindication in severe renal disease,Medication_Safety,R3,PARAPHRASE,42666410,chunk-42666410-001,Preoperative Gabapentin in Pediatric Anterior Cruciate Ligament Reconstruction With Peripheral Nerve Blockade: A Retrospective Cohort Study.,Preoperative Gabapentin in Pediatric Anterior Cruciate Ligament Reconstruction With Peripheral Nerve Blockade: A Retrospective Cohort Study.,PENDING,,,PubMed_Central,,,
v3.1h-066,Metformin contraindication in severe renal disease,Medication_Safety,R3,PARAPHRASE,42667072,chunk-42667072-001,Unlocking the brain: Biodistribution insights into tween 80 nanoliposomes in healthy brains.,Unlocking the brain: Biodistribution insights into tween 80 nanoliposomes in healthy brains.,PENDING,,,PubMed_Central,,,
v3.1h-066,Metformin contraindication in severe renal disease,Medication_Safety,R3,PARAPHRASE,42667336,chunk-42667336-001,Atorvastatin Exerts Context-Dependent Metabolic and Beneficial Effects on Behavior and Apoptotic Signaling in a Cafeteria Diet-Induced Metabolic Dysfunction Model.,Atorvastatin Exerts Context-Dependent Metabolic and Beneficial Effects on Behavior and Apoptotic Signaling in a Cafeteria Diet-Induced Metabolic Dysfunction Model.,PENDING,,,PubMed_Central,,,
v3.1h-066,Metformin contraindication in severe renal disease,Medication_Safety,R3,PARAPHRASE,42667464,chunk-42667464-001,Schisandra chinensis polysaccharide attenuates diabetic islet cell injury by promoting autophagy via suppression of the PI3K/AKT/mTOR signaling cascade.,Schisandra chinensis polysaccharide attenuates diabetic islet cell injury by promoting autophagy via suppression of the PI3K/AKT/mTOR signaling cascade.,PENDING,,,PubMed_Central,,,
v3.1h-066,Metformin contraindication in severe renal disease,Medication_Safety,R3,PARAPHRASE,42667784,chunk-42667784-001,Mechanism of Gegen Qinlian Decoction in the treatment of diabetic cataract based on network pharmacology and experimental validation.,Mechanism of Gegen Qinlian Decoction in the treatment of diabetic cataract based on network pharmacology and experimental validation.,PENDING,,,PubMed_Central,,,
v3.1h-066,Metformin contraindication in severe renal disease,Medication_Safety,R3,PARAPHRASE,42669317,chunk-42669317-001,Ethical considerations in suspected isotretinoin nonadherence and/or diversion.,Ethical considerations in suspected isotretinoin nonadherence and/or diversion.,PENDING,,,PubMed_Central,,,
v3.1h-066,Metformin contraindication in severe renal disease,Medication_Safety,R3,PARAPHRASE,42670022,chunk-42670022-001,Apixaban Dose Selection in Kidney Failure: Reconciling Pharmacokinetics and Clinical Outcomes.,Apixaban Dose Selection in Kidney Failure: Reconciling Pharmacokinetics and Clinical Outcomes.,PENDING,,,PubMed_Central,,,
v3.1h-066,Metformin contraindication in severe renal disease,Medication_Safety,R3,PARAPHRASE,42670080,chunk-42670080-001,Anthracycline Cardiotoxicity: A Real-World Study Based on FDA Adverse Event Reporting System Database.,Anthracycline Cardiotoxicity: A Real-World Study Based on FDA Adverse Event Reporting System Database.,PENDING,,,PubMed_Central,,,
v3.1h-066,Metformin contraindication in severe renal disease,Medication_Safety,R3,PARAPHRASE,42670520,chunk-42670520-001,Younger Age is Associated with Treatment and Complication Outcomes Among Type 2 Diabetes Mellitus Patients in Kigali University Teaching Hospital.,Younger Age is Associated with Treatment and Complication Outcomes Among Type 2 Diabetes Mellitus Patients in Kigali University Teaching Hospital.,PENDING,,,PubMed_Central,,,
v3.1h-066,Metformin contraindication in severe renal disease,Medication_Safety,R3,PARAPHRASE,42670540,chunk-42670540-001,Mechanisms and the Role of p38 MAPK Signaling in Doxorubicin-Induced Cardiotoxicity: A Review.,Mechanisms and the Role of p38 MAPK Signaling in Doxorubicin-Induced Cardiotoxicity: A Review.,PENDING,,,PubMed_Central,,,
v3.1h-066,Metformin contraindication in severe renal disease,Medication_Safety,R3,PARAPHRASE,42670801,chunk-42670801-001,Therapeutic Potential of Nanocurcumin in Mitigating Duloxetine-Induced Hepatic Damage: Biochemical and Histopathological Insights.,Therapeutic Potential of Nanocurcumin in Mitigating Duloxetine-Induced Hepatic Damage: Biochemical and Histopathological Insights.,PENDING,,,PubMed_Central,,,
v3.1h-066,Metformin contraindication in severe renal disease,Medication_Safety,R3,PARAPHRASE,42671218,chunk-42671218-001,Protective Effects of Luteolin Against Cisplatin-Induced Hepatic and Renal Toxicity: Biochemical and Cellular Evidence.,Protective Effects of Luteolin Against Cisplatin-Induced Hepatic and Renal Toxicity: Biochemical and Cellular Evidence.,PENDING,,,PubMed_Central,,,
v3.1h-066,Metformin contraindication in severe renal disease,Medication_Safety,R3,PARAPHRASE,42674049,chunk-42674049-001,A Near-Infrared Fluorescent Probe for Imaging Nitroxyl Dynamics in Ferroptosis-Associated Drug-Induced Liver Injury.,A Near-Infrared Fluorescent Probe for Imaging Nitroxyl Dynamics in Ferroptosis-Associated Drug-Induced Liver Injury.,PENDING,,,PubMed_Central,,,
v3.1h-066,Metformin contraindication in severe renal disease,Medication_Safety,R3,PARAPHRASE,42674100,chunk-42674100-001,Drug Repurposing Signals for Abdominal Aortic Aneurysms.,Drug Repurposing Signals for Abdominal Aortic Aneurysms.,PENDING,,,PubMed_Central,,,
v3.1h-066,Metformin contraindication in severe renal disease,Medication_Safety,R3,PARAPHRASE,42675227,chunk-42675227-001,Stevioside promotes hepatocyte proliferation via YAP signaling in cholestatic disease.,Stevioside promotes hepatocyte proliferation via YAP signaling in cholestatic disease.,PENDING,,,PubMed_Central,,,
v3.1h-066,Metformin contraindication in severe renal disease,Medication_Safety,R3,PARAPHRASE,42675497,chunk-42675497-001,Delayed ischemic stroke ten days after aluminum phosphide ingestion in a previously healthy 21-year-old Ethiopian woman: a case report.,Delayed ischemic stroke ten days after aluminum phosphide ingestion in a previously healthy 21-year-old Ethiopian woman: a case report.,PENDING,,,PubMed_Central,,,
v3.1h-066,Metformin contraindication in severe renal disease,Medication_Safety,R3,PARAPHRASE,42675994,chunk-42675994-001,"An Adaptive, Time-Informed, Phenotype-Guided Pharmacological Framework for Severe Traumatic Brain Injury : A Hypothesis-Driven Narrative Review.","An Adaptive, Time-Informed, Phenotype-Guided Pharmacological Framework for Severe Traumatic Brain Injury : A Hypothesis-Driven Narrative Review.",PENDING,,,PubMed_Central,,,
v3.1h-066,Metformin contraindication in severe renal disease,Medication_Safety,R3,PARAPHRASE,42676526,chunk-42676526-001,Tricholoma matsutake polypeptide modulates cardiac metabolism and restores autophagic flux to mitigate doxorubicin-induced senescence.,Tricholoma matsutake polypeptide modulates cardiac metabolism and restores autophagic flux to mitigate doxorubicin-induced senescence.,PENDING,,,PubMed_Central,,,
v3.1h-066,Metformin contraindication in severe renal disease,Medication_Safety,R3,PARAPHRASE,42676937,chunk-42676937-001,Evaluation of acne vulgaris patient care in outpatient clinics: guideline adherence and patient education.,Evaluation of acne vulgaris patient care in outpatient clinics: guideline adherence and patient education.,PENDING,,,PubMed_Central,,,
v3.1h-066,Metformin contraindication in severe renal disease,Medication_Safety,R3,PARAPHRASE,42677064,chunk-42677064-001,Targeting Novel Pathways in Pulmonary Arterial Hypertension: A Systematic Review and Meta-Analysis of New Therapeutic Agents.,Targeting Novel Pathways in Pulmonary Arterial Hypertension: A Systematic Review and Meta-Analysis of New Therapeutic Agents.,PENDING,,,PubMed_Central,,,
v3.1h-066,Metformin contraindication in severe renal disease,Medication_Safety,R3,PARAPHRASE,42677606,chunk-42677606-001,Mitochondrial Unfolded Protein Response Regulates Copper-Induced Oxidative Stress via a Sirt3/FOXO3a Signaling Pathway in Chicken Hepatocytes.,Mitochondrial Unfolded Protein Response Regulates Copper-Induced Oxidative Stress via a Sirt3/FOXO3a Signaling Pathway in Chicken Hepatocytes.,PENDING,,,PubMed_Central,,,
v3.1h-066,Metformin contraindication in severe renal disease,Medication_Safety,R3,PARAPHRASE,42677663,chunk-42677663-001,Chronic BDE-47 Exposure Induces DNA Damage in Hepatocytes: Involvement of Oxidative Stress and CYP1A1/2 Upregulation.,Chronic BDE-47 Exposure Induces DNA Damage in Hepatocytes: Involvement of Oxidative Stress and CYP1A1/2 Upregulation.,PENDING,,,PubMed_Central,,,
v3.1h-066,Metformin contraindication in severe renal disease,Medication_Safety,R3,PARAPHRASE,42678094,chunk-42678094-001,Deciphering the Mechanisms of Statin-Ezetimibe Drug Combinations Using Boolean Logical Modeling and Transcriptomic Data.,Deciphering the Mechanisms of Statin-Ezetimibe Drug Combinations Using Boolean Logical Modeling and Transcriptomic Data.,PENDING,,,PubMed_Central,,,
v3.1h-066,Metformin contraindication in severe renal disease,Medication_Safety,R3,PARAPHRASE,42678242,chunk-42678242-001,Hepatoprotective effects of resolvin D1 in mice exposed to ethanol and galactosamine.,Hepatoprotective effects of resolvin D1 in mice exposed to ethanol and galactosamine.,PENDING,,,PubMed_Central,,,
v3.1h-066,Metformin contraindication in severe renal disease,Medication_Safety,R3,PARAPHRASE,42678243,chunk-42678243-001,MSCs overexpressing FGF21 alleviate acetaminophen-induced acute liver injury by eliciting macrophage-mediated phagocytosis.,MSCs overexpressing FGF21 alleviate acetaminophen-induced acute liver injury by eliciting macrophage-mediated phagocytosis.,PENDING,,,PubMed_Central,,,
v3.1h-066,Metformin contraindication in severe renal disease,Medication_Safety,R3,PARAPHRASE,42679743,chunk-42679743-001,Dual-response mitochondria-targeted fluorescent probe for Hypochlorous acid and viscosity: Applications in liver injury diagnosis and environmental monitoring.,Dual-response mitochondria-targeted fluorescent probe for Hypochlorous acid and viscosity: Applications in liver injury diagnosis and environmental monitoring.,PENDING,,,PubMed_Central,,,
v3.1h-066,Metformin contraindication in severe renal disease,Medication_Safety,R3,PARAPHRASE,42679829,chunk-42679829-001,"Adolescent health across Asia Pacific, 2000-23: a systematic analysis for the Global Burden of Disease Study 2023.","Adolescent health across Asia Pacific, 2000-23: a systematic analysis for the Global Burden of Disease Study 2023.",PENDING,,,PubMed_Central,,,
v3.1h-066,Metformin contraindication in severe renal disease,Medication_Safety,R3,PARAPHRASE,42680287,chunk-42680287-001,Lipid-lowering and hepatoprotective effects of Ocimum sanctum L. (Thai holy basil) flower against MASLD and liver inflammation in rats.,Lipid-lowering and hepatoprotective effects of Ocimum sanctum L. (Thai holy basil) flower against MASLD and liver inflammation in rats.,PENDING,,,PubMed_Central,,,
v3.1h-066,Metformin contraindication in severe renal disease,Medication_Safety,R3,PARAPHRASE,42681676,chunk-42681676-001,Targeting breast cancer stem cells by restoring RBM38 function: mechanism and protein delivery therapy.,Targeting breast cancer stem cells by restoring RBM38 function: mechanism and protein delivery therapy.,PENDING,,,PubMed_Central,,,
v3.1h-066,Metformin contraindication in severe renal disease,Medication_Safety,R3,PARAPHRASE,42682722,chunk-42682722-001,"PRO/CON debate: nonsteroidal versus steroidal mineralocorticoid receptor antagonists in chronic kidney disease: progress, pragmatism, and remaining uncertainties.","PRO/CON debate: nonsteroidal versus steroidal mineralocorticoid receptor antagonists in chronic kidney disease: progress, pragmatism, and remaining uncertainties.",PENDING,,,PubMed_Central,,,
v3.1h-067,Warfarin target INR monitoring,Medication_Safety,R3,PARAPHRASE,27148747,chunk-27148747-001,"Alendronate Sodium as Enteric Coated Solid Lipid Nanoparticles; Preparation, Optimization, and In Vivo Evaluation to Enhance Its Oral Bioavailability.","Alendronate Sodium as Enteric Coated Solid Lipid Nanoparticles; Preparation, Optimization, and In Vivo Evaluation to Enhance Its Oral Bioavailability.",PENDING,,,PubMed_Central,,,
v3.1h-067,Warfarin target INR monitoring,Medication_Safety,R3,PARAPHRASE,27956102,chunk-27956102-001,Pharyngolaryngeal ulcers associated with the improper use of alendronate.,Pharyngolaryngeal ulcers associated with the improper use of alendronate.,PENDING,,,PubMed_Central,,,
v3.1h-067,Warfarin target INR monitoring,Medication_Safety,R3,PARAPHRASE,28520369,chunk-28520369-001,Celecoxib Therapy and CYP2C9 Genotype.,Celecoxib Therapy and CYP2C9 Genotype.,PENDING,,,PubMed_Central,,,
v3.1h-067,Warfarin target INR monitoring,Medication_Safety,R3,PARAPHRASE,28520381,chunk-28520381-001,Metoprolol Therapy and CYP2D6 Genotype.,Metoprolol Therapy and CYP2D6 Genotype.,PENDING,,,PubMed_Central,,,
v3.1h-067,Warfarin target INR monitoring,Medication_Safety,R3,PARAPHRASE,29262813,chunk-29262813-001,Renoprotective RAAS inhibition does not affect the association between worse renal function and higher plasma aldosterone levels.,Renoprotective RAAS inhibition does not affect the association between worse renal function and higher plasma aldosterone levels.,PENDING,,,PubMed_Central,,,
v3.1h-067,Warfarin target INR monitoring,Medication_Safety,R3,PARAPHRASE,29856752,chunk-29856752-001,Quality by design approach to optimize the formulation variables influencing the characteristics of biodegradable intramuscular in-situ gel loaded with alendronate sodium for osteoporosis.,Quality by design approach to optimize the formulation variables influencing the characteristics of biodegradable intramuscular in-situ gel loaded with alendronate sodium for osteoporosis.,PENDING,,,PubMed_Central,,,
v3.1h-067,Warfarin target INR monitoring,Medication_Safety,R3,PARAPHRASE,30422511,chunk-30422511-001,Vitamin A Toxicity.,Vitamin A Toxicity.,PENDING,,,PubMed_Central,,,
v3.1h-067,Warfarin target INR monitoring,Medication_Safety,R3,PARAPHRASE,30626809,chunk-30626809-001,Symptoms and Upper Gastrointestinal Mucosal Injury Associated with Bisphosphonate Therapy.,Symptoms and Upper Gastrointestinal Mucosal Injury Associated with Bisphosphonate Therapy.,PENDING,,,PubMed_Central,,,
v3.1h-067,Warfarin target INR monitoring,Medication_Safety,R3,PARAPHRASE,31583609,chunk-31583609-001,Physiologically Based Pharmacokinetic Modelling to Identify Pharmacokinetic Parameters Driving Drug Exposure Changes in the Elderly.,Physiologically Based Pharmacokinetic Modelling to Identify Pharmacokinetic Parameters Driving Drug Exposure Changes in the Elderly.,PENDING,,,PubMed_Central,,,
v3.1h-067,Warfarin target INR monitoring,Medication_Safety,R3,PARAPHRASE,32666144,chunk-32666144-001,Upper gastrointestinal safety of oral bisphosphonate in hospitalized patients.,Upper gastrointestinal safety of oral bisphosphonate in hospitalized patients.,PENDING,,,PubMed_Central,,,
v3.1h-067,Warfarin target INR monitoring,Medication_Safety,R3,PARAPHRASE,32699722,chunk-32699722-001,Metformin Associated Lactic Acidosis in the Intensive Care Unit: A Rare Condition Mimicking Sepsis.,Metformin Associated Lactic Acidosis in the Intensive Care Unit: A Rare Condition Mimicking Sepsis.,PENDING,,,PubMed_Central,,,
v3.1h-067,Warfarin target INR monitoring,Medication_Safety,R3,PARAPHRASE,33048477,chunk-33048477-001,Impact of Green Tea Catechin Ingestion on the Pharmacokinetics of Lisinopril in Healthy Volunteers.,Impact of Green Tea Catechin Ingestion on the Pharmacokinetics of Lisinopril in Healthy Volunteers.,PENDING,,,PubMed_Central,,,
v3.1h-067,Warfarin target INR monitoring,Medication_Safety,R3,PARAPHRASE,33777146,chunk-33777146-001,Severe Oral Mucosal Ulceration Associated with Oral Bisphosphonate Use: The Importance of Imparting Proper Instructions on Medication Administration and Intake.,Severe Oral Mucosal Ulceration Associated with Oral Bisphosphonate Use: The Importance of Imparting Proper Instructions on Medication Administration and Intake.,PENDING,,,PubMed_Central,,,
v3.1h-067,Warfarin target INR monitoring,Medication_Safety,R3,PARAPHRASE,33986677,chunk-33986677-001,"Radiation Increases Bioavailability of Lisinopril, a Mitigator of Radiation-Induced Toxicities.","Radiation Increases Bioavailability of Lisinopril, a Mitigator of Radiation-Induced Toxicities.",PENDING,,,PubMed_Central,,,
v3.1h-067,Warfarin target INR monitoring,Medication_Safety,R3,PARAPHRASE,34258506,chunk-34258506-001,A Prospective Open-Label Observational Study of a Buffered Soluble 70 mg Alendronate Effervescent Tablet on Upper Gastrointestinal Safety and Medication Errors: The GastroPASS Study.,A Prospective Open-Label Observational Study of a Buffered Soluble 70 mg Alendronate Effervescent Tablet on Upper Gastrointestinal Safety and Medication Errors: The GastroPASS Study.,PENDING,,,PubMed_Central,,,
v3.1h-067,Warfarin target INR monitoring,Medication_Safety,R3,PARAPHRASE,36300543,chunk-36300543-001,"The effect of diminazene, an angiotensin-converting enzyme 2 activator, on adenine-induced chronic kidney disease in rats.","The effect of diminazene, an angiotensin-converting enzyme 2 activator, on adenine-induced chronic kidney disease in rats.",PENDING,,,PubMed_Central,,,
v3.1h-067,Warfarin target INR monitoring,Medication_Safety,R3,PARAPHRASE,37539955,chunk-37539955-001,Interventions for chronic kidney disease in people with sickle cell disease.,Interventions for chronic kidney disease in people with sickle cell disease.,PENDING,,,PubMed_Central,,,
v3.1h-067,Warfarin target INR monitoring,Medication_Safety,R3,PARAPHRASE,37715904,chunk-37715904-001,Associations of metal mixtures with thyroid function and potential interactions with iodine status: results from a cross-sectional study in MEWHC.,Associations of metal mixtures with thyroid function and potential interactions with iodine status: results from a cross-sectional study in MEWHC.,PENDING,,,PubMed_Central,,,
v3.1h-067,Warfarin target INR monitoring,Medication_Safety,R3,PARAPHRASE,37746873,chunk-37746873-001,Longitudinal Trajectory of Opioid Prescribing and its Associated Serious Adverse Events: A Population-Wide Cohort Study in Taiwan.,Longitudinal Trajectory of Opioid Prescribing and its Associated Serious Adverse Events: A Population-Wide Cohort Study in Taiwan.,PENDING,,,PubMed_Central,,,
v3.1h-067,Warfarin target INR monitoring,Medication_Safety,R3,PARAPHRASE,38006536,chunk-38006536-001,Clinical and Laboratory Factors Related to Seizure and Serotonin Toxicity in Tramadol Intoxication: An Egyptian Study.,Clinical and Laboratory Factors Related to Seizure and Serotonin Toxicity in Tramadol Intoxication: An Egyptian Study.,PENDING,,,PubMed_Central,,,
v3.1h-067,Warfarin target INR monitoring,Medication_Safety,R3,PARAPHRASE,38053572,chunk-38053572-001,Nephroprotective effects of diminazene on doxorubicin-induced acute kidney injury in rats.,Nephroprotective effects of diminazene on doxorubicin-induced acute kidney injury in rats.,PENDING,,,PubMed_Central,,,
v3.1h-067,Warfarin target INR monitoring,Medication_Safety,R3,PARAPHRASE,38374855,chunk-38374855-001,An Unusual Presentation of Cobblestone Esophagus From Bisphosphonate Use.,An Unusual Presentation of Cobblestone Esophagus From Bisphosphonate Use.,PENDING,,,PubMed_Central,,,
v3.1h-067,Warfarin target INR monitoring,Medication_Safety,R3,PARAPHRASE,38676494,chunk-38676494-001,"A Review of the Association between Infections, Seizures, and Drugs.","A Review of the Association between Infections, Seizures, and Drugs.",PENDING,,,PubMed_Central,,,
v3.1h-067,Warfarin target INR monitoring,Medication_Safety,R3,PARAPHRASE,38710058,chunk-38710058-001,"The Salutary Effects of Diminazene, Lisinopril or Valsartan on Cisplatin - Induced Acute Kidney Injury in Rats: A Comparative Study.","The Salutary Effects of Diminazene, Lisinopril or Valsartan on Cisplatin - Induced Acute Kidney Injury in Rats: A Comparative Study.",PENDING,,,PubMed_Central,,,
v3.1h-067,Warfarin target INR monitoring,Medication_Safety,R3,PARAPHRASE,38758406,chunk-38758406-001,Screening for ferroptosis genes related to endometrial carcinoma and predicting of targeted drugs based on bioinformatics.,Screening for ferroptosis genes related to endometrial carcinoma and predicting of targeted drugs based on bioinformatics.,PENDING,,,PubMed_Central,,,
v3.1h-067,Warfarin target INR monitoring,Medication_Safety,R3,PARAPHRASE,38832136,chunk-38832136-001,From pill to pain: Alendronate-induced esophageal injury-A case report and review.,From pill to pain: Alendronate-induced esophageal injury-A case report and review.,PENDING,,,PubMed_Central,,,
v3.1h-067,Warfarin target INR monitoring,Medication_Safety,R3,PARAPHRASE,39074188,chunk-39074188-001,Sex Differences in Physiological Responses to a National Collegiate Athletic Association Division I Soccer Season.,Sex Differences in Physiological Responses to a National Collegiate Athletic Association Division I Soccer Season.,PENDING,,,PubMed_Central,,,
v3.1h-067,Warfarin target INR monitoring,Medication_Safety,R3,PARAPHRASE,39114562,chunk-39114562-001,A network meta-analysis: evaluating the efficacy and safety of concurrent proton pump inhibitors and clopidogrel therapy in post-PCI patients.,A network meta-analysis: evaluating the efficacy and safety of concurrent proton pump inhibitors and clopidogrel therapy in post-PCI patients.,PENDING,,,PubMed_Central,,,
v3.1h-067,Warfarin target INR monitoring,Medication_Safety,R3,PARAPHRASE,39430173,chunk-39430173-001,Prospective Trial on the Pharmacokinetics of Clopidogrel in Hemodialysis Patients.,Prospective Trial on the Pharmacokinetics of Clopidogrel in Hemodialysis Patients.,PENDING,,,PubMed_Central,,,
v3.1h-067,Warfarin target INR monitoring,Medication_Safety,R3,PARAPHRASE,39817374,chunk-39817374-001,Delineating CYP2C19-mediated Interactions: Network Pharmacology Investigation of Ilaprazole and Clopidogrel versus Conventional Proton Pump Inhibitors.,Delineating CYP2C19-mediated Interactions: Network Pharmacology Investigation of Ilaprazole and Clopidogrel versus Conventional Proton Pump Inhibitors.,PENDING,,,PubMed_Central,,,
v3.1h-067,Warfarin target INR monitoring,Medication_Safety,R3,PARAPHRASE,40149400,chunk-40149400-001,The Association Between Statin Drugs and Rhabdomyolysis: An Analysis of FDA Adverse Event Reporting System (FAERS) Data and Transcriptomic Profiles.,The Association Between Statin Drugs and Rhabdomyolysis: An Analysis of FDA Adverse Event Reporting System (FAERS) Data and Transcriptomic Profiles.,PENDING,,,PubMed_Central,,,
v3.1h-067,Warfarin target INR monitoring,Medication_Safety,R3,PARAPHRASE,40198642,chunk-40198642-001,Impact of Ginkgo biloba drug interactions on bleeding risk and coagulation profiles: A comprehensive analysis.,Impact of Ginkgo biloba drug interactions on bleeding risk and coagulation profiles: A comprehensive analysis.,PENDING,,,PubMed_Central,,,
v3.1h-067,Warfarin target INR monitoring,Medication_Safety,R3,PARAPHRASE,40242084,chunk-40242084-001,Tramadol use and risk of seizure: A report of two cases and a review of recent literature.,Tramadol use and risk of seizure: A report of two cases and a review of recent literature.,PENDING,,,PubMed_Central,,,
v3.1h-067,Warfarin target INR monitoring,Medication_Safety,R3,PARAPHRASE,40272900,chunk-40272900-001,In vitro seizure risk assessment using a microelectrode array and comparison with an in vivo rat study.,In vitro seizure risk assessment using a microelectrode array and comparison with an in vivo rat study.,PENDING,,,PubMed_Central,,,
v3.1h-067,Warfarin target INR monitoring,Medication_Safety,R3,PARAPHRASE,40289797,chunk-40289797-001,Association of Biomarkers With Intracerebral Hematoma Expansion and Arterial Thromboembolic Events in Patients With Acute Intracranial Hemorrhage: The ANNEXA-I Biomarker Substudy.,Association of Biomarkers With Intracerebral Hematoma Expansion and Arterial Thromboembolic Events in Patients With Acute Intracranial Hemorrhage: The ANNEXA-I Biomarker Substudy.,PENDING,,,PubMed_Central,,,
v3.1h-067,Warfarin target INR monitoring,Medication_Safety,R3,PARAPHRASE,40357791,chunk-40357791-001,Antiplatelet-Proton Pump Inhibitor Interactions and Arterial Thrombotic Events: A Pharmacovigilance Assessment using Disproportionality and Interaction Analysis.,Antiplatelet-Proton Pump Inhibitor Interactions and Arterial Thrombotic Events: A Pharmacovigilance Assessment using Disproportionality and Interaction Analysis.,PENDING,,,PubMed_Central,,,
v3.1h-067,Warfarin target INR monitoring,Medication_Safety,R3,PARAPHRASE,40406172,chunk-40406172-001,Digoxin for Fetal Tachyarrhythmia: Toxicity in an Underweight Mother.,Digoxin for Fetal Tachyarrhythmia: Toxicity in an Underweight Mother.,PENDING,,,PubMed_Central,,,
v3.1h-067,Warfarin target INR monitoring,Medication_Safety,R3,PARAPHRASE,40618353,chunk-40618353-001,[Management of emergencies in direct oral anticoagulant-treated patients: practice pearls].,[Management of emergencies in direct oral anticoagulant-treated patients: practice pearls].,PENDING,,,PubMed_Central,,,
v3.1h-067,Warfarin target INR monitoring,Medication_Safety,R3,PARAPHRASE,40685887,chunk-40685887-001,Efficacy and Safety of Clopidogrel With and Without a Proton Pump Inhibitor: A Systematic Review and Meta-Analysis.,Efficacy and Safety of Clopidogrel With and Without a Proton Pump Inhibitor: A Systematic Review and Meta-Analysis.,PENDING,,,PubMed_Central,,,
v3.1h-067,Warfarin target INR monitoring,Medication_Safety,R3,PARAPHRASE,40749454,chunk-40749454-001,Drug-Related epileptic seizures and Age-Specific Differences: A Real-World study based on the FAERS database.,Drug-Related epileptic seizures and Age-Specific Differences: A Real-World study based on the FAERS database.,PENDING,,,PubMed_Central,,,
v3.1h-067,Warfarin target INR monitoring,Medication_Safety,R3,PARAPHRASE,40771914,chunk-40771914-001,"Pharmacodynamics, pharmacokinetics, interactions with other drugs, toxicity and clinical effectiveness of proton pump inhibitors.","Pharmacodynamics, pharmacokinetics, interactions with other drugs, toxicity and clinical effectiveness of proton pump inhibitors.",PENDING,,,PubMed_Central,,,
v3.1h-067,Warfarin target INR monitoring,Medication_Safety,R3,PARAPHRASE,40825054,chunk-40825054-001,"Analysis of hemorrhagic transformation and intracerebral hemorrhage under combination therapy with alteplase and antiplatelets or anticoagulants, using the Japanese Adverse Drug Event Report database.","Analysis of hemorrhagic transformation and intracerebral hemorrhage under combination therapy with alteplase and antiplatelets or anticoagulants, using the Japanese Adverse Drug Event Report database.",PENDING,,,PubMed_Central,,,
v3.1h-067,Warfarin target INR monitoring,Medication_Safety,R3,PARAPHRASE,40828441,chunk-40828441-001,Oral anticoagulants-related bleeding: what happens in the emergency room? The Galeno study.,Oral anticoagulants-related bleeding: what happens in the emergency room? The Galeno study.,PENDING,,,PubMed_Central,,,
v3.1h-067,Warfarin target INR monitoring,Medication_Safety,R3,PARAPHRASE,40845290,chunk-40845290-001,The Effects of a Semester of Preprofessional Dance Training on Biomarkers and Performance Variables in Elite Adolescent Ballet Dancers.,The Effects of a Semester of Preprofessional Dance Training on Biomarkers and Performance Variables in Elite Adolescent Ballet Dancers.,PENDING,,,PubMed_Central,,,
v3.1h-067,Warfarin target INR monitoring,Medication_Safety,R3,PARAPHRASE,40881144,chunk-40881144-001,A Description of QT-Interval Prolonging Drug Interactions with Fluoroquinolones in Older Women with Uncomplicated Urinary Tract Infections.,A Description of QT-Interval Prolonging Drug Interactions with Fluoroquinolones in Older Women with Uncomplicated Urinary Tract Infections.,PENDING,,,PubMed_Central,,,
v3.1h-067,Warfarin target INR monitoring,Medication_Safety,R3,PARAPHRASE,40910969,chunk-40910969-001,The Risk of Breakthrough Cardiac Events Associated With Psychiatric Medications in Patients With Diagnosed and Clinically Treated Long QT Syndrome.,The Risk of Breakthrough Cardiac Events Associated With Psychiatric Medications in Patients With Diagnosed and Clinically Treated Long QT Syndrome.,PENDING,,,PubMed_Central,,,
v3.1h-067,Warfarin target INR monitoring,Medication_Safety,R3,PARAPHRASE,40915652,chunk-40915652-001,Nonsteroidal Anti-Inflammatory Drugs and Risk of Gastrointestinal Bleeding: A Systematic Review and Meta-Analysis.,Nonsteroidal Anti-Inflammatory Drugs and Risk of Gastrointestinal Bleeding: A Systematic Review and Meta-Analysis.,PENDING,,,PubMed_Central,,,
v3.1h-067,Warfarin target INR monitoring,Medication_Safety,R3,PARAPHRASE,40978465,chunk-40978465-001,Abnormal Ca(2+) handling and reduced I(to) contribute to citalopram-induced QT prolongation and cardiac arrhythmias.,Abnormal Ca(2+) handling and reduced I(to) contribute to citalopram-induced QT prolongation and cardiac arrhythmias.,PENDING,,,PubMed_Central,,,
v3.1h-067,Warfarin target INR monitoring,Medication_Safety,R3,PARAPHRASE,40988289,chunk-40988289-001,Drug-drug interactions: A descriptive analysis of FDA adverse event reporting system.,Drug-drug interactions: A descriptive analysis of FDA adverse event reporting system.,PENDING,,,PubMed_Central,,,
v3.1h-067,Warfarin target INR monitoring,Medication_Safety,R3,PARAPHRASE,41004670,chunk-41004670-001,"Correlation Between Escitalopram, Sertraline, and Fluoxetine Serum Levels and QTc Interval Prolongation in Children and Adolescents.","Correlation Between Escitalopram, Sertraline, and Fluoxetine Serum Levels and QTc Interval Prolongation in Children and Adolescents.",PENDING,,,PubMed_Central,,,
v3.1h-067,Warfarin target INR monitoring,Medication_Safety,R3,PARAPHRASE,41017291,chunk-41017291-001,Use of Drugs With Actionable Pharmacogenetic Biomarkers and Possible Prescribing Changes Among Older People.,Use of Drugs With Actionable Pharmacogenetic Biomarkers and Possible Prescribing Changes Among Older People.,PENDING,,,PubMed_Central,,,
v3.1h-067,Warfarin target INR monitoring,Medication_Safety,R3,PARAPHRASE,41061201,chunk-41061201-001,Risk of Seizure Associated With Concomitant Use of Tramadol and Antidepressants in Older Nursing Home Residents.,Risk of Seizure Associated With Concomitant Use of Tramadol and Antidepressants in Older Nursing Home Residents.,PENDING,,,PubMed_Central,,,
v3.1h-067,Warfarin target INR monitoring,Medication_Safety,R3,PARAPHRASE,41075377,chunk-41075377-001,Interpretation of the association between thyroid peroxidase antibodies and thyroid function during pregnancy: An individual participant data meta-analysis.,Interpretation of the association between thyroid peroxidase antibodies and thyroid function during pregnancy: An individual participant data meta-analysis.,PENDING,,,PubMed_Central,,,
v3.1h-067,Warfarin target INR monitoring,Medication_Safety,R3,PARAPHRASE,41077316,chunk-41077316-001,Metabolic enzyme-mediated pharmacokinetic and pharmacodynamic interactions between Danshen Yin and clopidogrel in normal and acute myocardial infarction rats.,Metabolic enzyme-mediated pharmacokinetic and pharmacodynamic interactions between Danshen Yin and clopidogrel in normal and acute myocardial infarction rats.,PENDING,,,PubMed_Central,,,
v3.1h-067,Warfarin target INR monitoring,Medication_Safety,R3,PARAPHRASE,41085374,chunk-41085374-001,Assessing Impact of Concomitant Use of Proton Pump Inhibitors and Clopidogrel on Incidence of Major Adverse Cardiovascular Events: A Retrospective Cohort Study.,Assessing Impact of Concomitant Use of Proton Pump Inhibitors and Clopidogrel on Incidence of Major Adverse Cardiovascular Events: A Retrospective Cohort Study.,PENDING,,,PubMed_Central,,,
v3.1h-067,Warfarin target INR monitoring,Medication_Safety,R3,PARAPHRASE,41089323,chunk-41089323-001,Arrhythmic events pertinent with antidepressants: a Bayesian disproportional analysis mining the FDA Adverse Event Reporting System database.,Arrhythmic events pertinent with antidepressants: a Bayesian disproportional analysis mining the FDA Adverse Event Reporting System database.,PENDING,,,PubMed_Central,,,
v3.1h-067,Warfarin target INR monitoring,Medication_Safety,R3,PARAPHRASE,41098965,chunk-41098965-001,Procoagulant off-target effect of the direct oral anticoagulant reversal agent Andexanet alfa.,Procoagulant off-target effect of the direct oral anticoagulant reversal agent Andexanet alfa.,PENDING,,,PubMed_Central,,,
v3.1h-067,Warfarin target INR monitoring,Medication_Safety,R3,PARAPHRASE,41100334,chunk-41100334-001,Review of Safety and Efficacy of Polmacoxib: A Novel Dual Inhibitor of Cyclo-oxygenase 2 and Carbonic Anhydrase in Osteoarthritis and Acute Painful Conditions.,Review of Safety and Efficacy of Polmacoxib: A Novel Dual Inhibitor of Cyclo-oxygenase 2 and Carbonic Anhydrase in Osteoarthritis and Acute Painful Conditions.,PENDING,,,PubMed_Central,,,
v3.1h-067,Warfarin target INR monitoring,Medication_Safety,R3,PARAPHRASE,41109285,chunk-41109285-001,Challenges in the treatment of hypothyroidism: malabsorption and pseudo-malabsorption of levothyroxine.,Challenges in the treatment of hypothyroidism: malabsorption and pseudo-malabsorption of levothyroxine.,PENDING,,,PubMed_Central,,,
v3.1h-067,Warfarin target INR monitoring,Medication_Safety,R3,PARAPHRASE,41112691,chunk-41112691-001,"Risk Factors Associated with Thrombus Development Following Pharmacologic Anticoagulation Reversal with Coagulation Factor Xa [Recombinant], Inactivated-zhzo.","Risk Factors Associated with Thrombus Development Following Pharmacologic Anticoagulation Reversal with Coagulation Factor Xa [Recombinant], Inactivated-zhzo.",PENDING,,,PubMed_Central,,,
v3.1h-067,Warfarin target INR monitoring,Medication_Safety,R3,PARAPHRASE,41141842,chunk-41141842-001,Andexanet alfa for the reversal of the low-molecular-weight heparin enoxaparin.,Andexanet alfa for the reversal of the low-molecular-weight heparin enoxaparin.,PENDING,,,PubMed_Central,,,
v3.1h-067,Warfarin target INR monitoring,Medication_Safety,R3,PARAPHRASE,41158891,chunk-41158891-001,Seizures Following Single-Dose Intravenous Tramadol for Postsurgical Pain: A Report of Two Cases.,Seizures Following Single-Dose Intravenous Tramadol for Postsurgical Pain: A Report of Two Cases.,PENDING,,,PubMed_Central,,,
v3.1h-067,Warfarin target INR monitoring,Medication_Safety,R3,PARAPHRASE,41177211,chunk-41177211-001,Biomedical pharmacology study on metformin and glucose (PMID 41177211),Metformin decreases hepatic glucose production and decreases intestinal absorption of glucose.,PENDING,,,PubMed_Central,,,
v3.1h-067,Warfarin target INR monitoring,Medication_Safety,R3,PARAPHRASE,41225655,chunk-41225655-001,TNF-α inhibitor etanercept improves cerebrovascular function in elderly RA patients: findings from a randomized controlled trial.,TNF-α inhibitor etanercept improves cerebrovascular function in elderly RA patients: findings from a randomized controlled trial.,PENDING,,,PubMed_Central,,,
v3.1h-067,Warfarin target INR monitoring,Medication_Safety,R3,PARAPHRASE,41266704,chunk-41266704-001,Andexanet Alfa in Emergency Cranial Neurosurgical Procedures: A Bicentric Analysis of Efficacy and Safety.,Andexanet Alfa in Emergency Cranial Neurosurgical Procedures: A Bicentric Analysis of Efficacy and Safety.,PENDING,,,PubMed_Central,,,
v3.1h-067,Warfarin target INR monitoring,Medication_Safety,R3,PARAPHRASE,41278442,chunk-41278442-001,Pharmacological management of major complications following left ventricular assist device implantation in type 2 diabetes mellitus.,Pharmacological management of major complications following left ventricular assist device implantation in type 2 diabetes mellitus.,PENDING,,,PubMed_Central,,,
v3.1h-067,Warfarin target INR monitoring,Medication_Safety,R3,PARAPHRASE,41323006,chunk-41323006-001,"Randomized, Double-Blind, Placebo-Controlled, Dose-Ranging Comparison of the Analgesic Efficacy and Safety of Intravenous Ketoprofen, Tramadol, and Morphine After Bony Impacted Mandibular Third Molar Surgery.","Randomized, Double-Blind, Placebo-Controlled, Dose-Ranging Comparison of the Analgesic Efficacy and Safety of Intravenous Ketoprofen, Tramadol, and Morphine After Bony Impacted Mandibular Third Molar Surgery.",PENDING,,,PubMed_Central,,,
v3.1h-067,Warfarin target INR monitoring,Medication_Safety,R3,PARAPHRASE,41347947,chunk-41347947-001,"Navigating complementary and alternative medicine use, medication adherence, and herb-drug interaction risks among gout patients: a multicenter cross-sectional study in indonesia.","Navigating complementary and alternative medicine use, medication adherence, and herb-drug interaction risks among gout patients: a multicenter cross-sectional study in indonesia.",PENDING,,,PubMed_Central,,,
v3.1h-067,Warfarin target INR monitoring,Medication_Safety,R3,PARAPHRASE,41397500,chunk-41397500-001,Exploring the link between antipsychotic and antidepressant use and severe QT prolongation: Impacts on ventricular arrhythmias and sudden cardiac death.,Exploring the link between antipsychotic and antidepressant use and severe QT prolongation: Impacts on ventricular arrhythmias and sudden cardiac death.,PENDING,,,PubMed_Central,,,
v3.1h-067,Warfarin target INR monitoring,Medication_Safety,R3,PARAPHRASE,41406988,chunk-41406988-001,Trends and variation in the use of andexanet alfa for the reversal of direct oral anticoagulants in NHS trusts in England.,Trends and variation in the use of andexanet alfa for the reversal of direct oral anticoagulants in NHS trusts in England.,PENDING,,,PubMed_Central,,,
v3.1h-067,Warfarin target INR monitoring,Medication_Safety,R3,PARAPHRASE,41428604,chunk-41428604-001,The Stability of Drugs Commonly Used in Intensive Care Units Co-Administered via Feeding Tube and Its Dependence on pH: An in vitro Study.,The Stability of Drugs Commonly Used in Intensive Care Units Co-Administered via Feeding Tube and Its Dependence on pH: An in vitro Study.,PENDING,,,PubMed_Central,,,
v3.1h-067,Warfarin target INR monitoring,Medication_Safety,R3,PARAPHRASE,41452043,chunk-41452043-001,Rising Escitalopram Use in British Columbia: Is it Rational and Evidence-Informed?,Rising Escitalopram Use in British Columbia: Is it Rational and Evidence-Informed?,PENDING,,,PubMed_Central,,,
v3.1h-067,Warfarin target INR monitoring,Medication_Safety,R3,PARAPHRASE,41459594,chunk-41459594-001,Degree of Cyclooxygenase-2 Inhibition Modulates Blood Pressure Response.,Degree of Cyclooxygenase-2 Inhibition Modulates Blood Pressure Response.,PENDING,,,PubMed_Central,,,
v3.1h-067,Warfarin target INR monitoring,Medication_Safety,R3,PARAPHRASE,41463106,chunk-41463106-001,Reconsidering Digoxin in Atrial Fibrillation: From Historical Controversy to Physiologically Guided and Personalized Rate Control.,Reconsidering Digoxin in Atrial Fibrillation: From Historical Controversy to Physiologically Guided and Personalized Rate Control.,PENDING,,,PubMed_Central,,,
v3.1h-067,Warfarin target INR monitoring,Medication_Safety,R3,PARAPHRASE,41489241,chunk-41489241-001,The role of a fixed combination of ibuprofen/paracetamol in the management of acute pain: an Italian expert narrative review.,The role of a fixed combination of ibuprofen/paracetamol in the management of acute pain: an Italian expert narrative review.,PENDING,,,PubMed_Central,,,
v3.1h-067,Warfarin target INR monitoring,Medication_Safety,R3,PARAPHRASE,41496228,chunk-41496228-001,The impact of prenatal maternal-fetal metal levels and placental transfer efficiency of metals on neonatal thyroid function: The modulatory role of maternal vitamin D levels in pregnancy.,The impact of prenatal maternal-fetal metal levels and placental transfer efficiency of metals on neonatal thyroid function: The modulatory role of maternal vitamin D levels in pregnancy.,PENDING,,,PubMed_Central,,,
v3.1h-067,Warfarin target INR monitoring,Medication_Safety,R3,PARAPHRASE,41733550,chunk-41733550-001,Cyclooxygenase-2 Inhibition and Anti-Platelet Aggregation Activity of Astaxanthin-Hydrogel in Comparison to Celecoxib Against Rheumatoid Arthritis in Wistar Rat Model.,Cyclooxygenase-2 Inhibition and Anti-Platelet Aggregation Activity of Astaxanthin-Hydrogel in Comparison to Celecoxib Against Rheumatoid Arthritis in Wistar Rat Model.,PENDING,,,PubMed_Central,,,
v3.1h-067,Warfarin target INR monitoring,Medication_Safety,R3,PARAPHRASE,41748094,chunk-41748094-001,Heart Rate-Corrected QT Interval Dynamics Following Antidepressant Switching from Escitalopram to High-Dose Venlafaxine: Cardiac Safety Insights from the Early Medication Change Cohort.,Heart Rate-Corrected QT Interval Dynamics Following Antidepressant Switching from Escitalopram to High-Dose Venlafaxine: Cardiac Safety Insights from the Early Medication Change Cohort.,PENDING,,,PubMed_Central,,,
v3.1h-067,Warfarin target INR monitoring,Medication_Safety,R3,PARAPHRASE,41754906,chunk-41754906-001,"An Overview of Anticoagulant Drugs Pharmacology, Therapeutic Approaches, Limitations and Perspectives.","An Overview of Anticoagulant Drugs Pharmacology, Therapeutic Approaches, Limitations and Perspectives.",PENDING,,,PubMed_Central,,,
v3.1h-067,Warfarin target INR monitoring,Medication_Safety,R3,PARAPHRASE,41766537,chunk-41766537-001,Increased Risk of Ischemic Events in Patients With Stroke Treated With Clopidogrel and a P-CAB or PPI.,Increased Risk of Ischemic Events in Patients With Stroke Treated With Clopidogrel and a P-CAB or PPI.,PENDING,,,PubMed_Central,,,
v3.1h-067,Warfarin target INR monitoring,Medication_Safety,R3,PARAPHRASE,41776019,chunk-41776019-001,Andexanet alfa Reduces Hematoma Expansion Following Controlled Cortical Impact in Mice Pretreated with Rivaroxaban.,Andexanet alfa Reduces Hematoma Expansion Following Controlled Cortical Impact in Mice Pretreated with Rivaroxaban.,PENDING,,,PubMed_Central,,,
v3.1h-067,Warfarin target INR monitoring,Medication_Safety,R3,PARAPHRASE,41791695,chunk-41791695-001,"Harnessing the gut-heart axis for cardiovascular drug innovation: microbiome, metabolites, and personalized treatment strategies.","Harnessing the gut-heart axis for cardiovascular drug innovation: microbiome, metabolites, and personalized treatment strategies.",PENDING,,,PubMed_Central,,,
v3.1h-067,Warfarin target INR monitoring,Medication_Safety,R3,PARAPHRASE,41808861,chunk-41808861-001,Network toxicology reveals key genes of amiodarone induced pulmonary fibrosis: based on machine learning and SHAP analysis.,Network toxicology reveals key genes of amiodarone induced pulmonary fibrosis: based on machine learning and SHAP analysis.,PENDING,,,PubMed_Central,,,
v3.1h-067,Warfarin target INR monitoring,Medication_Safety,R3,PARAPHRASE,41811250,chunk-41811250-001,Influence of transporter polymorphisms on digoxin serum concentrations: a systematic review and meta-analysis.,Influence of transporter polymorphisms on digoxin serum concentrations: a systematic review and meta-analysis.,PENDING,,,PubMed_Central,,,
v3.1h-067,Warfarin target INR monitoring,Medication_Safety,R3,PARAPHRASE,41818114,chunk-41818114-001,Dabigatran-induced Gastrointestinal Bleed Treated by 4-factor Prothrombin Complex Concentrate in a Tertiary Care Hospital in Sikkim.,Dabigatran-induced Gastrointestinal Bleed Treated by 4-factor Prothrombin Complex Concentrate in a Tertiary Care Hospital in Sikkim.,PENDING,,,PubMed_Central,,,
v3.1h-067,Warfarin target INR monitoring,Medication_Safety,R3,PARAPHRASE,41828566,chunk-41828566-001,"Integrating Network Toxicology, Machine Learning, and Molecular Dynamics to Explore the Molecular Network of Triclosan-Induced Acute Myocardial Infarction.","Integrating Network Toxicology, Machine Learning, and Molecular Dynamics to Explore the Molecular Network of Triclosan-Induced Acute Myocardial Infarction.",PENDING,,,PubMed_Central,,,
v3.1h-067,Warfarin target INR monitoring,Medication_Safety,R3,PARAPHRASE,41833262,chunk-41833262-001,Pearls and Pitfalls for the Emergency Clinician: Beta Blocker and Calcium Channel Blocker Toxicity.,Pearls and Pitfalls for the Emergency Clinician: Beta Blocker and Calcium Channel Blocker Toxicity.,PENDING,,,PubMed_Central,,,
v3.1h-067,Warfarin target INR monitoring,Medication_Safety,R3,PARAPHRASE,41839242,chunk-41839242-001,ABI3BP protects against cerebral ischemia-reperfusion injury by preserving blood-brain barrier integrity and activating PI3K/Akt signaling.,ABI3BP protects against cerebral ischemia-reperfusion injury by preserving blood-brain barrier integrity and activating PI3K/Akt signaling.,PENDING,,,PubMed_Central,,,
v3.1h-067,Warfarin target INR monitoring,Medication_Safety,R3,PARAPHRASE,41840835,chunk-41840835-001,Signal detection of drug-induced esophageal ulcer across 20 years of real-world study: Focus on 49 high-risk medicines.,Signal detection of drug-induced esophageal ulcer across 20 years of real-world study: Focus on 49 high-risk medicines.,PENDING,,,PubMed_Central,,,
v3.1h-067,Warfarin target INR monitoring,Medication_Safety,R3,PARAPHRASE,41846702,chunk-41846702-001,Acute Myocardial Infarction Secondary to Triple Vessel Coronary Artery Disease in a 31-year-old Female with Systemic Lupus Erythematosus: Case Report and Review of Literature.,Acute Myocardial Infarction Secondary to Triple Vessel Coronary Artery Disease in a 31-year-old Female with Systemic Lupus Erythematosus: Case Report and Review of Literature.,PENDING,,,PubMed_Central,,,
v3.1h-067,Warfarin target INR monitoring,Medication_Safety,R3,PARAPHRASE,41848246,chunk-41848246-001,[Nausea and dystonia in a woman with psychiatric illness].,[Nausea and dystonia in a woman with psychiatric illness].,PENDING,,,PubMed_Central,,,
v3.1h-067,Warfarin target INR monitoring,Medication_Safety,R3,PARAPHRASE,41858685,chunk-41858685-001,Impact of nutrition education intervention on dietary intake among pregnant women with hypothyroidism - A randomized controlled trial.,Impact of nutrition education intervention on dietary intake among pregnant women with hypothyroidism - A randomized controlled trial.,PENDING,,,PubMed_Central,,,
v3.1h-067,Warfarin target INR monitoring,Medication_Safety,R3,PARAPHRASE,41873481,chunk-41873481-001,Acceptance of recommendations by a pharmacogenetics clinic.,Acceptance of recommendations by a pharmacogenetics clinic.,PENDING,,,PubMed_Central,,,
v3.1h-067,Warfarin target INR monitoring,Medication_Safety,R3,PARAPHRASE,41924710,chunk-41924710-001,"DXM, CYP2D6-inhibiting antidepressants, piracetam, and glutamine: proposing a ketamine-class antidepressant regimen with existing drugs.","DXM, CYP2D6-inhibiting antidepressants, piracetam, and glutamine: proposing a ketamine-class antidepressant regimen with existing drugs.",PENDING,,,PubMed_Central,,,
v3.1h-067,Warfarin target INR monitoring,Medication_Safety,R3,PARAPHRASE,41976898,chunk-41976898-001,Anticoagulation Stewardship Program in the DOAC Era.,Anticoagulation Stewardship Program in the DOAC Era.,PENDING,,,PubMed_Central,,,
v3.1h-067,Warfarin target INR monitoring,Medication_Safety,R3,PARAPHRASE,41977337,chunk-41977337-001,Pharmacological Management of Thrombosis: Current State and Future Strategies.,Pharmacological Management of Thrombosis: Current State and Future Strategies.,PENDING,,,PubMed_Central,,,
v3.1h-067,Warfarin target INR monitoring,Medication_Safety,R3,PARAPHRASE,42005166,chunk-42005166-001,Inhibitor-Free Variant of the Cheung Regimen: Successful Adjunctive Therapy in Long-Standing Hypochondriasis With Prominent Somatic Features.,Inhibitor-Free Variant of the Cheung Regimen: Successful Adjunctive Therapy in Long-Standing Hypochondriasis With Prominent Somatic Features.,PENDING,,,PubMed_Central,,,
v3.1h-067,Warfarin target INR monitoring,Medication_Safety,R3,PARAPHRASE,42007940,chunk-42007940-001,Acute pharmaceutical poisoning as a cause of seizure events: a database analysis (2011-2023).,Acute pharmaceutical poisoning as a cause of seizure events: a database analysis (2011-2023).,PENDING,,,PubMed_Central,,,
v3.1h-067,Warfarin target INR monitoring,Medication_Safety,R3,PARAPHRASE,42034022,chunk-42034022-001,Lower dosing of Loxoprofen in type two diabetics with bone fractures/surgeries; Distinction from common NSAIDs.,Lower dosing of Loxoprofen in type two diabetics with bone fractures/surgeries; Distinction from common NSAIDs.,PENDING,,,PubMed_Central,,,
v3.1h-067,Warfarin target INR monitoring,Medication_Safety,R3,PARAPHRASE,42045358,chunk-42045358-001,Prevalence of drug-induced interstitial lung disease in Saudi Arabia: a real-world data study.,Prevalence of drug-induced interstitial lung disease in Saudi Arabia: a real-world data study.,PENDING,,,PubMed_Central,,,
v3.1h-067,Warfarin target INR monitoring,Medication_Safety,R3,PARAPHRASE,42055120,chunk-42055120-001,"Impact of Fluoxetine Brain Concentrations, Plasma Exposure, and Neurometabolism on Depressive and Anxiety Symptoms in Adolescents: A Multimodal Fluorine and Proton Magnetic Resonance Spectroscopy Study.","Impact of Fluoxetine Brain Concentrations, Plasma Exposure, and Neurometabolism on Depressive and Anxiety Symptoms in Adolescents: A Multimodal Fluorine and Proton Magnetic Resonance Spectroscopy Study.",PENDING,,,PubMed_Central,,,
v3.1h-067,Warfarin target INR monitoring,Medication_Safety,R3,PARAPHRASE,42063765,chunk-42063765-001,Evaluation of community pharmacists' knowledge and real-world practices in drug interaction management: a cross-sectional study.,Evaluation of community pharmacists' knowledge and real-world practices in drug interaction management: a cross-sectional study.,PENDING,,,PubMed_Central,,,
v3.1h-067,Warfarin target INR monitoring,Medication_Safety,R3,PARAPHRASE,42087312,chunk-42087312-001,Anticoagulation in Patients With Gastrointestinal Disease.,Anticoagulation in Patients With Gastrointestinal Disease.,PENDING,,,PubMed_Central,,,
v3.1h-067,Warfarin target INR monitoring,Medication_Safety,R3,PARAPHRASE,42121128,chunk-42121128-001,Evaluation of drugs and risk factors requiring therapeutic drug monitoring in the Neonatal Intensive Care Unit: a retrospective study.,Evaluation of drugs and risk factors requiring therapeutic drug monitoring in the Neonatal Intensive Care Unit: a retrospective study.,PENDING,,,PubMed_Central,,,
v3.1h-067,Warfarin target INR monitoring,Medication_Safety,R3,PARAPHRASE,42125454,chunk-42125454-001,Milnacipran continuation during pregnancy in a patient with severe post-traumatic stress disorder and psychotic depression: a case report with 3-year pediatric follow-up.,Milnacipran continuation during pregnancy in a patient with severe post-traumatic stress disorder and psychotic depression: a case report with 3-year pediatric follow-up.,PENDING,,,PubMed_Central,,,
v3.1h-067,Warfarin target INR monitoring,Medication_Safety,R3,PARAPHRASE,42128628,chunk-42128628-001,Comparative efficacy and safety of apixaban and rivaroxaban versus warfarin in atrial fibrillation patients with end-stage renal disease: a systematic review and meta-analysis.,Comparative efficacy and safety of apixaban and rivaroxaban versus warfarin in atrial fibrillation patients with end-stage renal disease: a systematic review and meta-analysis.,PENDING,,,PubMed_Central,,,
v3.1h-067,Warfarin target INR monitoring,Medication_Safety,R3,PARAPHRASE,42128899,chunk-42128899-001,Cilostazol mitigates amiodarone-induced pulmonary toxicity and fibrosis by regulating the cAMP/TGF-β1 pathway-mediated epithelial-to-mesenchymal transition in rats.,Cilostazol mitigates amiodarone-induced pulmonary toxicity and fibrosis by regulating the cAMP/TGF-β1 pathway-mediated epithelial-to-mesenchymal transition in rats.,PENDING,,,PubMed_Central,,,
v3.1h-067,Warfarin target INR monitoring,Medication_Safety,R3,PARAPHRASE,42150307,chunk-42150307-001,Metabolomic signatures of SSRI exposure during neural differentiation and correlation of lysophosphatidylcholines with early symptoms of neurodevelopmental disorders.,Metabolomic signatures of SSRI exposure during neural differentiation and correlation of lysophosphatidylcholines with early symptoms of neurodevelopmental disorders.,PENDING,,,PubMed_Central,,,
v3.1h-067,Warfarin target INR monitoring,Medication_Safety,R3,PARAPHRASE,42159622,chunk-42159622-001,The hidden impact of renal impairment on ribociclib exposure and co-medications: a case report.,The hidden impact of renal impairment on ribociclib exposure and co-medications: a case report.,PENDING,,,PubMed_Central,,,
v3.1h-067,Warfarin target INR monitoring,Medication_Safety,R3,PARAPHRASE,42181774,chunk-42181774-001,Transient abnormal acylcarnitine profile in newborn screening mimicking multiple acyl-Coenzyme A dehydrogenase deficiency associated with maternal sertraline use.,Transient abnormal acylcarnitine profile in newborn screening mimicking multiple acyl-Coenzyme A dehydrogenase deficiency associated with maternal sertraline use.,PENDING,,,PubMed_Central,,,
v3.1h-067,Warfarin target INR monitoring,Medication_Safety,R3,PARAPHRASE,42192153,chunk-42192153-001,Folic acid attenuates maternal sertraline-induced hepatic injury in rat offspring.,Folic acid attenuates maternal sertraline-induced hepatic injury in rat offspring.,PENDING,,,PubMed_Central,,,
v3.1h-067,Warfarin target INR monitoring,Medication_Safety,R3,PARAPHRASE,42206096,chunk-42206096-001,"Anticoagulation associated intracerebral haemorrhage trends, treatment and outcomes in a metropolitan cohort: analysed by availability of specific versus non-specific reversal agents.","Anticoagulation associated intracerebral haemorrhage trends, treatment and outcomes in a metropolitan cohort: analysed by availability of specific versus non-specific reversal agents.",PENDING,,,PubMed_Central,,,
v3.1h-067,Warfarin target INR monitoring,Medication_Safety,R3,PARAPHRASE,42216360,chunk-42216360-001,Real-world off-label apixaban dosing and clinical outcomes in patients with heart failure and end-stage kidney disease.,Real-world off-label apixaban dosing and clinical outcomes in patients with heart failure and end-stage kidney disease.,PENDING,,,PubMed_Central,,,
v3.1h-067,Warfarin target INR monitoring,Medication_Safety,R3,PARAPHRASE,42238941,chunk-42238941-001,"A Cross-Sectional Study on Oral Anticoagulant Utilization and Adverse Drug Reactions at Teaching Hospital, Iran.","A Cross-Sectional Study on Oral Anticoagulant Utilization and Adverse Drug Reactions at Teaching Hospital, Iran.",PENDING,,,PubMed_Central,,,
v3.1h-067,Warfarin target INR monitoring,Medication_Safety,R3,PARAPHRASE,42246839,chunk-42246839-001,Routine blood monitoring in acne vulgaris patients on isotretinoin: Is reassessment warranted? A retrospective cohort study from Tygerberg Hospital.,Routine blood monitoring in acne vulgaris patients on isotretinoin: Is reassessment warranted? A retrospective cohort study from Tygerberg Hospital.,PENDING,,,PubMed_Central,,,
v3.1h-067,Warfarin target INR monitoring,Medication_Safety,R3,PARAPHRASE,42254302,chunk-42254302-001,Current Trends in NSAID Prescribing for Osteoarthritis and Axial Spondyloarthritis: Insights From Moroccan Rheumatologists Practices.,Current Trends in NSAID Prescribing for Osteoarthritis and Axial Spondyloarthritis: Insights From Moroccan Rheumatologists Practices.,PENDING,,,PubMed_Central,,,
v3.1h-067,Warfarin target INR monitoring,Medication_Safety,R3,PARAPHRASE,42267072,chunk-42267072-001,A Case of Prolonged Serotonin Toxicity After Fluoxetine Ingestion in an Adolescent Patient.,A Case of Prolonged Serotonin Toxicity After Fluoxetine Ingestion in an Adolescent Patient.,PENDING,,,PubMed_Central,,,
v3.1h-067,Warfarin target INR monitoring,Medication_Safety,R3,PARAPHRASE,42269153,chunk-42269153-001,Antidotes for Anticoagulation Reversal.,Antidotes for Anticoagulation Reversal.,PENDING,,,PubMed_Central,,,
v3.1h-067,Warfarin target INR monitoring,Medication_Safety,R3,PARAPHRASE,42292838,chunk-42292838-001,Pharmacological pitfalls in inpatient lung transplant care and management of medication risks.,Pharmacological pitfalls in inpatient lung transplant care and management of medication risks.,PENDING,,,PubMed_Central,,,
v3.1h-067,Warfarin target INR monitoring,Medication_Safety,R3,PARAPHRASE,42293737,chunk-42293737-001,A UK-wide analysis of the use of reversal agents in 198 patients on direct oral anticoagulants prior to urgent procedures.,A UK-wide analysis of the use of reversal agents in 198 patients on direct oral anticoagulants prior to urgent procedures.,PENDING,,,PubMed_Central,,,
v3.1h-067,Warfarin target INR monitoring,Medication_Safety,R3,PARAPHRASE,42294746,chunk-42294746-001,[Which aldosterone antagonist? Choosing between sprionolactone and the novel drug finerenone].,[Which aldosterone antagonist? Choosing between sprionolactone and the novel drug finerenone].,PENDING,,,PubMed_Central,,,
v3.1h-067,Warfarin target INR monitoring,Medication_Safety,R3,PARAPHRASE,42295720,chunk-42295720-001,Continuous alternate day vs intermittent daily fixed doses of oral isotretinoin in grade 2 acne vulgaris.,Continuous alternate day vs intermittent daily fixed doses of oral isotretinoin in grade 2 acne vulgaris.,PENDING,,,PubMed_Central,,,
v3.1h-067,Warfarin target INR monitoring,Medication_Safety,R3,PARAPHRASE,42306636,chunk-42306636-001,Unexpected Improvement of Obsessive-Compulsive Disorder Symptoms Following the Mistaken Prescription of Clomiphene: A Novel Perspective on Hormonal Influences in OCD.,Unexpected Improvement of Obsessive-Compulsive Disorder Symptoms Following the Mistaken Prescription of Clomiphene: A Novel Perspective on Hormonal Influences in OCD.,PENDING,,,PubMed_Central,,,
v3.1h-067,Warfarin target INR monitoring,Medication_Safety,R3,PARAPHRASE,42318218,chunk-42318218-001,A case report and literature review of proton pump inhibitors inducing insulin autoimmune syndrome.,A case report and literature review of proton pump inhibitors inducing insulin autoimmune syndrome.,PENDING,,,PubMed_Central,,,
v3.1h-067,Warfarin target INR monitoring,Medication_Safety,R3,PARAPHRASE,42326111,chunk-42326111-001,Lascufloxacin-Induced QT Prolongation in an Elderly Patient Treated With Escitalopram: A Case Report.,Lascufloxacin-Induced QT Prolongation in an Elderly Patient Treated With Escitalopram: A Case Report.,PENDING,,,PubMed_Central,,,
v3.1h-067,Warfarin target INR monitoring,Medication_Safety,R3,PARAPHRASE,42327596,chunk-42327596-001,Thrombosis and Survival after Prothrombin Complex Concentrate Use to treat Oral Anticoagulant Associated Haemorrhage.,Thrombosis and Survival after Prothrombin Complex Concentrate Use to treat Oral Anticoagulant Associated Haemorrhage.,PENDING,,,PubMed_Central,,,
v3.1h-067,Warfarin target INR monitoring,Medication_Safety,R3,PARAPHRASE,42332214,chunk-42332214-001,Optimizing Amiodarone Maintenance Dose to Minimize N-Desethylamiodarone Accumulation and Pulmonary Toxicity: Insights from Machine Learning and Pharmacokinetic Simulation.,Optimizing Amiodarone Maintenance Dose to Minimize N-Desethylamiodarone Accumulation and Pulmonary Toxicity: Insights from Machine Learning and Pharmacokinetic Simulation.,PENDING,,,PubMed_Central,,,
v3.1h-067,Warfarin target INR monitoring,Medication_Safety,R3,PARAPHRASE,42332506,chunk-42332506-001,Pachydermoperiostosis (Touraine-Solente-Gole syndrome): A case report and literature review.,Pachydermoperiostosis (Touraine-Solente-Gole syndrome): A case report and literature review.,PENDING,,,PubMed_Central,,,
v3.1h-067,Warfarin target INR monitoring,Medication_Safety,R3,PARAPHRASE,42349978,chunk-42349978-001,New Agents for Acne Treatment and Updates to Isotretinoin Guidelines.,New Agents for Acne Treatment and Updates to Isotretinoin Guidelines.,PENDING,,,PubMed_Central,,,
v3.1h-067,Warfarin target INR monitoring,Medication_Safety,R3,PARAPHRASE,42359186,chunk-42359186-001,Early-Onset Amiodarone Pulmonary Toxicity at a Standard Maintenance Dose Masquerading as Decompensated Heart Failure: A Case Report and Literature Review.,Early-Onset Amiodarone Pulmonary Toxicity at a Standard Maintenance Dose Masquerading as Decompensated Heart Failure: A Case Report and Literature Review.,PENDING,,,PubMed_Central,,,
v3.1h-067,Warfarin target INR monitoring,Medication_Safety,R3,PARAPHRASE,42364820,chunk-42364820-001,Finerenone: a next-generation nonsteroidal mineralocorticoid receptor antagonist reshaping the management of cardiovascular and metabolic diseases.,Finerenone: a next-generation nonsteroidal mineralocorticoid receptor antagonist reshaping the management of cardiovascular and metabolic diseases.,PENDING,,,PubMed_Central,,,
v3.1h-067,Warfarin target INR monitoring,Medication_Safety,R3,PARAPHRASE,42366387,chunk-42366387-001,Cannabidiol as an adjunct in refractory paroxysmal sympathetic hyperactivity following severe traumatic brain injury: a case report.,Cannabidiol as an adjunct in refractory paroxysmal sympathetic hyperactivity following severe traumatic brain injury: a case report.,PENDING,,,PubMed_Central,,,
v3.1h-067,Warfarin target INR monitoring,Medication_Safety,R3,PARAPHRASE,42366486,chunk-42366486-001,Finerenone and Cardiorenal Outcomes: A Narrative Review.,Finerenone and Cardiorenal Outcomes: A Narrative Review.,PENDING,,,PubMed_Central,,,
v3.1h-067,Warfarin target INR monitoring,Medication_Safety,R3,PARAPHRASE,42368238,chunk-42368238-001,"Optimized Oral Glutamatergic Augmentation in Refractory Home-Dominant Contamination Obsessive-Compulsive Disorder With Somatic, Affective, and Motivational Features: A Case Report of Incremental Functional Gains.","Optimized Oral Glutamatergic Augmentation in Refractory Home-Dominant Contamination Obsessive-Compulsive Disorder With Somatic, Affective, and Motivational Features: A Case Report of Incremental Functional Gains.",PENDING,,,PubMed_Central,,,
v3.1h-067,Warfarin target INR monitoring,Medication_Safety,R3,PARAPHRASE,42371403,chunk-42371403-001,Does gabapentin add value to multimodal analgesia in thoracic surgery? A procedure-specific meta-analysis.,Does gabapentin add value to multimodal analgesia in thoracic surgery? A procedure-specific meta-analysis.,PENDING,,,PubMed_Central,,,
v3.1h-067,Warfarin target INR monitoring,Medication_Safety,R3,PARAPHRASE,42374912,chunk-42374912-001,Risk of Hyperkalemia in Patients with Heart Failure Treated with Spironolactone in Combination with Sacubitril/Valsartan vs. Renin-Angiotensin System Inhibitors.,Risk of Hyperkalemia in Patients with Heart Failure Treated with Spironolactone in Combination with Sacubitril/Valsartan vs. Renin-Angiotensin System Inhibitors.,PENDING,,,PubMed_Central,,,
v3.1h-067,Warfarin target INR monitoring,Medication_Safety,R3,PARAPHRASE,42394350,chunk-42394350-001,"The DOAC-FRAIL Study-Same Dose, Different Story: Prevalence of Deviant Direct Oral Anticoagulant Levels in Nursing Home Residents.","The DOAC-FRAIL Study-Same Dose, Different Story: Prevalence of Deviant Direct Oral Anticoagulant Levels in Nursing Home Residents.",PENDING,,,PubMed_Central,,,
v3.1h-067,Warfarin target INR monitoring,Medication_Safety,R3,PARAPHRASE,42398817,chunk-42398817-001,Rediscovering digitalis in heart failure with reduced ejection fraction: Current evidence and expert survey on contemporary use.,Rediscovering digitalis in heart failure with reduced ejection fraction: Current evidence and expert survey on contemporary use.,PENDING,,,PubMed_Central,,,
v3.1h-067,Warfarin target INR monitoring,Medication_Safety,R3,PARAPHRASE,42413824,chunk-42413824-001,Direct oral anticoagulant use and drug-drug interactions in transplant recipients receiving calcineurin inhibitors.,Direct oral anticoagulant use and drug-drug interactions in transplant recipients receiving calcineurin inhibitors.,PENDING,,,PubMed_Central,,,
v3.1h-067,Warfarin target INR monitoring,Medication_Safety,R3,PARAPHRASE,42415794,chunk-42415794-001,Pharmacovigilance profiles of three generations of mineralocorticoid receptor antagonists and network toxicology analysis.,Pharmacovigilance profiles of three generations of mineralocorticoid receptor antagonists and network toxicology analysis.,PENDING,,,PubMed_Central,,,
v3.1h-067,Warfarin target INR monitoring,Medication_Safety,R3,PARAPHRASE,42429832,chunk-42429832-001,Current perspectives on natural and pharmacological interventions for combating drug-induced pulmonary toxicity.,Current perspectives on natural and pharmacological interventions for combating drug-induced pulmonary toxicity.,PENDING,,,PubMed_Central,,,
v3.1h-067,Warfarin target INR monitoring,Medication_Safety,R3,PARAPHRASE,42431357,chunk-42431357-001,"Oral use of anxiolytic, sedative, and anaesthetic medications in domestic cats (Felis catus): A scoping review.","Oral use of anxiolytic, sedative, and anaesthetic medications in domestic cats (Felis catus): A scoping review.",PENDING,,,PubMed_Central,,,
v3.1h-067,Warfarin target INR monitoring,Medication_Safety,R3,PARAPHRASE,42436620,chunk-42436620-001,Research on drug interactions and efficacy optimization of combined medication for elderly patients with ischemic cerebrovascular disease in Guangxi Zhuang Autonomous Region.,Research on drug interactions and efficacy optimization of combined medication for elderly patients with ischemic cerebrovascular disease in Guangxi Zhuang Autonomous Region.,PENDING,,,PubMed_Central,,,
v3.1h-067,Warfarin target INR monitoring,Medication_Safety,R3,PARAPHRASE,42437608,chunk-42437608-001,"Influence of prior administration of gabapentin and integrative practices on sedation scores, physiological parameters, and propofol requirement in cats sedated with dexmedetomidine.","Influence of prior administration of gabapentin and integrative practices on sedation scores, physiological parameters, and propofol requirement in cats sedated with dexmedetomidine.",PENDING,,,PubMed_Central,,,
v3.1h-067,Warfarin target INR monitoring,Medication_Safety,R3,PARAPHRASE,42438486,chunk-42438486-001,"A first-in-human study evaluating safety, PK, and PD of a novel universal anticoagulant reversal agent, OKL-1111.","A first-in-human study evaluating safety, PK, and PD of a novel universal anticoagulant reversal agent, OKL-1111.",PENDING,,,PubMed_Central,,,
v3.1h-067,Warfarin target INR monitoring,Medication_Safety,R3,PARAPHRASE,42438581,chunk-42438581-001,Unmasking Refractory Hypothyroidism: Persistent Iron-Levothyroxine Interaction Despite Appropriate Dose Separation.,Unmasking Refractory Hypothyroidism: Persistent Iron-Levothyroxine Interaction Despite Appropriate Dose Separation.,PENDING,,,PubMed_Central,,,
v3.1h-067,Warfarin target INR monitoring,Medication_Safety,R3,PARAPHRASE,42448258,chunk-42448258-001,Anticoagulant Regimen for Nonvalvular Atrial Fibrillation in the Elderly and Frail Population.,Anticoagulant Regimen for Nonvalvular Atrial Fibrillation in the Elderly and Frail Population.,PENDING,,,PubMed_Central,,,
v3.1h-067,Warfarin target INR monitoring,Medication_Safety,R3,PARAPHRASE,42458467,chunk-42458467-001,"Use of prescription medications potentially harmful during pregnancy among women of reproductive age by pregnancy status and contraceptive use in the United States, 2009-2020.","Use of prescription medications potentially harmful during pregnancy among women of reproductive age by pregnancy status and contraceptive use in the United States, 2009-2020.",PENDING,,,PubMed_Central,,,
v3.1h-067,Warfarin target INR monitoring,Medication_Safety,R3,PARAPHRASE,42461919,chunk-42461919-001,Signal mining and analysis of adverse events associated with Isotretinoin: A 20-Year real-world pharmacovigilance study based on FAERS and EudraVigilance databases.,Signal mining and analysis of adverse events associated with Isotretinoin: A 20-Year real-world pharmacovigilance study based on FAERS and EudraVigilance databases.,PENDING,,,PubMed_Central,,,
v3.1h-067,Warfarin target INR monitoring,Medication_Safety,R3,PARAPHRASE,42462752,chunk-42462752-001,Risk of fracture with gabapentinoid treatment in older adults: a multinational population-based study.,Risk of fracture with gabapentinoid treatment in older adults: a multinational population-based study.,PENDING,,,PubMed_Central,,,
v3.1h-067,Warfarin target INR monitoring,Medication_Safety,R3,PARAPHRASE,42466914,chunk-42466914-001,Amiodarone-induced pulmonary toxicity: case series and review of clinical-radiological correlations.,Amiodarone-induced pulmonary toxicity: case series and review of clinical-radiological correlations.,PENDING,,,PubMed_Central,,,
v3.1h-067,Warfarin target INR monitoring,Medication_Safety,R3,PARAPHRASE,42475421,chunk-42475421-001,"Vascular Endothelial Growth Factor Receptor 1-Blocking Antibody Improves Endothelial Structure, Kidney Function, and GFR in Diabetic Mice.","Vascular Endothelial Growth Factor Receptor 1-Blocking Antibody Improves Endothelial Structure, Kidney Function, and GFR in Diabetic Mice.",PENDING,,,PubMed_Central,,,
v3.1h-067,Warfarin target INR monitoring,Medication_Safety,R3,PARAPHRASE,42481856,chunk-42481856-001,Integrating Clinical Evidence with PBPK Modeling to Assess PPI-Clopidogrel-CYP2C19 Interactions in Chinese ACS Patients.,Integrating Clinical Evidence with PBPK Modeling to Assess PPI-Clopidogrel-CYP2C19 Interactions in Chinese ACS Patients.,PENDING,,,PubMed_Central,,,
v3.1h-067,Warfarin target INR monitoring,Medication_Safety,R3,PARAPHRASE,42483729,chunk-42483729-001,"Once-Nightly Pregabalin for Co-Occurring Nightmares, Poor Sleep, and Headaches: A Case Series.","Once-Nightly Pregabalin for Co-Occurring Nightmares, Poor Sleep, and Headaches: A Case Series.",PENDING,,,PubMed_Central,,,
v3.1h-067,Warfarin target INR monitoring,Medication_Safety,R3,PARAPHRASE,42484991,chunk-42484991-001,Budget Impact of Eplerenone for Heart Failure with Reduced Ejection Fraction: National Perspective and Regional Implications in Italy.,Budget Impact of Eplerenone for Heart Failure with Reduced Ejection Fraction: National Perspective and Regional Implications in Italy.,PENDING,,,PubMed_Central,,,
v3.1h-067,Warfarin target INR monitoring,Medication_Safety,R3,PARAPHRASE,42489609,chunk-42489609-001,Cilostazol-Induced Digoxin Toxicity Presenting as Accelerated Idioventricular Rhythm and Recurrent Syncope.,Cilostazol-Induced Digoxin Toxicity Presenting as Accelerated Idioventricular Rhythm and Recurrent Syncope.,PENDING,,,PubMed_Central,,,
v3.1h-067,Warfarin target INR monitoring,Medication_Safety,R3,PARAPHRASE,42497636,chunk-42497636-001,Macrophage membrane camouflaged biomimetic nanomedicine for normalizing electrical dysfunction and inflammation pathology in atrial fibrillation.,Macrophage membrane camouflaged biomimetic nanomedicine for normalizing electrical dysfunction and inflammation pathology in atrial fibrillation.,PENDING,,,PubMed_Central,,,
v3.1h-067,Warfarin target INR monitoring,Medication_Safety,R3,PARAPHRASE,42499456,chunk-42499456-001,"Association of Proximal Tubule Secretion With Hyperkalemia Risk, Treatment Response, and Outcomes in Heart Failure With Preserved Ejection Fraction.","Association of Proximal Tubule Secretion With Hyperkalemia Risk, Treatment Response, and Outcomes in Heart Failure With Preserved Ejection Fraction.",PENDING,,,PubMed_Central,,,
v3.1h-067,Warfarin target INR monitoring,Medication_Safety,R3,PARAPHRASE,42515713,chunk-42515713-001,CYP2D6 Metabolizer Phenotype Is Associated with Early Antidepressant Discontinuation in the UK Biobank.,CYP2D6 Metabolizer Phenotype Is Associated with Early Antidepressant Discontinuation in the UK Biobank.,PENDING,,,PubMed_Central,,,
v3.1h-067,Warfarin target INR monitoring,Medication_Safety,R3,PARAPHRASE,42522519,chunk-42522519-001,Examining the safety of dermatological and surgical procedures in patients undergoing systemic isotretinoin therapy: An updated review.,Examining the safety of dermatological and surgical procedures in patients undergoing systemic isotretinoin therapy: An updated review.,PENDING,,,PubMed_Central,,,
v3.1h-067,Warfarin target INR monitoring,Medication_Safety,R3,PARAPHRASE,42527260,chunk-42527260-001,Gabapentin for Postoperative Analgesia in Cardiac Surgery via Sternotomy: A Systematic Review and Meta-Analysis of Randomized Controlled Trials.,Gabapentin for Postoperative Analgesia in Cardiac Surgery via Sternotomy: A Systematic Review and Meta-Analysis of Randomized Controlled Trials.,PENDING,,,PubMed_Central,,,
v3.1h-067,Warfarin target INR monitoring,Medication_Safety,R3,PARAPHRASE,42528583,chunk-42528583-001,Amiodarone-induced granulomatous lung injury mimicking organizing pneumonia: a case report.,Amiodarone-induced granulomatous lung injury mimicking organizing pneumonia: a case report.,PENDING,,,PubMed_Central,,,
v3.1h-067,Warfarin target INR monitoring,Medication_Safety,R3,PARAPHRASE,42546121,chunk-42546121-001,Direct Oral Anticoagulants for Atrial Fibrillation in Patients Receiving Hemodialysis: A Review and Discussion of Evidence.,Direct Oral Anticoagulants for Atrial Fibrillation in Patients Receiving Hemodialysis: A Review and Discussion of Evidence.,PENDING,,,PubMed_Central,,,
v3.1h-067,Warfarin target INR monitoring,Medication_Safety,R3,PARAPHRASE,42558881,chunk-42558881-001,Drug-associated psoriasis: a pharmacovigilance study based on the FAERS database.,Drug-associated psoriasis: a pharmacovigilance study based on the FAERS database.,PENDING,,,PubMed_Central,,,
v3.1h-067,Warfarin target INR monitoring,Medication_Safety,R3,PARAPHRASE,42571795,chunk-42571795-001,Mechanistic insights into cytochrome P450 inhibition by progesterone and its impact on fluoxetine pharmacokinetics.,Mechanistic insights into cytochrome P450 inhibition by progesterone and its impact on fluoxetine pharmacokinetics.,PENDING,,,PubMed_Central,,,
v3.1h-067,Warfarin target INR monitoring,Medication_Safety,R3,PARAPHRASE,42573610,chunk-42573610-001,Paracetamol-induced hepatic injury following intentional self-poisoning: a case report and therapeutic considerations.,Paracetamol-induced hepatic injury following intentional self-poisoning: a case report and therapeutic considerations.,PENDING,,,PubMed_Central,,,
v3.1h-067,Warfarin target INR monitoring,Medication_Safety,R3,PARAPHRASE,42580175,chunk-42580175-001,"Iodine excess in relation to decreased free thyroxine levels during pregnancy in an iodine-sufficient region, and potential interactions with iron and selenium.","Iodine excess in relation to decreased free thyroxine levels during pregnancy in an iodine-sufficient region, and potential interactions with iron and selenium.",PENDING,,,PubMed_Central,,,
v3.1h-067,Warfarin target INR monitoring,Medication_Safety,R3,PARAPHRASE,42580545,chunk-42580545-001,Non-steroidal anti-inflammatory drugs and CYP2C9 - Impacts of genetics and phenoconversion on the risk of adverse effects.,Non-steroidal anti-inflammatory drugs and CYP2C9 - Impacts of genetics and phenoconversion on the risk of adverse effects.,PENDING,,,PubMed_Central,,,
v3.1h-067,Warfarin target INR monitoring,Medication_Safety,R3,PARAPHRASE,42584699,chunk-42584699-001,"The ""obesity paradox"" in dosing: a comprehensive analytical review of cockcroft-gault versus CKD-EPI for predicting clearance of narrow-therapeutic-index drugs in patients with BMI > 40 kg/m².","The ""obesity paradox"" in dosing: a comprehensive analytical review of cockcroft-gault versus CKD-EPI for predicting clearance of narrow-therapeutic-index drugs in patients with BMI > 40 kg/m².",PENDING,,,PubMed_Central,,,
v3.1h-067,Warfarin target INR monitoring,Medication_Safety,R3,PARAPHRASE,42586461,chunk-42586461-001,Pharmacogenomic and drug interactions risk in cardio-oncology: A precision medicine perspective for India.,Pharmacogenomic and drug interactions risk in cardio-oncology: A precision medicine perspective for India.,PENDING,,,PubMed_Central,,,
v3.1h-067,Warfarin target INR monitoring,Medication_Safety,R3,PARAPHRASE,42587752,chunk-42587752-001,Rapid Volumetric Bioprinting Coupled with Dynamic Perfusion Enhances Human Hepatic Organoid Toxicity Testing.,Rapid Volumetric Bioprinting Coupled with Dynamic Perfusion Enhances Human Hepatic Organoid Toxicity Testing.,PENDING,,,PubMed_Central,,,
v3.1h-067,Warfarin target INR monitoring,Medication_Safety,R3,PARAPHRASE,42590087,chunk-42590087-001,"Digoxin Dosing Errors, Drug Interactions and Off-Label Risks: Insights from an EudraVigilance Disproportionality Analysis.","Digoxin Dosing Errors, Drug Interactions and Off-Label Risks: Insights from an EudraVigilance Disproportionality Analysis.",PENDING,,,PubMed_Central,,,
v3.1h-067,Warfarin target INR monitoring,Medication_Safety,R3,PARAPHRASE,42591558,chunk-42591558-001,Physiologically based pharmacokinetic modeling of fluconazole: interpretation of gender-dependent pharmacokinetics and cytochrome P450 inhibition.,Physiologically based pharmacokinetic modeling of fluconazole: interpretation of gender-dependent pharmacokinetics and cytochrome P450 inhibition.,PENDING,,,PubMed_Central,,,
v3.1h-067,Warfarin target INR monitoring,Medication_Safety,R3,PARAPHRASE,42595037,chunk-42595037-001,Evidence for the Use of Steroidal Aldosterone Antagonists in Patients With Kidney Failure.,Evidence for the Use of Steroidal Aldosterone Antagonists in Patients With Kidney Failure.,PENDING,,,PubMed_Central,,,
v3.1h-067,Warfarin target INR monitoring,Medication_Safety,R3,PARAPHRASE,42595240,chunk-42595240-001,Xenobiotic-Induced Liver Injury in the United States: A 25-Year Retrospective Analysis of National Poison Data System.,Xenobiotic-Induced Liver Injury in the United States: A 25-Year Retrospective Analysis of National Poison Data System.,PENDING,,,PubMed_Central,,,
v3.1h-067,Warfarin target INR monitoring,Medication_Safety,R3,PARAPHRASE,42596979,chunk-42596979-001,Sertraline use in pregnancy and placental transfer: A pharmacokinetic prospective cohort study.,Sertraline use in pregnancy and placental transfer: A pharmacokinetic prospective cohort study.,PENDING,,,PubMed_Central,,,
v3.1h-067,Warfarin target INR monitoring,Medication_Safety,R3,PARAPHRASE,42598366,chunk-42598366-001,"A 76-Year-Old Man With Hemorrhagic Stroke, Recurrent Thromboembolic Events, and Atrial Fibrillation Under Optimal Medical Treatment: When Anticoagulants Fail.","A 76-Year-Old Man With Hemorrhagic Stroke, Recurrent Thromboembolic Events, and Atrial Fibrillation Under Optimal Medical Treatment: When Anticoagulants Fail.",PENDING,,,PubMed_Central,,,
v3.1h-067,Warfarin target INR monitoring,Medication_Safety,R3,PARAPHRASE,42603144,chunk-42603144-001,Differential Quantification of Cutibacterium acnes Phylotypes IA and IB/II on Healthy and Acne-Prone Human Skin.,Differential Quantification of Cutibacterium acnes Phylotypes IA and IB/II on Healthy and Acne-Prone Human Skin.,PENDING,,,PubMed_Central,,,
v3.1h-067,Warfarin target INR monitoring,Medication_Safety,R3,PARAPHRASE,42610101,chunk-42610101-001,Nature's Poison Pill: A Case of Digoxin-Like Toxicity From the Seed of the Ornamental Plant Thevetia peruviana.,Nature's Poison Pill: A Case of Digoxin-Like Toxicity From the Seed of the Ornamental Plant Thevetia peruviana.,PENDING,,,PubMed_Central,,,
v3.1h-067,Warfarin target INR monitoring,Medication_Safety,R3,PARAPHRASE,42618000,chunk-42618000-001,Pipamperone metabolism by various recombinant cytochrome preparations.,Pipamperone metabolism by various recombinant cytochrome preparations.,PENDING,,,PubMed_Central,,,
v3.1h-067,Warfarin target INR monitoring,Medication_Safety,R3,PARAPHRASE,42621983,chunk-42621983-001,Mass-Forming NSAID-Associated Colopathy Mimicking Right-Sided Colon Cancer: A Case Report.,Mass-Forming NSAID-Associated Colopathy Mimicking Right-Sided Colon Cancer: A Case Report.,PENDING,,,PubMed_Central,,,
v3.1h-067,Warfarin target INR monitoring,Medication_Safety,R3,PARAPHRASE,42622073,chunk-42622073-001,Assessment of Pharmacokinetic Interaction and Clinical Efficacy of Clopidogrel Co-administered with Ilaprazole.,Assessment of Pharmacokinetic Interaction and Clinical Efficacy of Clopidogrel Co-administered with Ilaprazole.,PENDING,,,PubMed_Central,,,
v3.1h-067,Warfarin target INR monitoring,Medication_Safety,R3,PARAPHRASE,42628776,chunk-42628776-001,Differentiating hepatic and renal toxicity reveals CYP-independent mechanisms of acetaminophen-induced acute kidney injury.,Differentiating hepatic and renal toxicity reveals CYP-independent mechanisms of acetaminophen-induced acute kidney injury.,PENDING,,,PubMed_Central,,,
v3.1h-067,Warfarin target INR monitoring,Medication_Safety,R3,PARAPHRASE,42628883,chunk-42628883-001,Effects of psychotropic medications on a placenta cell model: A functional study with BeWo cells.,Effects of psychotropic medications on a placenta cell model: A functional study with BeWo cells.,PENDING,,,PubMed_Central,,,
v3.1h-067,Warfarin target INR monitoring,Medication_Safety,R3,PARAPHRASE,42630019,chunk-42630019-001,Pharmacogenomics in Dentistry: From CYP-Mediated Drug Response to Precision Prescribing in Oral Healthcare.,Pharmacogenomics in Dentistry: From CYP-Mediated Drug Response to Precision Prescribing in Oral Healthcare.,PENDING,,,PubMed_Central,,,
v3.1h-067,Warfarin target INR monitoring,Medication_Safety,R3,PARAPHRASE,42631638,chunk-42631638-001,Diallyl trisulfide ameliorates acetaminophen-induced acute liver injury through the oxidative modification of CYP2E1 cysteine residues.,Diallyl trisulfide ameliorates acetaminophen-induced acute liver injury through the oxidative modification of CYP2E1 cysteine residues.,PENDING,,,PubMed_Central,,,
v3.1h-067,Warfarin target INR monitoring,Medication_Safety,R3,PARAPHRASE,42631653,chunk-42631653-001,Application of Physiologically Based Pharmacokinetic Modeling to Optimize Assessment of Age-Related Fluoxetine Accumulation in the Elderly.,Application of Physiologically Based Pharmacokinetic Modeling to Optimize Assessment of Age-Related Fluoxetine Accumulation in the Elderly.,PENDING,,,PubMed_Central,,,
v3.1h-067,Warfarin target INR monitoring,Medication_Safety,R3,PARAPHRASE,42632694,chunk-42632694-001,Oral co-delivery of quercetin and anthocyanins via dual-ligand nanoparticles alleviate obesity and associated metabolic disorders.,Oral co-delivery of quercetin and anthocyanins via dual-ligand nanoparticles alleviate obesity and associated metabolic disorders.,PENDING,,,PubMed_Central,,,
v3.1h-067,Warfarin target INR monitoring,Medication_Safety,R3,PARAPHRASE,42633086,chunk-42633086-001,Nivolumab after recurrent pembrolizumab-associated hepatotoxicity in PD-L1-high metastatic squamous non-small cell lung cancer: a case report.,Nivolumab after recurrent pembrolizumab-associated hepatotoxicity in PD-L1-high metastatic squamous non-small cell lung cancer: a case report.,PENDING,,,PubMed_Central,,,
v3.1h-067,Warfarin target INR monitoring,Medication_Safety,R3,PARAPHRASE,42636556,chunk-42636556-001,Multicenter Evaluation of Opioid Prescribing After Minimally Invasive Repair of Pectus Excavatum Before The 2024 American Academy of Pediatrics Guideline: Room to Improve.,Multicenter Evaluation of Opioid Prescribing After Minimally Invasive Repair of Pectus Excavatum Before The 2024 American Academy of Pediatrics Guideline: Room to Improve.,PENDING,,,PubMed_Central,,,
v3.1h-067,Warfarin target INR monitoring,Medication_Safety,R3,PARAPHRASE,42636576,chunk-42636576-001,"Real-world variability and factors associated with individual low-density-lipoprotein cholesterol response to different doses of atorvastatin, rosuvastatin, and simvastatin in 28,647 Chinese patients.","Real-world variability and factors associated with individual low-density-lipoprotein cholesterol response to different doses of atorvastatin, rosuvastatin, and simvastatin in 28,647 Chinese patients.",PENDING,,,PubMed_Central,,,
v3.1h-067,Warfarin target INR monitoring,Medication_Safety,R3,PARAPHRASE,42637515,chunk-42637515-001,An uncommon side effect of statins: perioral neuropathic symptoms.,An uncommon side effect of statins: perioral neuropathic symptoms.,PENDING,,,PubMed_Central,,,
v3.1h-067,Warfarin target INR monitoring,Medication_Safety,R3,PARAPHRASE,42638417,chunk-42638417-001,The Bacterial Metabolite Lndole-3-Propionic Acid Alleviates Acetaminophen-Induced Acute Liver Injury Partly through the Aryl Hydrocarbon Receptor Pathway.,The Bacterial Metabolite Lndole-3-Propionic Acid Alleviates Acetaminophen-Induced Acute Liver Injury Partly through the Aryl Hydrocarbon Receptor Pathway.,PENDING,,,PubMed_Central,,,
v3.1h-067,Warfarin target INR monitoring,Medication_Safety,R3,PARAPHRASE,42643702,chunk-42643702-001,Sex-Specific Safety Signals of Finerenone Versus Spironolactone: Insights From the FDA Adverse Event Reporting System.,Sex-Specific Safety Signals of Finerenone Versus Spironolactone: Insights From the FDA Adverse Event Reporting System.,PENDING,,,PubMed_Central,,,
v3.1h-067,Warfarin target INR monitoring,Medication_Safety,R3,PARAPHRASE,42645604,chunk-42645604-001,"Berberine-associated lipid-inflammatory regulation in atherosclerosis: an integrative transcriptomic, single-cell, and in vivo study.","Berberine-associated lipid-inflammatory regulation in atherosclerosis: an integrative transcriptomic, single-cell, and in vivo study.",PENDING,,,PubMed_Central,,,
v3.1h-067,Warfarin target INR monitoring,Medication_Safety,R3,PARAPHRASE,42647165,chunk-42647165-001,Pharmacotherapeutic considerations for the treatment of post-traumatic stress disorder during and after pregnancy: an update.,Pharmacotherapeutic considerations for the treatment of post-traumatic stress disorder during and after pregnancy: an update.,PENDING,,,PubMed_Central,,,
v3.1h-067,Warfarin target INR monitoring,Medication_Safety,R3,PARAPHRASE,42647942,chunk-42647942-001,Use of Corrected QT Cutoffs Derived from Biological Variation to Predict Adverse Events Due to Antipsychotic Drugs: Case Report.,Use of Corrected QT Cutoffs Derived from Biological Variation to Predict Adverse Events Due to Antipsychotic Drugs: Case Report.,PENDING,,,PubMed_Central,,,
v3.1h-067,Warfarin target INR monitoring,Medication_Safety,R3,PARAPHRASE,42652369,chunk-42652369-001,"Shifting Public Interest in Liver Health, Hepatotoxic Medications, and Dietary Supplements in Kazakhstan: A Five-Year Google Trends Infodemiology Study.","Shifting Public Interest in Liver Health, Hepatotoxic Medications, and Dietary Supplements in Kazakhstan: A Five-Year Google Trends Infodemiology Study.",PENDING,,,PubMed_Central,,,
v3.1h-067,Warfarin target INR monitoring,Medication_Safety,R3,PARAPHRASE,42653071,chunk-42653071-001,Safety and Efficacy Assessment of Cannabis Plant Compared to Atorvastatin for Lipid Lowering in Diabetic and Obese Wistar Male Rats.,Safety and Efficacy Assessment of Cannabis Plant Compared to Atorvastatin for Lipid Lowering in Diabetic and Obese Wistar Male Rats.,PENDING,,,PubMed_Central,,,
v3.1h-067,Warfarin target INR monitoring,Medication_Safety,R3,PARAPHRASE,42653173,chunk-42653173-001,Molecular Mechanisms of Acute Drug Toxicity in Polypharmacy: Analgesic-Psychotropic Interactions.,Molecular Mechanisms of Acute Drug Toxicity in Polypharmacy: Analgesic-Psychotropic Interactions.,PENDING,,,PubMed_Central,,,
v3.1h-067,Warfarin target INR monitoring,Medication_Safety,R3,PARAPHRASE,42653808,chunk-42653808-001,"Berberine-Drug Interactions: Mechanisms, Clinical Relevance and Risk Stratification-A Narrative Review.","Berberine-Drug Interactions: Mechanisms, Clinical Relevance and Risk Stratification-A Narrative Review.",PENDING,,,PubMed_Central,,,
v3.1h-067,Warfarin target INR monitoring,Medication_Safety,R3,PARAPHRASE,42654146,chunk-42654146-001,Moxifloxacin-Mediated Downregulation of Intestinal P-Glycoprotein Alters the Pharmacokinetics of Dabigatran Etexilate: Mechanistic Insights in Rats and PBPK Model-Informed Dose Optimization.,Moxifloxacin-Mediated Downregulation of Intestinal P-Glycoprotein Alters the Pharmacokinetics of Dabigatran Etexilate: Mechanistic Insights in Rats and PBPK Model-Informed Dose Optimization.,PENDING,,,PubMed_Central,,,
v3.1h-067,Warfarin target INR monitoring,Medication_Safety,R3,PARAPHRASE,42654342,chunk-42654342-001,Therapeutic Potential of Anti-Obesity Drugs in Obesity-Associated Female Reproductive Dysfunction: Translating Mechanistic Evidence into Personalized Clinical Strategies.,Therapeutic Potential of Anti-Obesity Drugs in Obesity-Associated Female Reproductive Dysfunction: Translating Mechanistic Evidence into Personalized Clinical Strategies.,PENDING,,,PubMed_Central,,,
v3.1h-067,Warfarin target INR monitoring,Medication_Safety,R3,PARAPHRASE,42658230,chunk-42658230-001,Supratherapeutic Digoxin Levels in Children with Cardiac Disease.,Supratherapeutic Digoxin Levels in Children with Cardiac Disease.,PENDING,,,PubMed_Central,,,
v3.1h-067,Warfarin target INR monitoring,Medication_Safety,R3,PARAPHRASE,42660303,chunk-42660303-001,Cardioprotective effects of natural phytochemicals from traditional medicinal plants against doxorubicin-induced cardiotoxicity: A meta-analysis of preclinical studies.,Cardioprotective effects of natural phytochemicals from traditional medicinal plants against doxorubicin-induced cardiotoxicity: A meta-analysis of preclinical studies.,PENDING,,,PubMed_Central,,,
v3.1h-067,Warfarin target INR monitoring,Medication_Safety,R3,PARAPHRASE,42661734,chunk-42661734-001,Sex-specific effects of resveratrol and metformin on mitochondrial function and inflammatory activation in a TNF-α-driven human iPSC-derived endothelial dysfunction model.,Sex-specific effects of resveratrol and metformin on mitochondrial function and inflammatory activation in a TNF-α-driven human iPSC-derived endothelial dysfunction model.,PENDING,,,PubMed_Central,,,
v3.1h-067,Warfarin target INR monitoring,Medication_Safety,R3,PARAPHRASE,42662112,chunk-42662112-001,A Comparative Study to Evaluate the Renoprotective Effect of Antidiabetic Drugs in Patients With Type 2 Diabetes Mellitus.,A Comparative Study to Evaluate the Renoprotective Effect of Antidiabetic Drugs in Patients With Type 2 Diabetes Mellitus.,PENDING,,,PubMed_Central,,,
v3.1h-067,Warfarin target INR monitoring,Medication_Safety,R3,PARAPHRASE,42662351,chunk-42662351-001,Sertraline-induced fetotoxicity in mice: Protective effects of vitamin E on foetal growth and organ histology.,Sertraline-induced fetotoxicity in mice: Protective effects of vitamin E on foetal growth and organ histology.,PENDING,,,PubMed_Central,,,
v3.1h-067,Warfarin target INR monitoring,Medication_Safety,R3,PARAPHRASE,42662739,chunk-42662739-001,Transporter Interactions of Methoxyflavones and Their In Vivo Pharmacokinetic Implications.,Transporter Interactions of Methoxyflavones and Their In Vivo Pharmacokinetic Implications.,PENDING,,,PubMed_Central,,,
v3.1h-067,Warfarin target INR monitoring,Medication_Safety,R3,PARAPHRASE,42662744,chunk-42662744-001,Perfluoroether Peptide-Modified Artificial Viral Capsid for Enhanced Doxorubicin Delivery to Liver Cancer Cells.,Perfluoroether Peptide-Modified Artificial Viral Capsid for Enhanced Doxorubicin Delivery to Liver Cancer Cells.,PENDING,,,PubMed_Central,,,
v3.1h-067,Warfarin target INR monitoring,Medication_Safety,R3,PARAPHRASE,42662904,chunk-42662904-001,Early cardiac proteomic profiling in a long-latency doxorubicin cardiomyopathy model exhibits sexual dimorphism for cardioprotection.,Early cardiac proteomic profiling in a long-latency doxorubicin cardiomyopathy model exhibits sexual dimorphism for cardioprotection.,PENDING,,,PubMed_Central,,,
v3.1h-067,Warfarin target INR monitoring,Medication_Safety,R3,PARAPHRASE,42663261,chunk-42663261-001,"Clinical outcomes of ""massive"" acetaminophen overdose treated with standard vs. augmented dose acetylcysteine.","Clinical outcomes of ""massive"" acetaminophen overdose treated with standard vs. augmented dose acetylcysteine.",PENDING,,,PubMed_Central,,,
v3.1h-067,Warfarin target INR monitoring,Medication_Safety,R3,PARAPHRASE,42663921,chunk-42663921-001,Qishen Yiqi Dripping Pills ameliorate doxorubicin-induced cardiotoxicity: a study based on bioinformatics and experimental verification.,Qishen Yiqi Dripping Pills ameliorate doxorubicin-induced cardiotoxicity: a study based on bioinformatics and experimental verification.,PENDING,,,PubMed_Central,,,
v3.1h-067,Warfarin target INR monitoring,Medication_Safety,R3,PARAPHRASE,42663925,chunk-42663925-001,Selective and Time-Dependent Alterations in Cytochrome P450 (CYP) Enzyme Activity and Expression by Major Phytocannabinoids.,Selective and Time-Dependent Alterations in Cytochrome P450 (CYP) Enzyme Activity and Expression by Major Phytocannabinoids.,PENDING,,,PubMed_Central,,,
v3.1h-067,Warfarin target INR monitoring,Medication_Safety,R3,PARAPHRASE,42665114,chunk-42665114-001,Doxorubicin-induced Cardiotoxicity is Propagated by Paracrine Signaling through Small Extracellular Vesicles.,Doxorubicin-induced Cardiotoxicity is Propagated by Paracrine Signaling through Small Extracellular Vesicles.,PENDING,,,PubMed_Central,,,
v3.1h-067,Warfarin target INR monitoring,Medication_Safety,R3,PARAPHRASE,42665174,chunk-42665174-001,Acetaminophen-induced developmental neurobehavioral and sensory organ toxicity in zebrafish.,Acetaminophen-induced developmental neurobehavioral and sensory organ toxicity in zebrafish.,PENDING,,,PubMed_Central,,,
v3.1h-067,Warfarin target INR monitoring,Medication_Safety,R3,PARAPHRASE,42665888,chunk-42665888-001,"EXPRESS: Effect of oral gabapentin administered in-hospital on behavioral stress, compliance, and physiologic stress markers: a randomized, double-blind, placebo-controlled trial.","EXPRESS: Effect of oral gabapentin administered in-hospital on behavioral stress, compliance, and physiologic stress markers: a randomized, double-blind, placebo-controlled trial.",PENDING,,,PubMed_Central,,,
v3.1h-067,Warfarin target INR monitoring,Medication_Safety,R3,PARAPHRASE,42666103,chunk-42666103-001,Clinical relevance of pharmacogenomic information for improving prescribing practices in acutely admitted older medical patients.,Clinical relevance of pharmacogenomic information for improving prescribing practices in acutely admitted older medical patients.,PENDING,,,PubMed_Central,,,
v3.1h-067,Warfarin target INR monitoring,Medication_Safety,R3,PARAPHRASE,42666410,chunk-42666410-001,Preoperative Gabapentin in Pediatric Anterior Cruciate Ligament Reconstruction With Peripheral Nerve Blockade: A Retrospective Cohort Study.,Preoperative Gabapentin in Pediatric Anterior Cruciate Ligament Reconstruction With Peripheral Nerve Blockade: A Retrospective Cohort Study.,PENDING,,,PubMed_Central,,,
v3.1h-067,Warfarin target INR monitoring,Medication_Safety,R3,PARAPHRASE,42667072,chunk-42667072-001,Unlocking the brain: Biodistribution insights into tween 80 nanoliposomes in healthy brains.,Unlocking the brain: Biodistribution insights into tween 80 nanoliposomes in healthy brains.,PENDING,,,PubMed_Central,,,
v3.1h-067,Warfarin target INR monitoring,Medication_Safety,R3,PARAPHRASE,42667336,chunk-42667336-001,Atorvastatin Exerts Context-Dependent Metabolic and Beneficial Effects on Behavior and Apoptotic Signaling in a Cafeteria Diet-Induced Metabolic Dysfunction Model.,Atorvastatin Exerts Context-Dependent Metabolic and Beneficial Effects on Behavior and Apoptotic Signaling in a Cafeteria Diet-Induced Metabolic Dysfunction Model.,PENDING,,,PubMed_Central,,,
v3.1h-067,Warfarin target INR monitoring,Medication_Safety,R3,PARAPHRASE,42667464,chunk-42667464-001,Schisandra chinensis polysaccharide attenuates diabetic islet cell injury by promoting autophagy via suppression of the PI3K/AKT/mTOR signaling cascade.,Schisandra chinensis polysaccharide attenuates diabetic islet cell injury by promoting autophagy via suppression of the PI3K/AKT/mTOR signaling cascade.,PENDING,,,PubMed_Central,,,
v3.1h-067,Warfarin target INR monitoring,Medication_Safety,R3,PARAPHRASE,42667784,chunk-42667784-001,Mechanism of Gegen Qinlian Decoction in the treatment of diabetic cataract based on network pharmacology and experimental validation.,Mechanism of Gegen Qinlian Decoction in the treatment of diabetic cataract based on network pharmacology and experimental validation.,PENDING,,,PubMed_Central,,,
v3.1h-067,Warfarin target INR monitoring,Medication_Safety,R3,PARAPHRASE,42669317,chunk-42669317-001,Ethical considerations in suspected isotretinoin nonadherence and/or diversion.,Ethical considerations in suspected isotretinoin nonadherence and/or diversion.,PENDING,,,PubMed_Central,,,
v3.1h-067,Warfarin target INR monitoring,Medication_Safety,R3,PARAPHRASE,42670022,chunk-42670022-001,Apixaban Dose Selection in Kidney Failure: Reconciling Pharmacokinetics and Clinical Outcomes.,Apixaban Dose Selection in Kidney Failure: Reconciling Pharmacokinetics and Clinical Outcomes.,PENDING,,,PubMed_Central,,,
v3.1h-067,Warfarin target INR monitoring,Medication_Safety,R3,PARAPHRASE,42670080,chunk-42670080-001,Anthracycline Cardiotoxicity: A Real-World Study Based on FDA Adverse Event Reporting System Database.,Anthracycline Cardiotoxicity: A Real-World Study Based on FDA Adverse Event Reporting System Database.,PENDING,,,PubMed_Central,,,
v3.1h-067,Warfarin target INR monitoring,Medication_Safety,R3,PARAPHRASE,42670520,chunk-42670520-001,Younger Age is Associated with Treatment and Complication Outcomes Among Type 2 Diabetes Mellitus Patients in Kigali University Teaching Hospital.,Younger Age is Associated with Treatment and Complication Outcomes Among Type 2 Diabetes Mellitus Patients in Kigali University Teaching Hospital.,PENDING,,,PubMed_Central,,,
v3.1h-067,Warfarin target INR monitoring,Medication_Safety,R3,PARAPHRASE,42670540,chunk-42670540-001,Mechanisms and the Role of p38 MAPK Signaling in Doxorubicin-Induced Cardiotoxicity: A Review.,Mechanisms and the Role of p38 MAPK Signaling in Doxorubicin-Induced Cardiotoxicity: A Review.,PENDING,,,PubMed_Central,,,
v3.1h-067,Warfarin target INR monitoring,Medication_Safety,R3,PARAPHRASE,42670801,chunk-42670801-001,Therapeutic Potential of Nanocurcumin in Mitigating Duloxetine-Induced Hepatic Damage: Biochemical and Histopathological Insights.,Therapeutic Potential of Nanocurcumin in Mitigating Duloxetine-Induced Hepatic Damage: Biochemical and Histopathological Insights.,PENDING,,,PubMed_Central,,,
v3.1h-067,Warfarin target INR monitoring,Medication_Safety,R3,PARAPHRASE,42671218,chunk-42671218-001,Protective Effects of Luteolin Against Cisplatin-Induced Hepatic and Renal Toxicity: Biochemical and Cellular Evidence.,Protective Effects of Luteolin Against Cisplatin-Induced Hepatic and Renal Toxicity: Biochemical and Cellular Evidence.,PENDING,,,PubMed_Central,,,
v3.1h-067,Warfarin target INR monitoring,Medication_Safety,R3,PARAPHRASE,42674049,chunk-42674049-001,A Near-Infrared Fluorescent Probe for Imaging Nitroxyl Dynamics in Ferroptosis-Associated Drug-Induced Liver Injury.,A Near-Infrared Fluorescent Probe for Imaging Nitroxyl Dynamics in Ferroptosis-Associated Drug-Induced Liver Injury.,PENDING,,,PubMed_Central,,,
v3.1h-067,Warfarin target INR monitoring,Medication_Safety,R3,PARAPHRASE,42674100,chunk-42674100-001,Drug Repurposing Signals for Abdominal Aortic Aneurysms.,Drug Repurposing Signals for Abdominal Aortic Aneurysms.,PENDING,,,PubMed_Central,,,
v3.1h-067,Warfarin target INR monitoring,Medication_Safety,R3,PARAPHRASE,42675227,chunk-42675227-001,Stevioside promotes hepatocyte proliferation via YAP signaling in cholestatic disease.,Stevioside promotes hepatocyte proliferation via YAP signaling in cholestatic disease.,PENDING,,,PubMed_Central,,,
v3.1h-067,Warfarin target INR monitoring,Medication_Safety,R3,PARAPHRASE,42675497,chunk-42675497-001,Delayed ischemic stroke ten days after aluminum phosphide ingestion in a previously healthy 21-year-old Ethiopian woman: a case report.,Delayed ischemic stroke ten days after aluminum phosphide ingestion in a previously healthy 21-year-old Ethiopian woman: a case report.,PENDING,,,PubMed_Central,,,
v3.1h-067,Warfarin target INR monitoring,Medication_Safety,R3,PARAPHRASE,42675994,chunk-42675994-001,"An Adaptive, Time-Informed, Phenotype-Guided Pharmacological Framework for Severe Traumatic Brain Injury : A Hypothesis-Driven Narrative Review.","An Adaptive, Time-Informed, Phenotype-Guided Pharmacological Framework for Severe Traumatic Brain Injury : A Hypothesis-Driven Narrative Review.",PENDING,,,PubMed_Central,,,
v3.1h-067,Warfarin target INR monitoring,Medication_Safety,R3,PARAPHRASE,42676526,chunk-42676526-001,Tricholoma matsutake polypeptide modulates cardiac metabolism and restores autophagic flux to mitigate doxorubicin-induced senescence.,Tricholoma matsutake polypeptide modulates cardiac metabolism and restores autophagic flux to mitigate doxorubicin-induced senescence.,PENDING,,,PubMed_Central,,,
v3.1h-067,Warfarin target INR monitoring,Medication_Safety,R3,PARAPHRASE,42676937,chunk-42676937-001,Evaluation of acne vulgaris patient care in outpatient clinics: guideline adherence and patient education.,Evaluation of acne vulgaris patient care in outpatient clinics: guideline adherence and patient education.,PENDING,,,PubMed_Central,,,
v3.1h-067,Warfarin target INR monitoring,Medication_Safety,R3,PARAPHRASE,42677064,chunk-42677064-001,Targeting Novel Pathways in Pulmonary Arterial Hypertension: A Systematic Review and Meta-Analysis of New Therapeutic Agents.,Targeting Novel Pathways in Pulmonary Arterial Hypertension: A Systematic Review and Meta-Analysis of New Therapeutic Agents.,PENDING,,,PubMed_Central,,,
v3.1h-067,Warfarin target INR monitoring,Medication_Safety,R3,PARAPHRASE,42677606,chunk-42677606-001,Mitochondrial Unfolded Protein Response Regulates Copper-Induced Oxidative Stress via a Sirt3/FOXO3a Signaling Pathway in Chicken Hepatocytes.,Mitochondrial Unfolded Protein Response Regulates Copper-Induced Oxidative Stress via a Sirt3/FOXO3a Signaling Pathway in Chicken Hepatocytes.,PENDING,,,PubMed_Central,,,
v3.1h-067,Warfarin target INR monitoring,Medication_Safety,R3,PARAPHRASE,42677663,chunk-42677663-001,Chronic BDE-47 Exposure Induces DNA Damage in Hepatocytes: Involvement of Oxidative Stress and CYP1A1/2 Upregulation.,Chronic BDE-47 Exposure Induces DNA Damage in Hepatocytes: Involvement of Oxidative Stress and CYP1A1/2 Upregulation.,PENDING,,,PubMed_Central,,,
v3.1h-067,Warfarin target INR monitoring,Medication_Safety,R3,PARAPHRASE,42678094,chunk-42678094-001,Deciphering the Mechanisms of Statin-Ezetimibe Drug Combinations Using Boolean Logical Modeling and Transcriptomic Data.,Deciphering the Mechanisms of Statin-Ezetimibe Drug Combinations Using Boolean Logical Modeling and Transcriptomic Data.,PENDING,,,PubMed_Central,,,
v3.1h-067,Warfarin target INR monitoring,Medication_Safety,R3,PARAPHRASE,42678242,chunk-42678242-001,Hepatoprotective effects of resolvin D1 in mice exposed to ethanol and galactosamine.,Hepatoprotective effects of resolvin D1 in mice exposed to ethanol and galactosamine.,PENDING,,,PubMed_Central,,,
v3.1h-067,Warfarin target INR monitoring,Medication_Safety,R3,PARAPHRASE,42678243,chunk-42678243-001,MSCs overexpressing FGF21 alleviate acetaminophen-induced acute liver injury by eliciting macrophage-mediated phagocytosis.,MSCs overexpressing FGF21 alleviate acetaminophen-induced acute liver injury by eliciting macrophage-mediated phagocytosis.,PENDING,,,PubMed_Central,,,
v3.1h-067,Warfarin target INR monitoring,Medication_Safety,R3,PARAPHRASE,42679743,chunk-42679743-001,Dual-response mitochondria-targeted fluorescent probe for Hypochlorous acid and viscosity: Applications in liver injury diagnosis and environmental monitoring.,Dual-response mitochondria-targeted fluorescent probe for Hypochlorous acid and viscosity: Applications in liver injury diagnosis and environmental monitoring.,PENDING,,,PubMed_Central,,,
v3.1h-067,Warfarin target INR monitoring,Medication_Safety,R3,PARAPHRASE,42679829,chunk-42679829-001,"Adolescent health across Asia Pacific, 2000-23: a systematic analysis for the Global Burden of Disease Study 2023.","Adolescent health across Asia Pacific, 2000-23: a systematic analysis for the Global Burden of Disease Study 2023.",PENDING,,,PubMed_Central,,,
v3.1h-067,Warfarin target INR monitoring,Medication_Safety,R3,PARAPHRASE,42680287,chunk-42680287-001,Lipid-lowering and hepatoprotective effects of Ocimum sanctum L. (Thai holy basil) flower against MASLD and liver inflammation in rats.,Lipid-lowering and hepatoprotective effects of Ocimum sanctum L. (Thai holy basil) flower against MASLD and liver inflammation in rats.,PENDING,,,PubMed_Central,,,
v3.1h-067,Warfarin target INR monitoring,Medication_Safety,R3,PARAPHRASE,42681676,chunk-42681676-001,Targeting breast cancer stem cells by restoring RBM38 function: mechanism and protein delivery therapy.,Targeting breast cancer stem cells by restoring RBM38 function: mechanism and protein delivery therapy.,PENDING,,,PubMed_Central,,,
v3.1h-067,Warfarin target INR monitoring,Medication_Safety,R3,PARAPHRASE,42682722,chunk-42682722-001,"PRO/CON debate: nonsteroidal versus steroidal mineralocorticoid receptor antagonists in chronic kidney disease: progress, pragmatism, and remaining uncertainties.","PRO/CON debate: nonsteroidal versus steroidal mineralocorticoid receptor antagonists in chronic kidney disease: progress, pragmatism, and remaining uncertainties.",PENDING,,,PubMed_Central,,,
v3.1h-069,Diagnosis of drug induced hepatotoxicity,Medication_Safety,R3,PARAPHRASE,27148747,chunk-27148747-001,"Alendronate Sodium as Enteric Coated Solid Lipid Nanoparticles; Preparation, Optimization, and In Vivo Evaluation to Enhance Its Oral Bioavailability.","Alendronate Sodium as Enteric Coated Solid Lipid Nanoparticles; Preparation, Optimization, and In Vivo Evaluation to Enhance Its Oral Bioavailability.",PENDING,,,PubMed_Central,,,
v3.1h-069,Diagnosis of drug induced hepatotoxicity,Medication_Safety,R3,PARAPHRASE,27956102,chunk-27956102-001,Pharyngolaryngeal ulcers associated with the improper use of alendronate.,Pharyngolaryngeal ulcers associated with the improper use of alendronate.,PENDING,,,PubMed_Central,,,
v3.1h-069,Diagnosis of drug induced hepatotoxicity,Medication_Safety,R3,PARAPHRASE,28520369,chunk-28520369-001,Celecoxib Therapy and CYP2C9 Genotype.,Celecoxib Therapy and CYP2C9 Genotype.,PENDING,,,PubMed_Central,,,
v3.1h-069,Diagnosis of drug induced hepatotoxicity,Medication_Safety,R3,PARAPHRASE,28520381,chunk-28520381-001,Metoprolol Therapy and CYP2D6 Genotype.,Metoprolol Therapy and CYP2D6 Genotype.,PENDING,,,PubMed_Central,,,
v3.1h-069,Diagnosis of drug induced hepatotoxicity,Medication_Safety,R3,PARAPHRASE,29262813,chunk-29262813-001,Renoprotective RAAS inhibition does not affect the association between worse renal function and higher plasma aldosterone levels.,Renoprotective RAAS inhibition does not affect the association between worse renal function and higher plasma aldosterone levels.,PENDING,,,PubMed_Central,,,
v3.1h-069,Diagnosis of drug induced hepatotoxicity,Medication_Safety,R3,PARAPHRASE,29856752,chunk-29856752-001,Quality by design approach to optimize the formulation variables influencing the characteristics of biodegradable intramuscular in-situ gel loaded with alendronate sodium for osteoporosis.,Quality by design approach to optimize the formulation variables influencing the characteristics of biodegradable intramuscular in-situ gel loaded with alendronate sodium for osteoporosis.,PENDING,,,PubMed_Central,,,
v3.1h-069,Diagnosis of drug induced hepatotoxicity,Medication_Safety,R3,PARAPHRASE,30422511,chunk-30422511-001,Vitamin A Toxicity.,Vitamin A Toxicity.,PENDING,,,PubMed_Central,,,
v3.1h-069,Diagnosis of drug induced hepatotoxicity,Medication_Safety,R3,PARAPHRASE,30626809,chunk-30626809-001,Symptoms and Upper Gastrointestinal Mucosal Injury Associated with Bisphosphonate Therapy.,Symptoms and Upper Gastrointestinal Mucosal Injury Associated with Bisphosphonate Therapy.,PENDING,,,PubMed_Central,,,
v3.1h-069,Diagnosis of drug induced hepatotoxicity,Medication_Safety,R3,PARAPHRASE,31583609,chunk-31583609-001,Physiologically Based Pharmacokinetic Modelling to Identify Pharmacokinetic Parameters Driving Drug Exposure Changes in the Elderly.,Physiologically Based Pharmacokinetic Modelling to Identify Pharmacokinetic Parameters Driving Drug Exposure Changes in the Elderly.,PENDING,,,PubMed_Central,,,
v3.1h-069,Diagnosis of drug induced hepatotoxicity,Medication_Safety,R3,PARAPHRASE,32666144,chunk-32666144-001,Upper gastrointestinal safety of oral bisphosphonate in hospitalized patients.,Upper gastrointestinal safety of oral bisphosphonate in hospitalized patients.,PENDING,,,PubMed_Central,,,
v3.1h-069,Diagnosis of drug induced hepatotoxicity,Medication_Safety,R3,PARAPHRASE,32699722,chunk-32699722-001,Metformin Associated Lactic Acidosis in the Intensive Care Unit: A Rare Condition Mimicking Sepsis.,Metformin Associated Lactic Acidosis in the Intensive Care Unit: A Rare Condition Mimicking Sepsis.,PENDING,,,PubMed_Central,,,
v3.1h-069,Diagnosis of drug induced hepatotoxicity,Medication_Safety,R3,PARAPHRASE,33048477,chunk-33048477-001,Impact of Green Tea Catechin Ingestion on the Pharmacokinetics of Lisinopril in Healthy Volunteers.,Impact of Green Tea Catechin Ingestion on the Pharmacokinetics of Lisinopril in Healthy Volunteers.,PENDING,,,PubMed_Central,,,
v3.1h-069,Diagnosis of drug induced hepatotoxicity,Medication_Safety,R3,PARAPHRASE,33777146,chunk-33777146-001,Severe Oral Mucosal Ulceration Associated with Oral Bisphosphonate Use: The Importance of Imparting Proper Instructions on Medication Administration and Intake.,Severe Oral Mucosal Ulceration Associated with Oral Bisphosphonate Use: The Importance of Imparting Proper Instructions on Medication Administration and Intake.,PENDING,,,PubMed_Central,,,
v3.1h-069,Diagnosis of drug induced hepatotoxicity,Medication_Safety,R3,PARAPHRASE,33986677,chunk-33986677-001,"Radiation Increases Bioavailability of Lisinopril, a Mitigator of Radiation-Induced Toxicities.","Radiation Increases Bioavailability of Lisinopril, a Mitigator of Radiation-Induced Toxicities.",PENDING,,,PubMed_Central,,,
v3.1h-069,Diagnosis of drug induced hepatotoxicity,Medication_Safety,R3,PARAPHRASE,34258506,chunk-34258506-001,A Prospective Open-Label Observational Study of a Buffered Soluble 70 mg Alendronate Effervescent Tablet on Upper Gastrointestinal Safety and Medication Errors: The GastroPASS Study.,A Prospective Open-Label Observational Study of a Buffered Soluble 70 mg Alendronate Effervescent Tablet on Upper Gastrointestinal Safety and Medication Errors: The GastroPASS Study.,PENDING,,,PubMed_Central,,,
v3.1h-069,Diagnosis of drug induced hepatotoxicity,Medication_Safety,R3,PARAPHRASE,36300543,chunk-36300543-001,"The effect of diminazene, an angiotensin-converting enzyme 2 activator, on adenine-induced chronic kidney disease in rats.","The effect of diminazene, an angiotensin-converting enzyme 2 activator, on adenine-induced chronic kidney disease in rats.",PENDING,,,PubMed_Central,,,
v3.1h-069,Diagnosis of drug induced hepatotoxicity,Medication_Safety,R3,PARAPHRASE,37539955,chunk-37539955-001,Interventions for chronic kidney disease in people with sickle cell disease.,Interventions for chronic kidney disease in people with sickle cell disease.,PENDING,,,PubMed_Central,,,
v3.1h-069,Diagnosis of drug induced hepatotoxicity,Medication_Safety,R3,PARAPHRASE,37715904,chunk-37715904-001,Associations of metal mixtures with thyroid function and potential interactions with iodine status: results from a cross-sectional study in MEWHC.,Associations of metal mixtures with thyroid function and potential interactions with iodine status: results from a cross-sectional study in MEWHC.,PENDING,,,PubMed_Central,,,
v3.1h-069,Diagnosis of drug induced hepatotoxicity,Medication_Safety,R3,PARAPHRASE,37746873,chunk-37746873-001,Longitudinal Trajectory of Opioid Prescribing and its Associated Serious Adverse Events: A Population-Wide Cohort Study in Taiwan.,Longitudinal Trajectory of Opioid Prescribing and its Associated Serious Adverse Events: A Population-Wide Cohort Study in Taiwan.,PENDING,,,PubMed_Central,,,
v3.1h-069,Diagnosis of drug induced hepatotoxicity,Medication_Safety,R3,PARAPHRASE,38006536,chunk-38006536-001,Clinical and Laboratory Factors Related to Seizure and Serotonin Toxicity in Tramadol Intoxication: An Egyptian Study.,Clinical and Laboratory Factors Related to Seizure and Serotonin Toxicity in Tramadol Intoxication: An Egyptian Study.,PENDING,,,PubMed_Central,,,
v3.1h-069,Diagnosis of drug induced hepatotoxicity,Medication_Safety,R3,PARAPHRASE,38053572,chunk-38053572-001,Nephroprotective effects of diminazene on doxorubicin-induced acute kidney injury in rats.,Nephroprotective effects of diminazene on doxorubicin-induced acute kidney injury in rats.,PENDING,,,PubMed_Central,,,
v3.1h-069,Diagnosis of drug induced hepatotoxicity,Medication_Safety,R3,PARAPHRASE,38374855,chunk-38374855-001,An Unusual Presentation of Cobblestone Esophagus From Bisphosphonate Use.,An Unusual Presentation of Cobblestone Esophagus From Bisphosphonate Use.,PENDING,,,PubMed_Central,,,
v3.1h-069,Diagnosis of drug induced hepatotoxicity,Medication_Safety,R3,PARAPHRASE,38676494,chunk-38676494-001,"A Review of the Association between Infections, Seizures, and Drugs.","A Review of the Association between Infections, Seizures, and Drugs.",PENDING,,,PubMed_Central,,,
v3.1h-069,Diagnosis of drug induced hepatotoxicity,Medication_Safety,R3,PARAPHRASE,38710058,chunk-38710058-001,"The Salutary Effects of Diminazene, Lisinopril or Valsartan on Cisplatin - Induced Acute Kidney Injury in Rats: A Comparative Study.","The Salutary Effects of Diminazene, Lisinopril or Valsartan on Cisplatin - Induced Acute Kidney Injury in Rats: A Comparative Study.",PENDING,,,PubMed_Central,,,
v3.1h-069,Diagnosis of drug induced hepatotoxicity,Medication_Safety,R3,PARAPHRASE,38758406,chunk-38758406-001,Screening for ferroptosis genes related to endometrial carcinoma and predicting of targeted drugs based on bioinformatics.,Screening for ferroptosis genes related to endometrial carcinoma and predicting of targeted drugs based on bioinformatics.,PENDING,,,PubMed_Central,,,
v3.1h-069,Diagnosis of drug induced hepatotoxicity,Medication_Safety,R3,PARAPHRASE,38832136,chunk-38832136-001,From pill to pain: Alendronate-induced esophageal injury-A case report and review.,From pill to pain: Alendronate-induced esophageal injury-A case report and review.,PENDING,,,PubMed_Central,,,
v3.1h-069,Diagnosis of drug induced hepatotoxicity,Medication_Safety,R3,PARAPHRASE,39074188,chunk-39074188-001,Sex Differences in Physiological Responses to a National Collegiate Athletic Association Division I Soccer Season.,Sex Differences in Physiological Responses to a National Collegiate Athletic Association Division I Soccer Season.,PENDING,,,PubMed_Central,,,
v3.1h-069,Diagnosis of drug induced hepatotoxicity,Medication_Safety,R3,PARAPHRASE,39114562,chunk-39114562-001,A network meta-analysis: evaluating the efficacy and safety of concurrent proton pump inhibitors and clopidogrel therapy in post-PCI patients.,A network meta-analysis: evaluating the efficacy and safety of concurrent proton pump inhibitors and clopidogrel therapy in post-PCI patients.,PENDING,,,PubMed_Central,,,
v3.1h-069,Diagnosis of drug induced hepatotoxicity,Medication_Safety,R3,PARAPHRASE,39430173,chunk-39430173-001,Prospective Trial on the Pharmacokinetics of Clopidogrel in Hemodialysis Patients.,Prospective Trial on the Pharmacokinetics of Clopidogrel in Hemodialysis Patients.,PENDING,,,PubMed_Central,,,
v3.1h-069,Diagnosis of drug induced hepatotoxicity,Medication_Safety,R3,PARAPHRASE,39817374,chunk-39817374-001,Delineating CYP2C19-mediated Interactions: Network Pharmacology Investigation of Ilaprazole and Clopidogrel versus Conventional Proton Pump Inhibitors.,Delineating CYP2C19-mediated Interactions: Network Pharmacology Investigation of Ilaprazole and Clopidogrel versus Conventional Proton Pump Inhibitors.,PENDING,,,PubMed_Central,,,
v3.1h-069,Diagnosis of drug induced hepatotoxicity,Medication_Safety,R3,PARAPHRASE,40149400,chunk-40149400-001,The Association Between Statin Drugs and Rhabdomyolysis: An Analysis of FDA Adverse Event Reporting System (FAERS) Data and Transcriptomic Profiles.,The Association Between Statin Drugs and Rhabdomyolysis: An Analysis of FDA Adverse Event Reporting System (FAERS) Data and Transcriptomic Profiles.,PENDING,,,PubMed_Central,,,
v3.1h-069,Diagnosis of drug induced hepatotoxicity,Medication_Safety,R3,PARAPHRASE,40198642,chunk-40198642-001,Impact of Ginkgo biloba drug interactions on bleeding risk and coagulation profiles: A comprehensive analysis.,Impact of Ginkgo biloba drug interactions on bleeding risk and coagulation profiles: A comprehensive analysis.,PENDING,,,PubMed_Central,,,
v3.1h-069,Diagnosis of drug induced hepatotoxicity,Medication_Safety,R3,PARAPHRASE,40242084,chunk-40242084-001,Tramadol use and risk of seizure: A report of two cases and a review of recent literature.,Tramadol use and risk of seizure: A report of two cases and a review of recent literature.,PENDING,,,PubMed_Central,,,
v3.1h-069,Diagnosis of drug induced hepatotoxicity,Medication_Safety,R3,PARAPHRASE,40272900,chunk-40272900-001,In vitro seizure risk assessment using a microelectrode array and comparison with an in vivo rat study.,In vitro seizure risk assessment using a microelectrode array and comparison with an in vivo rat study.,PENDING,,,PubMed_Central,,,
v3.1h-069,Diagnosis of drug induced hepatotoxicity,Medication_Safety,R3,PARAPHRASE,40289797,chunk-40289797-001,Association of Biomarkers With Intracerebral Hematoma Expansion and Arterial Thromboembolic Events in Patients With Acute Intracranial Hemorrhage: The ANNEXA-I Biomarker Substudy.,Association of Biomarkers With Intracerebral Hematoma Expansion and Arterial Thromboembolic Events in Patients With Acute Intracranial Hemorrhage: The ANNEXA-I Biomarker Substudy.,PENDING,,,PubMed_Central,,,
v3.1h-069,Diagnosis of drug induced hepatotoxicity,Medication_Safety,R3,PARAPHRASE,40357791,chunk-40357791-001,Antiplatelet-Proton Pump Inhibitor Interactions and Arterial Thrombotic Events: A Pharmacovigilance Assessment using Disproportionality and Interaction Analysis.,Antiplatelet-Proton Pump Inhibitor Interactions and Arterial Thrombotic Events: A Pharmacovigilance Assessment using Disproportionality and Interaction Analysis.,PENDING,,,PubMed_Central,,,
v3.1h-069,Diagnosis of drug induced hepatotoxicity,Medication_Safety,R3,PARAPHRASE,40406172,chunk-40406172-001,Digoxin for Fetal Tachyarrhythmia: Toxicity in an Underweight Mother.,Digoxin for Fetal Tachyarrhythmia: Toxicity in an Underweight Mother.,PENDING,,,PubMed_Central,,,
v3.1h-069,Diagnosis of drug induced hepatotoxicity,Medication_Safety,R3,PARAPHRASE,40618353,chunk-40618353-001,[Management of emergencies in direct oral anticoagulant-treated patients: practice pearls].,[Management of emergencies in direct oral anticoagulant-treated patients: practice pearls].,PENDING,,,PubMed_Central,,,
v3.1h-069,Diagnosis of drug induced hepatotoxicity,Medication_Safety,R3,PARAPHRASE,40685887,chunk-40685887-001,Efficacy and Safety of Clopidogrel With and Without a Proton Pump Inhibitor: A Systematic Review and Meta-Analysis.,Efficacy and Safety of Clopidogrel With and Without a Proton Pump Inhibitor: A Systematic Review and Meta-Analysis.,PENDING,,,PubMed_Central,,,
v3.1h-069,Diagnosis of drug induced hepatotoxicity,Medication_Safety,R3,PARAPHRASE,40749454,chunk-40749454-001,Drug-Related epileptic seizures and Age-Specific Differences: A Real-World study based on the FAERS database.,Drug-Related epileptic seizures and Age-Specific Differences: A Real-World study based on the FAERS database.,PENDING,,,PubMed_Central,,,
v3.1h-069,Diagnosis of drug induced hepatotoxicity,Medication_Safety,R3,PARAPHRASE,40771914,chunk-40771914-001,"Pharmacodynamics, pharmacokinetics, interactions with other drugs, toxicity and clinical effectiveness of proton pump inhibitors.","Pharmacodynamics, pharmacokinetics, interactions with other drugs, toxicity and clinical effectiveness of proton pump inhibitors.",PENDING,,,PubMed_Central,,,
v3.1h-069,Diagnosis of drug induced hepatotoxicity,Medication_Safety,R3,PARAPHRASE,40825054,chunk-40825054-001,"Analysis of hemorrhagic transformation and intracerebral hemorrhage under combination therapy with alteplase and antiplatelets or anticoagulants, using the Japanese Adverse Drug Event Report database.","Analysis of hemorrhagic transformation and intracerebral hemorrhage under combination therapy with alteplase and antiplatelets or anticoagulants, using the Japanese Adverse Drug Event Report database.",PENDING,,,PubMed_Central,,,
v3.1h-069,Diagnosis of drug induced hepatotoxicity,Medication_Safety,R3,PARAPHRASE,40828441,chunk-40828441-001,Oral anticoagulants-related bleeding: what happens in the emergency room? The Galeno study.,Oral anticoagulants-related bleeding: what happens in the emergency room? The Galeno study.,PENDING,,,PubMed_Central,,,
v3.1h-069,Diagnosis of drug induced hepatotoxicity,Medication_Safety,R3,PARAPHRASE,40845290,chunk-40845290-001,The Effects of a Semester of Preprofessional Dance Training on Biomarkers and Performance Variables in Elite Adolescent Ballet Dancers.,The Effects of a Semester of Preprofessional Dance Training on Biomarkers and Performance Variables in Elite Adolescent Ballet Dancers.,PENDING,,,PubMed_Central,,,
v3.1h-069,Diagnosis of drug induced hepatotoxicity,Medication_Safety,R3,PARAPHRASE,40881144,chunk-40881144-001,A Description of QT-Interval Prolonging Drug Interactions with Fluoroquinolones in Older Women with Uncomplicated Urinary Tract Infections.,A Description of QT-Interval Prolonging Drug Interactions with Fluoroquinolones in Older Women with Uncomplicated Urinary Tract Infections.,PENDING,,,PubMed_Central,,,
v3.1h-069,Diagnosis of drug induced hepatotoxicity,Medication_Safety,R3,PARAPHRASE,40910969,chunk-40910969-001,The Risk of Breakthrough Cardiac Events Associated With Psychiatric Medications in Patients With Diagnosed and Clinically Treated Long QT Syndrome.,The Risk of Breakthrough Cardiac Events Associated With Psychiatric Medications in Patients With Diagnosed and Clinically Treated Long QT Syndrome.,PENDING,,,PubMed_Central,,,
v3.1h-069,Diagnosis of drug induced hepatotoxicity,Medication_Safety,R3,PARAPHRASE,40915652,chunk-40915652-001,Nonsteroidal Anti-Inflammatory Drugs and Risk of Gastrointestinal Bleeding: A Systematic Review and Meta-Analysis.,Nonsteroidal Anti-Inflammatory Drugs and Risk of Gastrointestinal Bleeding: A Systematic Review and Meta-Analysis.,PENDING,,,PubMed_Central,,,
v3.1h-069,Diagnosis of drug induced hepatotoxicity,Medication_Safety,R3,PARAPHRASE,40978465,chunk-40978465-001,Abnormal Ca(2+) handling and reduced I(to) contribute to citalopram-induced QT prolongation and cardiac arrhythmias.,Abnormal Ca(2+) handling and reduced I(to) contribute to citalopram-induced QT prolongation and cardiac arrhythmias.,PENDING,,,PubMed_Central,,,
v3.1h-069,Diagnosis of drug induced hepatotoxicity,Medication_Safety,R3,PARAPHRASE,40988289,chunk-40988289-001,Drug-drug interactions: A descriptive analysis of FDA adverse event reporting system.,Drug-drug interactions: A descriptive analysis of FDA adverse event reporting system.,PENDING,,,PubMed_Central,,,
v3.1h-069,Diagnosis of drug induced hepatotoxicity,Medication_Safety,R3,PARAPHRASE,41004670,chunk-41004670-001,"Correlation Between Escitalopram, Sertraline, and Fluoxetine Serum Levels and QTc Interval Prolongation in Children and Adolescents.","Correlation Between Escitalopram, Sertraline, and Fluoxetine Serum Levels and QTc Interval Prolongation in Children and Adolescents.",PENDING,,,PubMed_Central,,,
v3.1h-069,Diagnosis of drug induced hepatotoxicity,Medication_Safety,R3,PARAPHRASE,41017291,chunk-41017291-001,Use of Drugs With Actionable Pharmacogenetic Biomarkers and Possible Prescribing Changes Among Older People.,Use of Drugs With Actionable Pharmacogenetic Biomarkers and Possible Prescribing Changes Among Older People.,PENDING,,,PubMed_Central,,,
v3.1h-069,Diagnosis of drug induced hepatotoxicity,Medication_Safety,R3,PARAPHRASE,41061201,chunk-41061201-001,Risk of Seizure Associated With Concomitant Use of Tramadol and Antidepressants in Older Nursing Home Residents.,Risk of Seizure Associated With Concomitant Use of Tramadol and Antidepressants in Older Nursing Home Residents.,PENDING,,,PubMed_Central,,,
v3.1h-069,Diagnosis of drug induced hepatotoxicity,Medication_Safety,R3,PARAPHRASE,41075377,chunk-41075377-001,Interpretation of the association between thyroid peroxidase antibodies and thyroid function during pregnancy: An individual participant data meta-analysis.,Interpretation of the association between thyroid peroxidase antibodies and thyroid function during pregnancy: An individual participant data meta-analysis.,PENDING,,,PubMed_Central,,,
v3.1h-069,Diagnosis of drug induced hepatotoxicity,Medication_Safety,R3,PARAPHRASE,41077316,chunk-41077316-001,Metabolic enzyme-mediated pharmacokinetic and pharmacodynamic interactions between Danshen Yin and clopidogrel in normal and acute myocardial infarction rats.,Metabolic enzyme-mediated pharmacokinetic and pharmacodynamic interactions between Danshen Yin and clopidogrel in normal and acute myocardial infarction rats.,PENDING,,,PubMed_Central,,,
v3.1h-069,Diagnosis of drug induced hepatotoxicity,Medication_Safety,R3,PARAPHRASE,41085374,chunk-41085374-001,Assessing Impact of Concomitant Use of Proton Pump Inhibitors and Clopidogrel on Incidence of Major Adverse Cardiovascular Events: A Retrospective Cohort Study.,Assessing Impact of Concomitant Use of Proton Pump Inhibitors and Clopidogrel on Incidence of Major Adverse Cardiovascular Events: A Retrospective Cohort Study.,PENDING,,,PubMed_Central,,,
v3.1h-069,Diagnosis of drug induced hepatotoxicity,Medication_Safety,R3,PARAPHRASE,41089323,chunk-41089323-001,Arrhythmic events pertinent with antidepressants: a Bayesian disproportional analysis mining the FDA Adverse Event Reporting System database.,Arrhythmic events pertinent with antidepressants: a Bayesian disproportional analysis mining the FDA Adverse Event Reporting System database.,PENDING,,,PubMed_Central,,,
v3.1h-069,Diagnosis of drug induced hepatotoxicity,Medication_Safety,R3,PARAPHRASE,41098965,chunk-41098965-001,Procoagulant off-target effect of the direct oral anticoagulant reversal agent Andexanet alfa.,Procoagulant off-target effect of the direct oral anticoagulant reversal agent Andexanet alfa.,PENDING,,,PubMed_Central,,,
v3.1h-069,Diagnosis of drug induced hepatotoxicity,Medication_Safety,R3,PARAPHRASE,41100334,chunk-41100334-001,Review of Safety and Efficacy of Polmacoxib: A Novel Dual Inhibitor of Cyclo-oxygenase 2 and Carbonic Anhydrase in Osteoarthritis and Acute Painful Conditions.,Review of Safety and Efficacy of Polmacoxib: A Novel Dual Inhibitor of Cyclo-oxygenase 2 and Carbonic Anhydrase in Osteoarthritis and Acute Painful Conditions.,PENDING,,,PubMed_Central,,,
v3.1h-069,Diagnosis of drug induced hepatotoxicity,Medication_Safety,R3,PARAPHRASE,41109285,chunk-41109285-001,Challenges in the treatment of hypothyroidism: malabsorption and pseudo-malabsorption of levothyroxine.,Challenges in the treatment of hypothyroidism: malabsorption and pseudo-malabsorption of levothyroxine.,PENDING,,,PubMed_Central,,,
v3.1h-069,Diagnosis of drug induced hepatotoxicity,Medication_Safety,R3,PARAPHRASE,41112691,chunk-41112691-001,"Risk Factors Associated with Thrombus Development Following Pharmacologic Anticoagulation Reversal with Coagulation Factor Xa [Recombinant], Inactivated-zhzo.","Risk Factors Associated with Thrombus Development Following Pharmacologic Anticoagulation Reversal with Coagulation Factor Xa [Recombinant], Inactivated-zhzo.",PENDING,,,PubMed_Central,,,
v3.1h-069,Diagnosis of drug induced hepatotoxicity,Medication_Safety,R3,PARAPHRASE,41141842,chunk-41141842-001,Andexanet alfa for the reversal of the low-molecular-weight heparin enoxaparin.,Andexanet alfa for the reversal of the low-molecular-weight heparin enoxaparin.,PENDING,,,PubMed_Central,,,
v3.1h-069,Diagnosis of drug induced hepatotoxicity,Medication_Safety,R3,PARAPHRASE,41158891,chunk-41158891-001,Seizures Following Single-Dose Intravenous Tramadol for Postsurgical Pain: A Report of Two Cases.,Seizures Following Single-Dose Intravenous Tramadol for Postsurgical Pain: A Report of Two Cases.,PENDING,,,PubMed_Central,,,
v3.1h-069,Diagnosis of drug induced hepatotoxicity,Medication_Safety,R3,PARAPHRASE,41177211,chunk-41177211-001,Biomedical pharmacology study on metformin and glucose (PMID 41177211),Metformin decreases hepatic glucose production and decreases intestinal absorption of glucose.,PENDING,,,PubMed_Central,,,
v3.1h-069,Diagnosis of drug induced hepatotoxicity,Medication_Safety,R3,PARAPHRASE,41225655,chunk-41225655-001,TNF-α inhibitor etanercept improves cerebrovascular function in elderly RA patients: findings from a randomized controlled trial.,TNF-α inhibitor etanercept improves cerebrovascular function in elderly RA patients: findings from a randomized controlled trial.,PENDING,,,PubMed_Central,,,
v3.1h-069,Diagnosis of drug induced hepatotoxicity,Medication_Safety,R3,PARAPHRASE,41266704,chunk-41266704-001,Andexanet Alfa in Emergency Cranial Neurosurgical Procedures: A Bicentric Analysis of Efficacy and Safety.,Andexanet Alfa in Emergency Cranial Neurosurgical Procedures: A Bicentric Analysis of Efficacy and Safety.,PENDING,,,PubMed_Central,,,
v3.1h-069,Diagnosis of drug induced hepatotoxicity,Medication_Safety,R3,PARAPHRASE,41278442,chunk-41278442-001,Pharmacological management of major complications following left ventricular assist device implantation in type 2 diabetes mellitus.,Pharmacological management of major complications following left ventricular assist device implantation in type 2 diabetes mellitus.,PENDING,,,PubMed_Central,,,
v3.1h-069,Diagnosis of drug induced hepatotoxicity,Medication_Safety,R3,PARAPHRASE,41323006,chunk-41323006-001,"Randomized, Double-Blind, Placebo-Controlled, Dose-Ranging Comparison of the Analgesic Efficacy and Safety of Intravenous Ketoprofen, Tramadol, and Morphine After Bony Impacted Mandibular Third Molar Surgery.","Randomized, Double-Blind, Placebo-Controlled, Dose-Ranging Comparison of the Analgesic Efficacy and Safety of Intravenous Ketoprofen, Tramadol, and Morphine After Bony Impacted Mandibular Third Molar Surgery.",PENDING,,,PubMed_Central,,,
v3.1h-069,Diagnosis of drug induced hepatotoxicity,Medication_Safety,R3,PARAPHRASE,41347947,chunk-41347947-001,"Navigating complementary and alternative medicine use, medication adherence, and herb-drug interaction risks among gout patients: a multicenter cross-sectional study in indonesia.","Navigating complementary and alternative medicine use, medication adherence, and herb-drug interaction risks among gout patients: a multicenter cross-sectional study in indonesia.",PENDING,,,PubMed_Central,,,
v3.1h-069,Diagnosis of drug induced hepatotoxicity,Medication_Safety,R3,PARAPHRASE,41397500,chunk-41397500-001,Exploring the link between antipsychotic and antidepressant use and severe QT prolongation: Impacts on ventricular arrhythmias and sudden cardiac death.,Exploring the link between antipsychotic and antidepressant use and severe QT prolongation: Impacts on ventricular arrhythmias and sudden cardiac death.,PENDING,,,PubMed_Central,,,
v3.1h-069,Diagnosis of drug induced hepatotoxicity,Medication_Safety,R3,PARAPHRASE,41406988,chunk-41406988-001,Trends and variation in the use of andexanet alfa for the reversal of direct oral anticoagulants in NHS trusts in England.,Trends and variation in the use of andexanet alfa for the reversal of direct oral anticoagulants in NHS trusts in England.,PENDING,,,PubMed_Central,,,
v3.1h-069,Diagnosis of drug induced hepatotoxicity,Medication_Safety,R3,PARAPHRASE,41428604,chunk-41428604-001,The Stability of Drugs Commonly Used in Intensive Care Units Co-Administered via Feeding Tube and Its Dependence on pH: An in vitro Study.,The Stability of Drugs Commonly Used in Intensive Care Units Co-Administered via Feeding Tube and Its Dependence on pH: An in vitro Study.,PENDING,,,PubMed_Central,,,
v3.1h-069,Diagnosis of drug induced hepatotoxicity,Medication_Safety,R3,PARAPHRASE,41452043,chunk-41452043-001,Rising Escitalopram Use in British Columbia: Is it Rational and Evidence-Informed?,Rising Escitalopram Use in British Columbia: Is it Rational and Evidence-Informed?,PENDING,,,PubMed_Central,,,
v3.1h-069,Diagnosis of drug induced hepatotoxicity,Medication_Safety,R3,PARAPHRASE,41459594,chunk-41459594-001,Degree of Cyclooxygenase-2 Inhibition Modulates Blood Pressure Response.,Degree of Cyclooxygenase-2 Inhibition Modulates Blood Pressure Response.,PENDING,,,PubMed_Central,,,
v3.1h-069,Diagnosis of drug induced hepatotoxicity,Medication_Safety,R3,PARAPHRASE,41463106,chunk-41463106-001,Reconsidering Digoxin in Atrial Fibrillation: From Historical Controversy to Physiologically Guided and Personalized Rate Control.,Reconsidering Digoxin in Atrial Fibrillation: From Historical Controversy to Physiologically Guided and Personalized Rate Control.,PENDING,,,PubMed_Central,,,
v3.1h-069,Diagnosis of drug induced hepatotoxicity,Medication_Safety,R3,PARAPHRASE,41489241,chunk-41489241-001,The role of a fixed combination of ibuprofen/paracetamol in the management of acute pain: an Italian expert narrative review.,The role of a fixed combination of ibuprofen/paracetamol in the management of acute pain: an Italian expert narrative review.,PENDING,,,PubMed_Central,,,
v3.1h-069,Diagnosis of drug induced hepatotoxicity,Medication_Safety,R3,PARAPHRASE,41496228,chunk-41496228-001,The impact of prenatal maternal-fetal metal levels and placental transfer efficiency of metals on neonatal thyroid function: The modulatory role of maternal vitamin D levels in pregnancy.,The impact of prenatal maternal-fetal metal levels and placental transfer efficiency of metals on neonatal thyroid function: The modulatory role of maternal vitamin D levels in pregnancy.,PENDING,,,PubMed_Central,,,
v3.1h-069,Diagnosis of drug induced hepatotoxicity,Medication_Safety,R3,PARAPHRASE,41733550,chunk-41733550-001,Cyclooxygenase-2 Inhibition and Anti-Platelet Aggregation Activity of Astaxanthin-Hydrogel in Comparison to Celecoxib Against Rheumatoid Arthritis in Wistar Rat Model.,Cyclooxygenase-2 Inhibition and Anti-Platelet Aggregation Activity of Astaxanthin-Hydrogel in Comparison to Celecoxib Against Rheumatoid Arthritis in Wistar Rat Model.,PENDING,,,PubMed_Central,,,
v3.1h-069,Diagnosis of drug induced hepatotoxicity,Medication_Safety,R3,PARAPHRASE,41748094,chunk-41748094-001,Heart Rate-Corrected QT Interval Dynamics Following Antidepressant Switching from Escitalopram to High-Dose Venlafaxine: Cardiac Safety Insights from the Early Medication Change Cohort.,Heart Rate-Corrected QT Interval Dynamics Following Antidepressant Switching from Escitalopram to High-Dose Venlafaxine: Cardiac Safety Insights from the Early Medication Change Cohort.,PENDING,,,PubMed_Central,,,
v3.1h-069,Diagnosis of drug induced hepatotoxicity,Medication_Safety,R3,PARAPHRASE,41754906,chunk-41754906-001,"An Overview of Anticoagulant Drugs Pharmacology, Therapeutic Approaches, Limitations and Perspectives.","An Overview of Anticoagulant Drugs Pharmacology, Therapeutic Approaches, Limitations and Perspectives.",PENDING,,,PubMed_Central,,,
v3.1h-069,Diagnosis of drug induced hepatotoxicity,Medication_Safety,R3,PARAPHRASE,41766537,chunk-41766537-001,Increased Risk of Ischemic Events in Patients With Stroke Treated With Clopidogrel and a P-CAB or PPI.,Increased Risk of Ischemic Events in Patients With Stroke Treated With Clopidogrel and a P-CAB or PPI.,PENDING,,,PubMed_Central,,,
v3.1h-069,Diagnosis of drug induced hepatotoxicity,Medication_Safety,R3,PARAPHRASE,41776019,chunk-41776019-001,Andexanet alfa Reduces Hematoma Expansion Following Controlled Cortical Impact in Mice Pretreated with Rivaroxaban.,Andexanet alfa Reduces Hematoma Expansion Following Controlled Cortical Impact in Mice Pretreated with Rivaroxaban.,PENDING,,,PubMed_Central,,,
v3.1h-069,Diagnosis of drug induced hepatotoxicity,Medication_Safety,R3,PARAPHRASE,41791695,chunk-41791695-001,"Harnessing the gut-heart axis for cardiovascular drug innovation: microbiome, metabolites, and personalized treatment strategies.","Harnessing the gut-heart axis for cardiovascular drug innovation: microbiome, metabolites, and personalized treatment strategies.",PENDING,,,PubMed_Central,,,
v3.1h-069,Diagnosis of drug induced hepatotoxicity,Medication_Safety,R3,PARAPHRASE,41808861,chunk-41808861-001,Network toxicology reveals key genes of amiodarone induced pulmonary fibrosis: based on machine learning and SHAP analysis.,Network toxicology reveals key genes of amiodarone induced pulmonary fibrosis: based on machine learning and SHAP analysis.,PENDING,,,PubMed_Central,,,
v3.1h-069,Diagnosis of drug induced hepatotoxicity,Medication_Safety,R3,PARAPHRASE,41811250,chunk-41811250-001,Influence of transporter polymorphisms on digoxin serum concentrations: a systematic review and meta-analysis.,Influence of transporter polymorphisms on digoxin serum concentrations: a systematic review and meta-analysis.,PENDING,,,PubMed_Central,,,
v3.1h-069,Diagnosis of drug induced hepatotoxicity,Medication_Safety,R3,PARAPHRASE,41818114,chunk-41818114-001,Dabigatran-induced Gastrointestinal Bleed Treated by 4-factor Prothrombin Complex Concentrate in a Tertiary Care Hospital in Sikkim.,Dabigatran-induced Gastrointestinal Bleed Treated by 4-factor Prothrombin Complex Concentrate in a Tertiary Care Hospital in Sikkim.,PENDING,,,PubMed_Central,,,
v3.1h-069,Diagnosis of drug induced hepatotoxicity,Medication_Safety,R3,PARAPHRASE,41828566,chunk-41828566-001,"Integrating Network Toxicology, Machine Learning, and Molecular Dynamics to Explore the Molecular Network of Triclosan-Induced Acute Myocardial Infarction.","Integrating Network Toxicology, Machine Learning, and Molecular Dynamics to Explore the Molecular Network of Triclosan-Induced Acute Myocardial Infarction.",PENDING,,,PubMed_Central,,,
v3.1h-069,Diagnosis of drug induced hepatotoxicity,Medication_Safety,R3,PARAPHRASE,41833262,chunk-41833262-001,Pearls and Pitfalls for the Emergency Clinician: Beta Blocker and Calcium Channel Blocker Toxicity.,Pearls and Pitfalls for the Emergency Clinician: Beta Blocker and Calcium Channel Blocker Toxicity.,PENDING,,,PubMed_Central,,,
v3.1h-069,Diagnosis of drug induced hepatotoxicity,Medication_Safety,R3,PARAPHRASE,41839242,chunk-41839242-001,ABI3BP protects against cerebral ischemia-reperfusion injury by preserving blood-brain barrier integrity and activating PI3K/Akt signaling.,ABI3BP protects against cerebral ischemia-reperfusion injury by preserving blood-brain barrier integrity and activating PI3K/Akt signaling.,PENDING,,,PubMed_Central,,,
v3.1h-069,Diagnosis of drug induced hepatotoxicity,Medication_Safety,R3,PARAPHRASE,41840835,chunk-41840835-001,Signal detection of drug-induced esophageal ulcer across 20 years of real-world study: Focus on 49 high-risk medicines.,Signal detection of drug-induced esophageal ulcer across 20 years of real-world study: Focus on 49 high-risk medicines.,PENDING,,,PubMed_Central,,,
v3.1h-069,Diagnosis of drug induced hepatotoxicity,Medication_Safety,R3,PARAPHRASE,41846702,chunk-41846702-001,Acute Myocardial Infarction Secondary to Triple Vessel Coronary Artery Disease in a 31-year-old Female with Systemic Lupus Erythematosus: Case Report and Review of Literature.,Acute Myocardial Infarction Secondary to Triple Vessel Coronary Artery Disease in a 31-year-old Female with Systemic Lupus Erythematosus: Case Report and Review of Literature.,PENDING,,,PubMed_Central,,,
v3.1h-069,Diagnosis of drug induced hepatotoxicity,Medication_Safety,R3,PARAPHRASE,41848246,chunk-41848246-001,[Nausea and dystonia in a woman with psychiatric illness].,[Nausea and dystonia in a woman with psychiatric illness].,PENDING,,,PubMed_Central,,,
v3.1h-069,Diagnosis of drug induced hepatotoxicity,Medication_Safety,R3,PARAPHRASE,41858685,chunk-41858685-001,Impact of nutrition education intervention on dietary intake among pregnant women with hypothyroidism - A randomized controlled trial.,Impact of nutrition education intervention on dietary intake among pregnant women with hypothyroidism - A randomized controlled trial.,PENDING,,,PubMed_Central,,,
v3.1h-069,Diagnosis of drug induced hepatotoxicity,Medication_Safety,R3,PARAPHRASE,41873481,chunk-41873481-001,Acceptance of recommendations by a pharmacogenetics clinic.,Acceptance of recommendations by a pharmacogenetics clinic.,PENDING,,,PubMed_Central,,,
v3.1h-069,Diagnosis of drug induced hepatotoxicity,Medication_Safety,R3,PARAPHRASE,41924710,chunk-41924710-001,"DXM, CYP2D6-inhibiting antidepressants, piracetam, and glutamine: proposing a ketamine-class antidepressant regimen with existing drugs.","DXM, CYP2D6-inhibiting antidepressants, piracetam, and glutamine: proposing a ketamine-class antidepressant regimen with existing drugs.",PENDING,,,PubMed_Central,,,
v3.1h-069,Diagnosis of drug induced hepatotoxicity,Medication_Safety,R3,PARAPHRASE,41976898,chunk-41976898-001,Anticoagulation Stewardship Program in the DOAC Era.,Anticoagulation Stewardship Program in the DOAC Era.,PENDING,,,PubMed_Central,,,
v3.1h-069,Diagnosis of drug induced hepatotoxicity,Medication_Safety,R3,PARAPHRASE,41977337,chunk-41977337-001,Pharmacological Management of Thrombosis: Current State and Future Strategies.,Pharmacological Management of Thrombosis: Current State and Future Strategies.,PENDING,,,PubMed_Central,,,
v3.1h-069,Diagnosis of drug induced hepatotoxicity,Medication_Safety,R3,PARAPHRASE,42005166,chunk-42005166-001,Inhibitor-Free Variant of the Cheung Regimen: Successful Adjunctive Therapy in Long-Standing Hypochondriasis With Prominent Somatic Features.,Inhibitor-Free Variant of the Cheung Regimen: Successful Adjunctive Therapy in Long-Standing Hypochondriasis With Prominent Somatic Features.,PENDING,,,PubMed_Central,,,
v3.1h-069,Diagnosis of drug induced hepatotoxicity,Medication_Safety,R3,PARAPHRASE,42007940,chunk-42007940-001,Acute pharmaceutical poisoning as a cause of seizure events: a database analysis (2011-2023).,Acute pharmaceutical poisoning as a cause of seizure events: a database analysis (2011-2023).,PENDING,,,PubMed_Central,,,
v3.1h-069,Diagnosis of drug induced hepatotoxicity,Medication_Safety,R3,PARAPHRASE,42034022,chunk-42034022-001,Lower dosing of Loxoprofen in type two diabetics with bone fractures/surgeries; Distinction from common NSAIDs.,Lower dosing of Loxoprofen in type two diabetics with bone fractures/surgeries; Distinction from common NSAIDs.,PENDING,,,PubMed_Central,,,
v3.1h-069,Diagnosis of drug induced hepatotoxicity,Medication_Safety,R3,PARAPHRASE,42045358,chunk-42045358-001,Prevalence of drug-induced interstitial lung disease in Saudi Arabia: a real-world data study.,Prevalence of drug-induced interstitial lung disease in Saudi Arabia: a real-world data study.,PENDING,,,PubMed_Central,,,
v3.1h-069,Diagnosis of drug induced hepatotoxicity,Medication_Safety,R3,PARAPHRASE,42055120,chunk-42055120-001,"Impact of Fluoxetine Brain Concentrations, Plasma Exposure, and Neurometabolism on Depressive and Anxiety Symptoms in Adolescents: A Multimodal Fluorine and Proton Magnetic Resonance Spectroscopy Study.","Impact of Fluoxetine Brain Concentrations, Plasma Exposure, and Neurometabolism on Depressive and Anxiety Symptoms in Adolescents: A Multimodal Fluorine and Proton Magnetic Resonance Spectroscopy Study.",PENDING,,,PubMed_Central,,,
v3.1h-069,Diagnosis of drug induced hepatotoxicity,Medication_Safety,R3,PARAPHRASE,42063765,chunk-42063765-001,Evaluation of community pharmacists' knowledge and real-world practices in drug interaction management: a cross-sectional study.,Evaluation of community pharmacists' knowledge and real-world practices in drug interaction management: a cross-sectional study.,PENDING,,,PubMed_Central,,,
v3.1h-069,Diagnosis of drug induced hepatotoxicity,Medication_Safety,R3,PARAPHRASE,42087312,chunk-42087312-001,Anticoagulation in Patients With Gastrointestinal Disease.,Anticoagulation in Patients With Gastrointestinal Disease.,PENDING,,,PubMed_Central,,,
v3.1h-069,Diagnosis of drug induced hepatotoxicity,Medication_Safety,R3,PARAPHRASE,42121128,chunk-42121128-001,Evaluation of drugs and risk factors requiring therapeutic drug monitoring in the Neonatal Intensive Care Unit: a retrospective study.,Evaluation of drugs and risk factors requiring therapeutic drug monitoring in the Neonatal Intensive Care Unit: a retrospective study.,PENDING,,,PubMed_Central,,,
v3.1h-069,Diagnosis of drug induced hepatotoxicity,Medication_Safety,R3,PARAPHRASE,42125454,chunk-42125454-001,Milnacipran continuation during pregnancy in a patient with severe post-traumatic stress disorder and psychotic depression: a case report with 3-year pediatric follow-up.,Milnacipran continuation during pregnancy in a patient with severe post-traumatic stress disorder and psychotic depression: a case report with 3-year pediatric follow-up.,PENDING,,,PubMed_Central,,,
v3.1h-069,Diagnosis of drug induced hepatotoxicity,Medication_Safety,R3,PARAPHRASE,42128628,chunk-42128628-001,Comparative efficacy and safety of apixaban and rivaroxaban versus warfarin in atrial fibrillation patients with end-stage renal disease: a systematic review and meta-analysis.,Comparative efficacy and safety of apixaban and rivaroxaban versus warfarin in atrial fibrillation patients with end-stage renal disease: a systematic review and meta-analysis.,PENDING,,,PubMed_Central,,,
v3.1h-069,Diagnosis of drug induced hepatotoxicity,Medication_Safety,R3,PARAPHRASE,42128899,chunk-42128899-001,Cilostazol mitigates amiodarone-induced pulmonary toxicity and fibrosis by regulating the cAMP/TGF-β1 pathway-mediated epithelial-to-mesenchymal transition in rats.,Cilostazol mitigates amiodarone-induced pulmonary toxicity and fibrosis by regulating the cAMP/TGF-β1 pathway-mediated epithelial-to-mesenchymal transition in rats.,PENDING,,,PubMed_Central,,,
v3.1h-069,Diagnosis of drug induced hepatotoxicity,Medication_Safety,R3,PARAPHRASE,42150307,chunk-42150307-001,Metabolomic signatures of SSRI exposure during neural differentiation and correlation of lysophosphatidylcholines with early symptoms of neurodevelopmental disorders.,Metabolomic signatures of SSRI exposure during neural differentiation and correlation of lysophosphatidylcholines with early symptoms of neurodevelopmental disorders.,PENDING,,,PubMed_Central,,,
v3.1h-069,Diagnosis of drug induced hepatotoxicity,Medication_Safety,R3,PARAPHRASE,42159622,chunk-42159622-001,The hidden impact of renal impairment on ribociclib exposure and co-medications: a case report.,The hidden impact of renal impairment on ribociclib exposure and co-medications: a case report.,PENDING,,,PubMed_Central,,,
v3.1h-069,Diagnosis of drug induced hepatotoxicity,Medication_Safety,R3,PARAPHRASE,42181774,chunk-42181774-001,Transient abnormal acylcarnitine profile in newborn screening mimicking multiple acyl-Coenzyme A dehydrogenase deficiency associated with maternal sertraline use.,Transient abnormal acylcarnitine profile in newborn screening mimicking multiple acyl-Coenzyme A dehydrogenase deficiency associated with maternal sertraline use.,PENDING,,,PubMed_Central,,,
v3.1h-069,Diagnosis of drug induced hepatotoxicity,Medication_Safety,R3,PARAPHRASE,42192153,chunk-42192153-001,Folic acid attenuates maternal sertraline-induced hepatic injury in rat offspring.,Folic acid attenuates maternal sertraline-induced hepatic injury in rat offspring.,PENDING,,,PubMed_Central,,,
v3.1h-069,Diagnosis of drug induced hepatotoxicity,Medication_Safety,R3,PARAPHRASE,42206096,chunk-42206096-001,"Anticoagulation associated intracerebral haemorrhage trends, treatment and outcomes in a metropolitan cohort: analysed by availability of specific versus non-specific reversal agents.","Anticoagulation associated intracerebral haemorrhage trends, treatment and outcomes in a metropolitan cohort: analysed by availability of specific versus non-specific reversal agents.",PENDING,,,PubMed_Central,,,
v3.1h-069,Diagnosis of drug induced hepatotoxicity,Medication_Safety,R3,PARAPHRASE,42216360,chunk-42216360-001,Real-world off-label apixaban dosing and clinical outcomes in patients with heart failure and end-stage kidney disease.,Real-world off-label apixaban dosing and clinical outcomes in patients with heart failure and end-stage kidney disease.,PENDING,,,PubMed_Central,,,
v3.1h-069,Diagnosis of drug induced hepatotoxicity,Medication_Safety,R3,PARAPHRASE,42238941,chunk-42238941-001,"A Cross-Sectional Study on Oral Anticoagulant Utilization and Adverse Drug Reactions at Teaching Hospital, Iran.","A Cross-Sectional Study on Oral Anticoagulant Utilization and Adverse Drug Reactions at Teaching Hospital, Iran.",PENDING,,,PubMed_Central,,,
v3.1h-069,Diagnosis of drug induced hepatotoxicity,Medication_Safety,R3,PARAPHRASE,42246839,chunk-42246839-001,Routine blood monitoring in acne vulgaris patients on isotretinoin: Is reassessment warranted? A retrospective cohort study from Tygerberg Hospital.,Routine blood monitoring in acne vulgaris patients on isotretinoin: Is reassessment warranted? A retrospective cohort study from Tygerberg Hospital.,PENDING,,,PubMed_Central,,,
v3.1h-069,Diagnosis of drug induced hepatotoxicity,Medication_Safety,R3,PARAPHRASE,42254302,chunk-42254302-001,Current Trends in NSAID Prescribing for Osteoarthritis and Axial Spondyloarthritis: Insights From Moroccan Rheumatologists Practices.,Current Trends in NSAID Prescribing for Osteoarthritis and Axial Spondyloarthritis: Insights From Moroccan Rheumatologists Practices.,PENDING,,,PubMed_Central,,,
v3.1h-069,Diagnosis of drug induced hepatotoxicity,Medication_Safety,R3,PARAPHRASE,42267072,chunk-42267072-001,A Case of Prolonged Serotonin Toxicity After Fluoxetine Ingestion in an Adolescent Patient.,A Case of Prolonged Serotonin Toxicity After Fluoxetine Ingestion in an Adolescent Patient.,PENDING,,,PubMed_Central,,,
v3.1h-069,Diagnosis of drug induced hepatotoxicity,Medication_Safety,R3,PARAPHRASE,42269153,chunk-42269153-001,Antidotes for Anticoagulation Reversal.,Antidotes for Anticoagulation Reversal.,PENDING,,,PubMed_Central,,,
v3.1h-069,Diagnosis of drug induced hepatotoxicity,Medication_Safety,R3,PARAPHRASE,42292838,chunk-42292838-001,Pharmacological pitfalls in inpatient lung transplant care and management of medication risks.,Pharmacological pitfalls in inpatient lung transplant care and management of medication risks.,PENDING,,,PubMed_Central,,,
v3.1h-069,Diagnosis of drug induced hepatotoxicity,Medication_Safety,R3,PARAPHRASE,42293737,chunk-42293737-001,A UK-wide analysis of the use of reversal agents in 198 patients on direct oral anticoagulants prior to urgent procedures.,A UK-wide analysis of the use of reversal agents in 198 patients on direct oral anticoagulants prior to urgent procedures.,PENDING,,,PubMed_Central,,,
v3.1h-069,Diagnosis of drug induced hepatotoxicity,Medication_Safety,R3,PARAPHRASE,42294746,chunk-42294746-001,[Which aldosterone antagonist? Choosing between sprionolactone and the novel drug finerenone].,[Which aldosterone antagonist? Choosing between sprionolactone and the novel drug finerenone].,PENDING,,,PubMed_Central,,,
v3.1h-069,Diagnosis of drug induced hepatotoxicity,Medication_Safety,R3,PARAPHRASE,42295720,chunk-42295720-001,Continuous alternate day vs intermittent daily fixed doses of oral isotretinoin in grade 2 acne vulgaris.,Continuous alternate day vs intermittent daily fixed doses of oral isotretinoin in grade 2 acne vulgaris.,PENDING,,,PubMed_Central,,,
v3.1h-069,Diagnosis of drug induced hepatotoxicity,Medication_Safety,R3,PARAPHRASE,42306636,chunk-42306636-001,Unexpected Improvement of Obsessive-Compulsive Disorder Symptoms Following the Mistaken Prescription of Clomiphene: A Novel Perspective on Hormonal Influences in OCD.,Unexpected Improvement of Obsessive-Compulsive Disorder Symptoms Following the Mistaken Prescription of Clomiphene: A Novel Perspective on Hormonal Influences in OCD.,PENDING,,,PubMed_Central,,,
v3.1h-069,Diagnosis of drug induced hepatotoxicity,Medication_Safety,R3,PARAPHRASE,42318218,chunk-42318218-001,A case report and literature review of proton pump inhibitors inducing insulin autoimmune syndrome.,A case report and literature review of proton pump inhibitors inducing insulin autoimmune syndrome.,PENDING,,,PubMed_Central,,,
v3.1h-069,Diagnosis of drug induced hepatotoxicity,Medication_Safety,R3,PARAPHRASE,42326111,chunk-42326111-001,Lascufloxacin-Induced QT Prolongation in an Elderly Patient Treated With Escitalopram: A Case Report.,Lascufloxacin-Induced QT Prolongation in an Elderly Patient Treated With Escitalopram: A Case Report.,PENDING,,,PubMed_Central,,,
v3.1h-069,Diagnosis of drug induced hepatotoxicity,Medication_Safety,R3,PARAPHRASE,42327596,chunk-42327596-001,Thrombosis and Survival after Prothrombin Complex Concentrate Use to treat Oral Anticoagulant Associated Haemorrhage.,Thrombosis and Survival after Prothrombin Complex Concentrate Use to treat Oral Anticoagulant Associated Haemorrhage.,PENDING,,,PubMed_Central,,,
v3.1h-069,Diagnosis of drug induced hepatotoxicity,Medication_Safety,R3,PARAPHRASE,42332214,chunk-42332214-001,Optimizing Amiodarone Maintenance Dose to Minimize N-Desethylamiodarone Accumulation and Pulmonary Toxicity: Insights from Machine Learning and Pharmacokinetic Simulation.,Optimizing Amiodarone Maintenance Dose to Minimize N-Desethylamiodarone Accumulation and Pulmonary Toxicity: Insights from Machine Learning and Pharmacokinetic Simulation.,PENDING,,,PubMed_Central,,,
v3.1h-069,Diagnosis of drug induced hepatotoxicity,Medication_Safety,R3,PARAPHRASE,42332506,chunk-42332506-001,Pachydermoperiostosis (Touraine-Solente-Gole syndrome): A case report and literature review.,Pachydermoperiostosis (Touraine-Solente-Gole syndrome): A case report and literature review.,PENDING,,,PubMed_Central,,,
v3.1h-069,Diagnosis of drug induced hepatotoxicity,Medication_Safety,R3,PARAPHRASE,42349978,chunk-42349978-001,New Agents for Acne Treatment and Updates to Isotretinoin Guidelines.,New Agents for Acne Treatment and Updates to Isotretinoin Guidelines.,PENDING,,,PubMed_Central,,,
v3.1h-069,Diagnosis of drug induced hepatotoxicity,Medication_Safety,R3,PARAPHRASE,42359186,chunk-42359186-001,Early-Onset Amiodarone Pulmonary Toxicity at a Standard Maintenance Dose Masquerading as Decompensated Heart Failure: A Case Report and Literature Review.,Early-Onset Amiodarone Pulmonary Toxicity at a Standard Maintenance Dose Masquerading as Decompensated Heart Failure: A Case Report and Literature Review.,PENDING,,,PubMed_Central,,,
v3.1h-069,Diagnosis of drug induced hepatotoxicity,Medication_Safety,R3,PARAPHRASE,42364820,chunk-42364820-001,Finerenone: a next-generation nonsteroidal mineralocorticoid receptor antagonist reshaping the management of cardiovascular and metabolic diseases.,Finerenone: a next-generation nonsteroidal mineralocorticoid receptor antagonist reshaping the management of cardiovascular and metabolic diseases.,PENDING,,,PubMed_Central,,,
v3.1h-069,Diagnosis of drug induced hepatotoxicity,Medication_Safety,R3,PARAPHRASE,42366387,chunk-42366387-001,Cannabidiol as an adjunct in refractory paroxysmal sympathetic hyperactivity following severe traumatic brain injury: a case report.,Cannabidiol as an adjunct in refractory paroxysmal sympathetic hyperactivity following severe traumatic brain injury: a case report.,PENDING,,,PubMed_Central,,,
v3.1h-069,Diagnosis of drug induced hepatotoxicity,Medication_Safety,R3,PARAPHRASE,42366486,chunk-42366486-001,Finerenone and Cardiorenal Outcomes: A Narrative Review.,Finerenone and Cardiorenal Outcomes: A Narrative Review.,PENDING,,,PubMed_Central,,,
v3.1h-069,Diagnosis of drug induced hepatotoxicity,Medication_Safety,R3,PARAPHRASE,42368238,chunk-42368238-001,"Optimized Oral Glutamatergic Augmentation in Refractory Home-Dominant Contamination Obsessive-Compulsive Disorder With Somatic, Affective, and Motivational Features: A Case Report of Incremental Functional Gains.","Optimized Oral Glutamatergic Augmentation in Refractory Home-Dominant Contamination Obsessive-Compulsive Disorder With Somatic, Affective, and Motivational Features: A Case Report of Incremental Functional Gains.",PENDING,,,PubMed_Central,,,
v3.1h-069,Diagnosis of drug induced hepatotoxicity,Medication_Safety,R3,PARAPHRASE,42371403,chunk-42371403-001,Does gabapentin add value to multimodal analgesia in thoracic surgery? A procedure-specific meta-analysis.,Does gabapentin add value to multimodal analgesia in thoracic surgery? A procedure-specific meta-analysis.,PENDING,,,PubMed_Central,,,
v3.1h-069,Diagnosis of drug induced hepatotoxicity,Medication_Safety,R3,PARAPHRASE,42374912,chunk-42374912-001,Risk of Hyperkalemia in Patients with Heart Failure Treated with Spironolactone in Combination with Sacubitril/Valsartan vs. Renin-Angiotensin System Inhibitors.,Risk of Hyperkalemia in Patients with Heart Failure Treated with Spironolactone in Combination with Sacubitril/Valsartan vs. Renin-Angiotensin System Inhibitors.,PENDING,,,PubMed_Central,,,
v3.1h-069,Diagnosis of drug induced hepatotoxicity,Medication_Safety,R3,PARAPHRASE,42394350,chunk-42394350-001,"The DOAC-FRAIL Study-Same Dose, Different Story: Prevalence of Deviant Direct Oral Anticoagulant Levels in Nursing Home Residents.","The DOAC-FRAIL Study-Same Dose, Different Story: Prevalence of Deviant Direct Oral Anticoagulant Levels in Nursing Home Residents.",PENDING,,,PubMed_Central,,,
v3.1h-069,Diagnosis of drug induced hepatotoxicity,Medication_Safety,R3,PARAPHRASE,42398817,chunk-42398817-001,Rediscovering digitalis in heart failure with reduced ejection fraction: Current evidence and expert survey on contemporary use.,Rediscovering digitalis in heart failure with reduced ejection fraction: Current evidence and expert survey on contemporary use.,PENDING,,,PubMed_Central,,,
v3.1h-069,Diagnosis of drug induced hepatotoxicity,Medication_Safety,R3,PARAPHRASE,42413824,chunk-42413824-001,Direct oral anticoagulant use and drug-drug interactions in transplant recipients receiving calcineurin inhibitors.,Direct oral anticoagulant use and drug-drug interactions in transplant recipients receiving calcineurin inhibitors.,PENDING,,,PubMed_Central,,,
v3.1h-069,Diagnosis of drug induced hepatotoxicity,Medication_Safety,R3,PARAPHRASE,42415794,chunk-42415794-001,Pharmacovigilance profiles of three generations of mineralocorticoid receptor antagonists and network toxicology analysis.,Pharmacovigilance profiles of three generations of mineralocorticoid receptor antagonists and network toxicology analysis.,PENDING,,,PubMed_Central,,,
v3.1h-069,Diagnosis of drug induced hepatotoxicity,Medication_Safety,R3,PARAPHRASE,42429832,chunk-42429832-001,Current perspectives on natural and pharmacological interventions for combating drug-induced pulmonary toxicity.,Current perspectives on natural and pharmacological interventions for combating drug-induced pulmonary toxicity.,PENDING,,,PubMed_Central,,,
v3.1h-069,Diagnosis of drug induced hepatotoxicity,Medication_Safety,R3,PARAPHRASE,42431357,chunk-42431357-001,"Oral use of anxiolytic, sedative, and anaesthetic medications in domestic cats (Felis catus): A scoping review.","Oral use of anxiolytic, sedative, and anaesthetic medications in domestic cats (Felis catus): A scoping review.",PENDING,,,PubMed_Central,,,
v3.1h-069,Diagnosis of drug induced hepatotoxicity,Medication_Safety,R3,PARAPHRASE,42436620,chunk-42436620-001,Research on drug interactions and efficacy optimization of combined medication for elderly patients with ischemic cerebrovascular disease in Guangxi Zhuang Autonomous Region.,Research on drug interactions and efficacy optimization of combined medication for elderly patients with ischemic cerebrovascular disease in Guangxi Zhuang Autonomous Region.,PENDING,,,PubMed_Central,,,
v3.1h-069,Diagnosis of drug induced hepatotoxicity,Medication_Safety,R3,PARAPHRASE,42437608,chunk-42437608-001,"Influence of prior administration of gabapentin and integrative practices on sedation scores, physiological parameters, and propofol requirement in cats sedated with dexmedetomidine.","Influence of prior administration of gabapentin and integrative practices on sedation scores, physiological parameters, and propofol requirement in cats sedated with dexmedetomidine.",PENDING,,,PubMed_Central,,,
v3.1h-069,Diagnosis of drug induced hepatotoxicity,Medication_Safety,R3,PARAPHRASE,42438486,chunk-42438486-001,"A first-in-human study evaluating safety, PK, and PD of a novel universal anticoagulant reversal agent, OKL-1111.","A first-in-human study evaluating safety, PK, and PD of a novel universal anticoagulant reversal agent, OKL-1111.",PENDING,,,PubMed_Central,,,
v3.1h-069,Diagnosis of drug induced hepatotoxicity,Medication_Safety,R3,PARAPHRASE,42438581,chunk-42438581-001,Unmasking Refractory Hypothyroidism: Persistent Iron-Levothyroxine Interaction Despite Appropriate Dose Separation.,Unmasking Refractory Hypothyroidism: Persistent Iron-Levothyroxine Interaction Despite Appropriate Dose Separation.,PENDING,,,PubMed_Central,,,
v3.1h-069,Diagnosis of drug induced hepatotoxicity,Medication_Safety,R3,PARAPHRASE,42448258,chunk-42448258-001,Anticoagulant Regimen for Nonvalvular Atrial Fibrillation in the Elderly and Frail Population.,Anticoagulant Regimen for Nonvalvular Atrial Fibrillation in the Elderly and Frail Population.,PENDING,,,PubMed_Central,,,
v3.1h-069,Diagnosis of drug induced hepatotoxicity,Medication_Safety,R3,PARAPHRASE,42458467,chunk-42458467-001,"Use of prescription medications potentially harmful during pregnancy among women of reproductive age by pregnancy status and contraceptive use in the United States, 2009-2020.","Use of prescription medications potentially harmful during pregnancy among women of reproductive age by pregnancy status and contraceptive use in the United States, 2009-2020.",PENDING,,,PubMed_Central,,,
v3.1h-069,Diagnosis of drug induced hepatotoxicity,Medication_Safety,R3,PARAPHRASE,42461919,chunk-42461919-001,Signal mining and analysis of adverse events associated with Isotretinoin: A 20-Year real-world pharmacovigilance study based on FAERS and EudraVigilance databases.,Signal mining and analysis of adverse events associated with Isotretinoin: A 20-Year real-world pharmacovigilance study based on FAERS and EudraVigilance databases.,PENDING,,,PubMed_Central,,,
v3.1h-069,Diagnosis of drug induced hepatotoxicity,Medication_Safety,R3,PARAPHRASE,42462752,chunk-42462752-001,Risk of fracture with gabapentinoid treatment in older adults: a multinational population-based study.,Risk of fracture with gabapentinoid treatment in older adults: a multinational population-based study.,PENDING,,,PubMed_Central,,,
v3.1h-069,Diagnosis of drug induced hepatotoxicity,Medication_Safety,R3,PARAPHRASE,42466914,chunk-42466914-001,Amiodarone-induced pulmonary toxicity: case series and review of clinical-radiological correlations.,Amiodarone-induced pulmonary toxicity: case series and review of clinical-radiological correlations.,PENDING,,,PubMed_Central,,,
v3.1h-069,Diagnosis of drug induced hepatotoxicity,Medication_Safety,R3,PARAPHRASE,42475421,chunk-42475421-001,"Vascular Endothelial Growth Factor Receptor 1-Blocking Antibody Improves Endothelial Structure, Kidney Function, and GFR in Diabetic Mice.","Vascular Endothelial Growth Factor Receptor 1-Blocking Antibody Improves Endothelial Structure, Kidney Function, and GFR in Diabetic Mice.",PENDING,,,PubMed_Central,,,
v3.1h-069,Diagnosis of drug induced hepatotoxicity,Medication_Safety,R3,PARAPHRASE,42481856,chunk-42481856-001,Integrating Clinical Evidence with PBPK Modeling to Assess PPI-Clopidogrel-CYP2C19 Interactions in Chinese ACS Patients.,Integrating Clinical Evidence with PBPK Modeling to Assess PPI-Clopidogrel-CYP2C19 Interactions in Chinese ACS Patients.,PENDING,,,PubMed_Central,,,
v3.1h-069,Diagnosis of drug induced hepatotoxicity,Medication_Safety,R3,PARAPHRASE,42483729,chunk-42483729-001,"Once-Nightly Pregabalin for Co-Occurring Nightmares, Poor Sleep, and Headaches: A Case Series.","Once-Nightly Pregabalin for Co-Occurring Nightmares, Poor Sleep, and Headaches: A Case Series.",PENDING,,,PubMed_Central,,,
v3.1h-069,Diagnosis of drug induced hepatotoxicity,Medication_Safety,R3,PARAPHRASE,42484991,chunk-42484991-001,Budget Impact of Eplerenone for Heart Failure with Reduced Ejection Fraction: National Perspective and Regional Implications in Italy.,Budget Impact of Eplerenone for Heart Failure with Reduced Ejection Fraction: National Perspective and Regional Implications in Italy.,PENDING,,,PubMed_Central,,,
v3.1h-069,Diagnosis of drug induced hepatotoxicity,Medication_Safety,R3,PARAPHRASE,42489609,chunk-42489609-001,Cilostazol-Induced Digoxin Toxicity Presenting as Accelerated Idioventricular Rhythm and Recurrent Syncope.,Cilostazol-Induced Digoxin Toxicity Presenting as Accelerated Idioventricular Rhythm and Recurrent Syncope.,PENDING,,,PubMed_Central,,,
v3.1h-069,Diagnosis of drug induced hepatotoxicity,Medication_Safety,R3,PARAPHRASE,42497636,chunk-42497636-001,Macrophage membrane camouflaged biomimetic nanomedicine for normalizing electrical dysfunction and inflammation pathology in atrial fibrillation.,Macrophage membrane camouflaged biomimetic nanomedicine for normalizing electrical dysfunction and inflammation pathology in atrial fibrillation.,PENDING,,,PubMed_Central,,,
v3.1h-069,Diagnosis of drug induced hepatotoxicity,Medication_Safety,R3,PARAPHRASE,42499456,chunk-42499456-001,"Association of Proximal Tubule Secretion With Hyperkalemia Risk, Treatment Response, and Outcomes in Heart Failure With Preserved Ejection Fraction.","Association of Proximal Tubule Secretion With Hyperkalemia Risk, Treatment Response, and Outcomes in Heart Failure With Preserved Ejection Fraction.",PENDING,,,PubMed_Central,,,
v3.1h-069,Diagnosis of drug induced hepatotoxicity,Medication_Safety,R3,PARAPHRASE,42515713,chunk-42515713-001,CYP2D6 Metabolizer Phenotype Is Associated with Early Antidepressant Discontinuation in the UK Biobank.,CYP2D6 Metabolizer Phenotype Is Associated with Early Antidepressant Discontinuation in the UK Biobank.,PENDING,,,PubMed_Central,,,
v3.1h-069,Diagnosis of drug induced hepatotoxicity,Medication_Safety,R3,PARAPHRASE,42522519,chunk-42522519-001,Examining the safety of dermatological and surgical procedures in patients undergoing systemic isotretinoin therapy: An updated review.,Examining the safety of dermatological and surgical procedures in patients undergoing systemic isotretinoin therapy: An updated review.,PENDING,,,PubMed_Central,,,
v3.1h-069,Diagnosis of drug induced hepatotoxicity,Medication_Safety,R3,PARAPHRASE,42527260,chunk-42527260-001,Gabapentin for Postoperative Analgesia in Cardiac Surgery via Sternotomy: A Systematic Review and Meta-Analysis of Randomized Controlled Trials.,Gabapentin for Postoperative Analgesia in Cardiac Surgery via Sternotomy: A Systematic Review and Meta-Analysis of Randomized Controlled Trials.,PENDING,,,PubMed_Central,,,
v3.1h-069,Diagnosis of drug induced hepatotoxicity,Medication_Safety,R3,PARAPHRASE,42528583,chunk-42528583-001,Amiodarone-induced granulomatous lung injury mimicking organizing pneumonia: a case report.,Amiodarone-induced granulomatous lung injury mimicking organizing pneumonia: a case report.,PENDING,,,PubMed_Central,,,
v3.1h-069,Diagnosis of drug induced hepatotoxicity,Medication_Safety,R3,PARAPHRASE,42546121,chunk-42546121-001,Direct Oral Anticoagulants for Atrial Fibrillation in Patients Receiving Hemodialysis: A Review and Discussion of Evidence.,Direct Oral Anticoagulants for Atrial Fibrillation in Patients Receiving Hemodialysis: A Review and Discussion of Evidence.,PENDING,,,PubMed_Central,,,
v3.1h-069,Diagnosis of drug induced hepatotoxicity,Medication_Safety,R3,PARAPHRASE,42558881,chunk-42558881-001,Drug-associated psoriasis: a pharmacovigilance study based on the FAERS database.,Drug-associated psoriasis: a pharmacovigilance study based on the FAERS database.,PENDING,,,PubMed_Central,,,
v3.1h-069,Diagnosis of drug induced hepatotoxicity,Medication_Safety,R3,PARAPHRASE,42571795,chunk-42571795-001,Mechanistic insights into cytochrome P450 inhibition by progesterone and its impact on fluoxetine pharmacokinetics.,Mechanistic insights into cytochrome P450 inhibition by progesterone and its impact on fluoxetine pharmacokinetics.,PENDING,,,PubMed_Central,,,
v3.1h-069,Diagnosis of drug induced hepatotoxicity,Medication_Safety,R3,PARAPHRASE,42573610,chunk-42573610-001,Paracetamol-induced hepatic injury following intentional self-poisoning: a case report and therapeutic considerations.,Paracetamol-induced hepatic injury following intentional self-poisoning: a case report and therapeutic considerations.,PENDING,,,PubMed_Central,,,
v3.1h-069,Diagnosis of drug induced hepatotoxicity,Medication_Safety,R3,PARAPHRASE,42580175,chunk-42580175-001,"Iodine excess in relation to decreased free thyroxine levels during pregnancy in an iodine-sufficient region, and potential interactions with iron and selenium.","Iodine excess in relation to decreased free thyroxine levels during pregnancy in an iodine-sufficient region, and potential interactions with iron and selenium.",PENDING,,,PubMed_Central,,,
v3.1h-069,Diagnosis of drug induced hepatotoxicity,Medication_Safety,R3,PARAPHRASE,42580545,chunk-42580545-001,Non-steroidal anti-inflammatory drugs and CYP2C9 - Impacts of genetics and phenoconversion on the risk of adverse effects.,Non-steroidal anti-inflammatory drugs and CYP2C9 - Impacts of genetics and phenoconversion on the risk of adverse effects.,PENDING,,,PubMed_Central,,,
v3.1h-069,Diagnosis of drug induced hepatotoxicity,Medication_Safety,R3,PARAPHRASE,42584699,chunk-42584699-001,"The ""obesity paradox"" in dosing: a comprehensive analytical review of cockcroft-gault versus CKD-EPI for predicting clearance of narrow-therapeutic-index drugs in patients with BMI > 40 kg/m².","The ""obesity paradox"" in dosing: a comprehensive analytical review of cockcroft-gault versus CKD-EPI for predicting clearance of narrow-therapeutic-index drugs in patients with BMI > 40 kg/m².",PENDING,,,PubMed_Central,,,
v3.1h-069,Diagnosis of drug induced hepatotoxicity,Medication_Safety,R3,PARAPHRASE,42586461,chunk-42586461-001,Pharmacogenomic and drug interactions risk in cardio-oncology: A precision medicine perspective for India.,Pharmacogenomic and drug interactions risk in cardio-oncology: A precision medicine perspective for India.,PENDING,,,PubMed_Central,,,
v3.1h-069,Diagnosis of drug induced hepatotoxicity,Medication_Safety,R3,PARAPHRASE,42587752,chunk-42587752-001,Rapid Volumetric Bioprinting Coupled with Dynamic Perfusion Enhances Human Hepatic Organoid Toxicity Testing.,Rapid Volumetric Bioprinting Coupled with Dynamic Perfusion Enhances Human Hepatic Organoid Toxicity Testing.,PENDING,,,PubMed_Central,,,
v3.1h-069,Diagnosis of drug induced hepatotoxicity,Medication_Safety,R3,PARAPHRASE,42590087,chunk-42590087-001,"Digoxin Dosing Errors, Drug Interactions and Off-Label Risks: Insights from an EudraVigilance Disproportionality Analysis.","Digoxin Dosing Errors, Drug Interactions and Off-Label Risks: Insights from an EudraVigilance Disproportionality Analysis.",PENDING,,,PubMed_Central,,,
v3.1h-069,Diagnosis of drug induced hepatotoxicity,Medication_Safety,R3,PARAPHRASE,42591558,chunk-42591558-001,Physiologically based pharmacokinetic modeling of fluconazole: interpretation of gender-dependent pharmacokinetics and cytochrome P450 inhibition.,Physiologically based pharmacokinetic modeling of fluconazole: interpretation of gender-dependent pharmacokinetics and cytochrome P450 inhibition.,PENDING,,,PubMed_Central,,,
v3.1h-069,Diagnosis of drug induced hepatotoxicity,Medication_Safety,R3,PARAPHRASE,42595037,chunk-42595037-001,Evidence for the Use of Steroidal Aldosterone Antagonists in Patients With Kidney Failure.,Evidence for the Use of Steroidal Aldosterone Antagonists in Patients With Kidney Failure.,PENDING,,,PubMed_Central,,,
v3.1h-069,Diagnosis of drug induced hepatotoxicity,Medication_Safety,R3,PARAPHRASE,42595240,chunk-42595240-001,Xenobiotic-Induced Liver Injury in the United States: A 25-Year Retrospective Analysis of National Poison Data System.,Xenobiotic-Induced Liver Injury in the United States: A 25-Year Retrospective Analysis of National Poison Data System.,PENDING,,,PubMed_Central,,,
v3.1h-069,Diagnosis of drug induced hepatotoxicity,Medication_Safety,R3,PARAPHRASE,42596979,chunk-42596979-001,Sertraline use in pregnancy and placental transfer: A pharmacokinetic prospective cohort study.,Sertraline use in pregnancy and placental transfer: A pharmacokinetic prospective cohort study.,PENDING,,,PubMed_Central,,,
v3.1h-069,Diagnosis of drug induced hepatotoxicity,Medication_Safety,R3,PARAPHRASE,42598366,chunk-42598366-001,"A 76-Year-Old Man With Hemorrhagic Stroke, Recurrent Thromboembolic Events, and Atrial Fibrillation Under Optimal Medical Treatment: When Anticoagulants Fail.","A 76-Year-Old Man With Hemorrhagic Stroke, Recurrent Thromboembolic Events, and Atrial Fibrillation Under Optimal Medical Treatment: When Anticoagulants Fail.",PENDING,,,PubMed_Central,,,
v3.1h-069,Diagnosis of drug induced hepatotoxicity,Medication_Safety,R3,PARAPHRASE,42603144,chunk-42603144-001,Differential Quantification of Cutibacterium acnes Phylotypes IA and IB/II on Healthy and Acne-Prone Human Skin.,Differential Quantification of Cutibacterium acnes Phylotypes IA and IB/II on Healthy and Acne-Prone Human Skin.,PENDING,,,PubMed_Central,,,
v3.1h-069,Diagnosis of drug induced hepatotoxicity,Medication_Safety,R3,PARAPHRASE,42610101,chunk-42610101-001,Nature's Poison Pill: A Case of Digoxin-Like Toxicity From the Seed of the Ornamental Plant Thevetia peruviana.,Nature's Poison Pill: A Case of Digoxin-Like Toxicity From the Seed of the Ornamental Plant Thevetia peruviana.,PENDING,,,PubMed_Central,,,
v3.1h-069,Diagnosis of drug induced hepatotoxicity,Medication_Safety,R3,PARAPHRASE,42618000,chunk-42618000-001,Pipamperone metabolism by various recombinant cytochrome preparations.,Pipamperone metabolism by various recombinant cytochrome preparations.,PENDING,,,PubMed_Central,,,
v3.1h-069,Diagnosis of drug induced hepatotoxicity,Medication_Safety,R3,PARAPHRASE,42621983,chunk-42621983-001,Mass-Forming NSAID-Associated Colopathy Mimicking Right-Sided Colon Cancer: A Case Report.,Mass-Forming NSAID-Associated Colopathy Mimicking Right-Sided Colon Cancer: A Case Report.,PENDING,,,PubMed_Central,,,
v3.1h-069,Diagnosis of drug induced hepatotoxicity,Medication_Safety,R3,PARAPHRASE,42622073,chunk-42622073-001,Assessment of Pharmacokinetic Interaction and Clinical Efficacy of Clopidogrel Co-administered with Ilaprazole.,Assessment of Pharmacokinetic Interaction and Clinical Efficacy of Clopidogrel Co-administered with Ilaprazole.,PENDING,,,PubMed_Central,,,
v3.1h-069,Diagnosis of drug induced hepatotoxicity,Medication_Safety,R3,PARAPHRASE,42628776,chunk-42628776-001,Differentiating hepatic and renal toxicity reveals CYP-independent mechanisms of acetaminophen-induced acute kidney injury.,Differentiating hepatic and renal toxicity reveals CYP-independent mechanisms of acetaminophen-induced acute kidney injury.,PENDING,,,PubMed_Central,,,
v3.1h-069,Diagnosis of drug induced hepatotoxicity,Medication_Safety,R3,PARAPHRASE,42628883,chunk-42628883-001,Effects of psychotropic medications on a placenta cell model: A functional study with BeWo cells.,Effects of psychotropic medications on a placenta cell model: A functional study with BeWo cells.,PENDING,,,PubMed_Central,,,
v3.1h-069,Diagnosis of drug induced hepatotoxicity,Medication_Safety,R3,PARAPHRASE,42630019,chunk-42630019-001,Pharmacogenomics in Dentistry: From CYP-Mediated Drug Response to Precision Prescribing in Oral Healthcare.,Pharmacogenomics in Dentistry: From CYP-Mediated Drug Response to Precision Prescribing in Oral Healthcare.,PENDING,,,PubMed_Central,,,
v3.1h-069,Diagnosis of drug induced hepatotoxicity,Medication_Safety,R3,PARAPHRASE,42631638,chunk-42631638-001,Diallyl trisulfide ameliorates acetaminophen-induced acute liver injury through the oxidative modification of CYP2E1 cysteine residues.,Diallyl trisulfide ameliorates acetaminophen-induced acute liver injury through the oxidative modification of CYP2E1 cysteine residues.,PENDING,,,PubMed_Central,,,
v3.1h-069,Diagnosis of drug induced hepatotoxicity,Medication_Safety,R3,PARAPHRASE,42631653,chunk-42631653-001,Application of Physiologically Based Pharmacokinetic Modeling to Optimize Assessment of Age-Related Fluoxetine Accumulation in the Elderly.,Application of Physiologically Based Pharmacokinetic Modeling to Optimize Assessment of Age-Related Fluoxetine Accumulation in the Elderly.,PENDING,,,PubMed_Central,,,
v3.1h-069,Diagnosis of drug induced hepatotoxicity,Medication_Safety,R3,PARAPHRASE,42632694,chunk-42632694-001,Oral co-delivery of quercetin and anthocyanins via dual-ligand nanoparticles alleviate obesity and associated metabolic disorders.,Oral co-delivery of quercetin and anthocyanins via dual-ligand nanoparticles alleviate obesity and associated metabolic disorders.,PENDING,,,PubMed_Central,,,
v3.1h-069,Diagnosis of drug induced hepatotoxicity,Medication_Safety,R3,PARAPHRASE,42633086,chunk-42633086-001,Nivolumab after recurrent pembrolizumab-associated hepatotoxicity in PD-L1-high metastatic squamous non-small cell lung cancer: a case report.,Nivolumab after recurrent pembrolizumab-associated hepatotoxicity in PD-L1-high metastatic squamous non-small cell lung cancer: a case report.,PENDING,,,PubMed_Central,,,
v3.1h-069,Diagnosis of drug induced hepatotoxicity,Medication_Safety,R3,PARAPHRASE,42636556,chunk-42636556-001,Multicenter Evaluation of Opioid Prescribing After Minimally Invasive Repair of Pectus Excavatum Before The 2024 American Academy of Pediatrics Guideline: Room to Improve.,Multicenter Evaluation of Opioid Prescribing After Minimally Invasive Repair of Pectus Excavatum Before The 2024 American Academy of Pediatrics Guideline: Room to Improve.,PENDING,,,PubMed_Central,,,
v3.1h-069,Diagnosis of drug induced hepatotoxicity,Medication_Safety,R3,PARAPHRASE,42636576,chunk-42636576-001,"Real-world variability and factors associated with individual low-density-lipoprotein cholesterol response to different doses of atorvastatin, rosuvastatin, and simvastatin in 28,647 Chinese patients.","Real-world variability and factors associated with individual low-density-lipoprotein cholesterol response to different doses of atorvastatin, rosuvastatin, and simvastatin in 28,647 Chinese patients.",PENDING,,,PubMed_Central,,,
v3.1h-069,Diagnosis of drug induced hepatotoxicity,Medication_Safety,R3,PARAPHRASE,42637515,chunk-42637515-001,An uncommon side effect of statins: perioral neuropathic symptoms.,An uncommon side effect of statins: perioral neuropathic symptoms.,PENDING,,,PubMed_Central,,,
v3.1h-069,Diagnosis of drug induced hepatotoxicity,Medication_Safety,R3,PARAPHRASE,42638417,chunk-42638417-001,The Bacterial Metabolite Lndole-3-Propionic Acid Alleviates Acetaminophen-Induced Acute Liver Injury Partly through the Aryl Hydrocarbon Receptor Pathway.,The Bacterial Metabolite Lndole-3-Propionic Acid Alleviates Acetaminophen-Induced Acute Liver Injury Partly through the Aryl Hydrocarbon Receptor Pathway.,PENDING,,,PubMed_Central,,,
v3.1h-069,Diagnosis of drug induced hepatotoxicity,Medication_Safety,R3,PARAPHRASE,42643702,chunk-42643702-001,Sex-Specific Safety Signals of Finerenone Versus Spironolactone: Insights From the FDA Adverse Event Reporting System.,Sex-Specific Safety Signals of Finerenone Versus Spironolactone: Insights From the FDA Adverse Event Reporting System.,PENDING,,,PubMed_Central,,,
v3.1h-069,Diagnosis of drug induced hepatotoxicity,Medication_Safety,R3,PARAPHRASE,42645604,chunk-42645604-001,"Berberine-associated lipid-inflammatory regulation in atherosclerosis: an integrative transcriptomic, single-cell, and in vivo study.","Berberine-associated lipid-inflammatory regulation in atherosclerosis: an integrative transcriptomic, single-cell, and in vivo study.",PENDING,,,PubMed_Central,,,
v3.1h-069,Diagnosis of drug induced hepatotoxicity,Medication_Safety,R3,PARAPHRASE,42647165,chunk-42647165-001,Pharmacotherapeutic considerations for the treatment of post-traumatic stress disorder during and after pregnancy: an update.,Pharmacotherapeutic considerations for the treatment of post-traumatic stress disorder during and after pregnancy: an update.,PENDING,,,PubMed_Central,,,
v3.1h-069,Diagnosis of drug induced hepatotoxicity,Medication_Safety,R3,PARAPHRASE,42647942,chunk-42647942-001,Use of Corrected QT Cutoffs Derived from Biological Variation to Predict Adverse Events Due to Antipsychotic Drugs: Case Report.,Use of Corrected QT Cutoffs Derived from Biological Variation to Predict Adverse Events Due to Antipsychotic Drugs: Case Report.,PENDING,,,PubMed_Central,,,
v3.1h-069,Diagnosis of drug induced hepatotoxicity,Medication_Safety,R3,PARAPHRASE,42652369,chunk-42652369-001,"Shifting Public Interest in Liver Health, Hepatotoxic Medications, and Dietary Supplements in Kazakhstan: A Five-Year Google Trends Infodemiology Study.","Shifting Public Interest in Liver Health, Hepatotoxic Medications, and Dietary Supplements in Kazakhstan: A Five-Year Google Trends Infodemiology Study.",PENDING,,,PubMed_Central,,,
v3.1h-069,Diagnosis of drug induced hepatotoxicity,Medication_Safety,R3,PARAPHRASE,42653071,chunk-42653071-001,Safety and Efficacy Assessment of Cannabis Plant Compared to Atorvastatin for Lipid Lowering in Diabetic and Obese Wistar Male Rats.,Safety and Efficacy Assessment of Cannabis Plant Compared to Atorvastatin for Lipid Lowering in Diabetic and Obese Wistar Male Rats.,PENDING,,,PubMed_Central,,,
v3.1h-069,Diagnosis of drug induced hepatotoxicity,Medication_Safety,R3,PARAPHRASE,42653173,chunk-42653173-001,Molecular Mechanisms of Acute Drug Toxicity in Polypharmacy: Analgesic-Psychotropic Interactions.,Molecular Mechanisms of Acute Drug Toxicity in Polypharmacy: Analgesic-Psychotropic Interactions.,PENDING,,,PubMed_Central,,,
v3.1h-069,Diagnosis of drug induced hepatotoxicity,Medication_Safety,R3,PARAPHRASE,42653808,chunk-42653808-001,"Berberine-Drug Interactions: Mechanisms, Clinical Relevance and Risk Stratification-A Narrative Review.","Berberine-Drug Interactions: Mechanisms, Clinical Relevance and Risk Stratification-A Narrative Review.",PENDING,,,PubMed_Central,,,
v3.1h-069,Diagnosis of drug induced hepatotoxicity,Medication_Safety,R3,PARAPHRASE,42654146,chunk-42654146-001,Moxifloxacin-Mediated Downregulation of Intestinal P-Glycoprotein Alters the Pharmacokinetics of Dabigatran Etexilate: Mechanistic Insights in Rats and PBPK Model-Informed Dose Optimization.,Moxifloxacin-Mediated Downregulation of Intestinal P-Glycoprotein Alters the Pharmacokinetics of Dabigatran Etexilate: Mechanistic Insights in Rats and PBPK Model-Informed Dose Optimization.,PENDING,,,PubMed_Central,,,
v3.1h-069,Diagnosis of drug induced hepatotoxicity,Medication_Safety,R3,PARAPHRASE,42654342,chunk-42654342-001,Therapeutic Potential of Anti-Obesity Drugs in Obesity-Associated Female Reproductive Dysfunction: Translating Mechanistic Evidence into Personalized Clinical Strategies.,Therapeutic Potential of Anti-Obesity Drugs in Obesity-Associated Female Reproductive Dysfunction: Translating Mechanistic Evidence into Personalized Clinical Strategies.,PENDING,,,PubMed_Central,,,
v3.1h-069,Diagnosis of drug induced hepatotoxicity,Medication_Safety,R3,PARAPHRASE,42658230,chunk-42658230-001,Supratherapeutic Digoxin Levels in Children with Cardiac Disease.,Supratherapeutic Digoxin Levels in Children with Cardiac Disease.,PENDING,,,PubMed_Central,,,
v3.1h-069,Diagnosis of drug induced hepatotoxicity,Medication_Safety,R3,PARAPHRASE,42660303,chunk-42660303-001,Cardioprotective effects of natural phytochemicals from traditional medicinal plants against doxorubicin-induced cardiotoxicity: A meta-analysis of preclinical studies.,Cardioprotective effects of natural phytochemicals from traditional medicinal plants against doxorubicin-induced cardiotoxicity: A meta-analysis of preclinical studies.,PENDING,,,PubMed_Central,,,
v3.1h-069,Diagnosis of drug induced hepatotoxicity,Medication_Safety,R3,PARAPHRASE,42661734,chunk-42661734-001,Sex-specific effects of resveratrol and metformin on mitochondrial function and inflammatory activation in a TNF-α-driven human iPSC-derived endothelial dysfunction model.,Sex-specific effects of resveratrol and metformin on mitochondrial function and inflammatory activation in a TNF-α-driven human iPSC-derived endothelial dysfunction model.,PENDING,,,PubMed_Central,,,
v3.1h-069,Diagnosis of drug induced hepatotoxicity,Medication_Safety,R3,PARAPHRASE,42662112,chunk-42662112-001,A Comparative Study to Evaluate the Renoprotective Effect of Antidiabetic Drugs in Patients With Type 2 Diabetes Mellitus.,A Comparative Study to Evaluate the Renoprotective Effect of Antidiabetic Drugs in Patients With Type 2 Diabetes Mellitus.,PENDING,,,PubMed_Central,,,
v3.1h-069,Diagnosis of drug induced hepatotoxicity,Medication_Safety,R3,PARAPHRASE,42662351,chunk-42662351-001,Sertraline-induced fetotoxicity in mice: Protective effects of vitamin E on foetal growth and organ histology.,Sertraline-induced fetotoxicity in mice: Protective effects of vitamin E on foetal growth and organ histology.,PENDING,,,PubMed_Central,,,
v3.1h-069,Diagnosis of drug induced hepatotoxicity,Medication_Safety,R3,PARAPHRASE,42662739,chunk-42662739-001,Transporter Interactions of Methoxyflavones and Their In Vivo Pharmacokinetic Implications.,Transporter Interactions of Methoxyflavones and Their In Vivo Pharmacokinetic Implications.,PENDING,,,PubMed_Central,,,
v3.1h-069,Diagnosis of drug induced hepatotoxicity,Medication_Safety,R3,PARAPHRASE,42662744,chunk-42662744-001,Perfluoroether Peptide-Modified Artificial Viral Capsid for Enhanced Doxorubicin Delivery to Liver Cancer Cells.,Perfluoroether Peptide-Modified Artificial Viral Capsid for Enhanced Doxorubicin Delivery to Liver Cancer Cells.,PENDING,,,PubMed_Central,,,
v3.1h-069,Diagnosis of drug induced hepatotoxicity,Medication_Safety,R3,PARAPHRASE,42662904,chunk-42662904-001,Early cardiac proteomic profiling in a long-latency doxorubicin cardiomyopathy model exhibits sexual dimorphism for cardioprotection.,Early cardiac proteomic profiling in a long-latency doxorubicin cardiomyopathy model exhibits sexual dimorphism for cardioprotection.,PENDING,,,PubMed_Central,,,
v3.1h-069,Diagnosis of drug induced hepatotoxicity,Medication_Safety,R3,PARAPHRASE,42663261,chunk-42663261-001,"Clinical outcomes of ""massive"" acetaminophen overdose treated with standard vs. augmented dose acetylcysteine.","Clinical outcomes of ""massive"" acetaminophen overdose treated with standard vs. augmented dose acetylcysteine.",PENDING,,,PubMed_Central,,,
v3.1h-069,Diagnosis of drug induced hepatotoxicity,Medication_Safety,R3,PARAPHRASE,42663921,chunk-42663921-001,Qishen Yiqi Dripping Pills ameliorate doxorubicin-induced cardiotoxicity: a study based on bioinformatics and experimental verification.,Qishen Yiqi Dripping Pills ameliorate doxorubicin-induced cardiotoxicity: a study based on bioinformatics and experimental verification.,PENDING,,,PubMed_Central,,,
v3.1h-069,Diagnosis of drug induced hepatotoxicity,Medication_Safety,R3,PARAPHRASE,42663925,chunk-42663925-001,Selective and Time-Dependent Alterations in Cytochrome P450 (CYP) Enzyme Activity and Expression by Major Phytocannabinoids.,Selective and Time-Dependent Alterations in Cytochrome P450 (CYP) Enzyme Activity and Expression by Major Phytocannabinoids.,PENDING,,,PubMed_Central,,,
v3.1h-069,Diagnosis of drug induced hepatotoxicity,Medication_Safety,R3,PARAPHRASE,42665114,chunk-42665114-001,Doxorubicin-induced Cardiotoxicity is Propagated by Paracrine Signaling through Small Extracellular Vesicles.,Doxorubicin-induced Cardiotoxicity is Propagated by Paracrine Signaling through Small Extracellular Vesicles.,PENDING,,,PubMed_Central,,,
v3.1h-069,Diagnosis of drug induced hepatotoxicity,Medication_Safety,R3,PARAPHRASE,42665174,chunk-42665174-001,Acetaminophen-induced developmental neurobehavioral and sensory organ toxicity in zebrafish.,Acetaminophen-induced developmental neurobehavioral and sensory organ toxicity in zebrafish.,PENDING,,,PubMed_Central,,,
v3.1h-069,Diagnosis of drug induced hepatotoxicity,Medication_Safety,R3,PARAPHRASE,42665888,chunk-42665888-001,"EXPRESS: Effect of oral gabapentin administered in-hospital on behavioral stress, compliance, and physiologic stress markers: a randomized, double-blind, placebo-controlled trial.","EXPRESS: Effect of oral gabapentin administered in-hospital on behavioral stress, compliance, and physiologic stress markers: a randomized, double-blind, placebo-controlled trial.",PENDING,,,PubMed_Central,,,
v3.1h-069,Diagnosis of drug induced hepatotoxicity,Medication_Safety,R3,PARAPHRASE,42666103,chunk-42666103-001,Clinical relevance of pharmacogenomic information for improving prescribing practices in acutely admitted older medical patients.,Clinical relevance of pharmacogenomic information for improving prescribing practices in acutely admitted older medical patients.,PENDING,,,PubMed_Central,,,
v3.1h-069,Diagnosis of drug induced hepatotoxicity,Medication_Safety,R3,PARAPHRASE,42666410,chunk-42666410-001,Preoperative Gabapentin in Pediatric Anterior Cruciate Ligament Reconstruction With Peripheral Nerve Blockade: A Retrospective Cohort Study.,Preoperative Gabapentin in Pediatric Anterior Cruciate Ligament Reconstruction With Peripheral Nerve Blockade: A Retrospective Cohort Study.,PENDING,,,PubMed_Central,,,
v3.1h-069,Diagnosis of drug induced hepatotoxicity,Medication_Safety,R3,PARAPHRASE,42667072,chunk-42667072-001,Unlocking the brain: Biodistribution insights into tween 80 nanoliposomes in healthy brains.,Unlocking the brain: Biodistribution insights into tween 80 nanoliposomes in healthy brains.,PENDING,,,PubMed_Central,,,
v3.1h-069,Diagnosis of drug induced hepatotoxicity,Medication_Safety,R3,PARAPHRASE,42667336,chunk-42667336-001,Atorvastatin Exerts Context-Dependent Metabolic and Beneficial Effects on Behavior and Apoptotic Signaling in a Cafeteria Diet-Induced Metabolic Dysfunction Model.,Atorvastatin Exerts Context-Dependent Metabolic and Beneficial Effects on Behavior and Apoptotic Signaling in a Cafeteria Diet-Induced Metabolic Dysfunction Model.,PENDING,,,PubMed_Central,,,
v3.1h-069,Diagnosis of drug induced hepatotoxicity,Medication_Safety,R3,PARAPHRASE,42667464,chunk-42667464-001,Schisandra chinensis polysaccharide attenuates diabetic islet cell injury by promoting autophagy via suppression of the PI3K/AKT/mTOR signaling cascade.,Schisandra chinensis polysaccharide attenuates diabetic islet cell injury by promoting autophagy via suppression of the PI3K/AKT/mTOR signaling cascade.,PENDING,,,PubMed_Central,,,
v3.1h-069,Diagnosis of drug induced hepatotoxicity,Medication_Safety,R3,PARAPHRASE,42667784,chunk-42667784-001,Mechanism of Gegen Qinlian Decoction in the treatment of diabetic cataract based on network pharmacology and experimental validation.,Mechanism of Gegen Qinlian Decoction in the treatment of diabetic cataract based on network pharmacology and experimental validation.,PENDING,,,PubMed_Central,,,
v3.1h-069,Diagnosis of drug induced hepatotoxicity,Medication_Safety,R3,PARAPHRASE,42669317,chunk-42669317-001,Ethical considerations in suspected isotretinoin nonadherence and/or diversion.,Ethical considerations in suspected isotretinoin nonadherence and/or diversion.,PENDING,,,PubMed_Central,,,
v3.1h-069,Diagnosis of drug induced hepatotoxicity,Medication_Safety,R3,PARAPHRASE,42670022,chunk-42670022-001,Apixaban Dose Selection in Kidney Failure: Reconciling Pharmacokinetics and Clinical Outcomes.,Apixaban Dose Selection in Kidney Failure: Reconciling Pharmacokinetics and Clinical Outcomes.,PENDING,,,PubMed_Central,,,
v3.1h-069,Diagnosis of drug induced hepatotoxicity,Medication_Safety,R3,PARAPHRASE,42670080,chunk-42670080-001,Anthracycline Cardiotoxicity: A Real-World Study Based on FDA Adverse Event Reporting System Database.,Anthracycline Cardiotoxicity: A Real-World Study Based on FDA Adverse Event Reporting System Database.,PENDING,,,PubMed_Central,,,
v3.1h-069,Diagnosis of drug induced hepatotoxicity,Medication_Safety,R3,PARAPHRASE,42670520,chunk-42670520-001,Younger Age is Associated with Treatment and Complication Outcomes Among Type 2 Diabetes Mellitus Patients in Kigali University Teaching Hospital.,Younger Age is Associated with Treatment and Complication Outcomes Among Type 2 Diabetes Mellitus Patients in Kigali University Teaching Hospital.,PENDING,,,PubMed_Central,,,
v3.1h-069,Diagnosis of drug induced hepatotoxicity,Medication_Safety,R3,PARAPHRASE,42670540,chunk-42670540-001,Mechanisms and the Role of p38 MAPK Signaling in Doxorubicin-Induced Cardiotoxicity: A Review.,Mechanisms and the Role of p38 MAPK Signaling in Doxorubicin-Induced Cardiotoxicity: A Review.,PENDING,,,PubMed_Central,,,
v3.1h-069,Diagnosis of drug induced hepatotoxicity,Medication_Safety,R3,PARAPHRASE,42670801,chunk-42670801-001,Therapeutic Potential of Nanocurcumin in Mitigating Duloxetine-Induced Hepatic Damage: Biochemical and Histopathological Insights.,Therapeutic Potential of Nanocurcumin in Mitigating Duloxetine-Induced Hepatic Damage: Biochemical and Histopathological Insights.,PENDING,,,PubMed_Central,,,
v3.1h-069,Diagnosis of drug induced hepatotoxicity,Medication_Safety,R3,PARAPHRASE,42671218,chunk-42671218-001,Protective Effects of Luteolin Against Cisplatin-Induced Hepatic and Renal Toxicity: Biochemical and Cellular Evidence.,Protective Effects of Luteolin Against Cisplatin-Induced Hepatic and Renal Toxicity: Biochemical and Cellular Evidence.,PENDING,,,PubMed_Central,,,
v3.1h-069,Diagnosis of drug induced hepatotoxicity,Medication_Safety,R3,PARAPHRASE,42674049,chunk-42674049-001,A Near-Infrared Fluorescent Probe for Imaging Nitroxyl Dynamics in Ferroptosis-Associated Drug-Induced Liver Injury.,A Near-Infrared Fluorescent Probe for Imaging Nitroxyl Dynamics in Ferroptosis-Associated Drug-Induced Liver Injury.,PENDING,,,PubMed_Central,,,
v3.1h-069,Diagnosis of drug induced hepatotoxicity,Medication_Safety,R3,PARAPHRASE,42674100,chunk-42674100-001,Drug Repurposing Signals for Abdominal Aortic Aneurysms.,Drug Repurposing Signals for Abdominal Aortic Aneurysms.,PENDING,,,PubMed_Central,,,
v3.1h-069,Diagnosis of drug induced hepatotoxicity,Medication_Safety,R3,PARAPHRASE,42675227,chunk-42675227-001,Stevioside promotes hepatocyte proliferation via YAP signaling in cholestatic disease.,Stevioside promotes hepatocyte proliferation via YAP signaling in cholestatic disease.,PENDING,,,PubMed_Central,,,
v3.1h-069,Diagnosis of drug induced hepatotoxicity,Medication_Safety,R3,PARAPHRASE,42675497,chunk-42675497-001,Delayed ischemic stroke ten days after aluminum phosphide ingestion in a previously healthy 21-year-old Ethiopian woman: a case report.,Delayed ischemic stroke ten days after aluminum phosphide ingestion in a previously healthy 21-year-old Ethiopian woman: a case report.,PENDING,,,PubMed_Central,,,
v3.1h-069,Diagnosis of drug induced hepatotoxicity,Medication_Safety,R3,PARAPHRASE,42675994,chunk-42675994-001,"An Adaptive, Time-Informed, Phenotype-Guided Pharmacological Framework for Severe Traumatic Brain Injury : A Hypothesis-Driven Narrative Review.","An Adaptive, Time-Informed, Phenotype-Guided Pharmacological Framework for Severe Traumatic Brain Injury : A Hypothesis-Driven Narrative Review.",PENDING,,,PubMed_Central,,,
v3.1h-069,Diagnosis of drug induced hepatotoxicity,Medication_Safety,R3,PARAPHRASE,42676526,chunk-42676526-001,Tricholoma matsutake polypeptide modulates cardiac metabolism and restores autophagic flux to mitigate doxorubicin-induced senescence.,Tricholoma matsutake polypeptide modulates cardiac metabolism and restores autophagic flux to mitigate doxorubicin-induced senescence.,PENDING,,,PubMed_Central,,,
v3.1h-069,Diagnosis of drug induced hepatotoxicity,Medication_Safety,R3,PARAPHRASE,42676937,chunk-42676937-001,Evaluation of acne vulgaris patient care in outpatient clinics: guideline adherence and patient education.,Evaluation of acne vulgaris patient care in outpatient clinics: guideline adherence and patient education.,PENDING,,,PubMed_Central,,,
v3.1h-069,Diagnosis of drug induced hepatotoxicity,Medication_Safety,R3,PARAPHRASE,42677064,chunk-42677064-001,Targeting Novel Pathways in Pulmonary Arterial Hypertension: A Systematic Review and Meta-Analysis of New Therapeutic Agents.,Targeting Novel Pathways in Pulmonary Arterial Hypertension: A Systematic Review and Meta-Analysis of New Therapeutic Agents.,PENDING,,,PubMed_Central,,,
v3.1h-069,Diagnosis of drug induced hepatotoxicity,Medication_Safety,R3,PARAPHRASE,42677606,chunk-42677606-001,Mitochondrial Unfolded Protein Response Regulates Copper-Induced Oxidative Stress via a Sirt3/FOXO3a Signaling Pathway in Chicken Hepatocytes.,Mitochondrial Unfolded Protein Response Regulates Copper-Induced Oxidative Stress via a Sirt3/FOXO3a Signaling Pathway in Chicken Hepatocytes.,PENDING,,,PubMed_Central,,,
v3.1h-069,Diagnosis of drug induced hepatotoxicity,Medication_Safety,R3,PARAPHRASE,42677663,chunk-42677663-001,Chronic BDE-47 Exposure Induces DNA Damage in Hepatocytes: Involvement of Oxidative Stress and CYP1A1/2 Upregulation.,Chronic BDE-47 Exposure Induces DNA Damage in Hepatocytes: Involvement of Oxidative Stress and CYP1A1/2 Upregulation.,PENDING,,,PubMed_Central,,,
v3.1h-069,Diagnosis of drug induced hepatotoxicity,Medication_Safety,R3,PARAPHRASE,42678094,chunk-42678094-001,Deciphering the Mechanisms of Statin-Ezetimibe Drug Combinations Using Boolean Logical Modeling and Transcriptomic Data.,Deciphering the Mechanisms of Statin-Ezetimibe Drug Combinations Using Boolean Logical Modeling and Transcriptomic Data.,PENDING,,,PubMed_Central,,,
v3.1h-069,Diagnosis of drug induced hepatotoxicity,Medication_Safety,R3,PARAPHRASE,42678242,chunk-42678242-001,Hepatoprotective effects of resolvin D1 in mice exposed to ethanol and galactosamine.,Hepatoprotective effects of resolvin D1 in mice exposed to ethanol and galactosamine.,PENDING,,,PubMed_Central,,,
v3.1h-069,Diagnosis of drug induced hepatotoxicity,Medication_Safety,R3,PARAPHRASE,42678243,chunk-42678243-001,MSCs overexpressing FGF21 alleviate acetaminophen-induced acute liver injury by eliciting macrophage-mediated phagocytosis.,MSCs overexpressing FGF21 alleviate acetaminophen-induced acute liver injury by eliciting macrophage-mediated phagocytosis.,PENDING,,,PubMed_Central,,,
v3.1h-069,Diagnosis of drug induced hepatotoxicity,Medication_Safety,R3,PARAPHRASE,42679743,chunk-42679743-001,Dual-response mitochondria-targeted fluorescent probe for Hypochlorous acid and viscosity: Applications in liver injury diagnosis and environmental monitoring.,Dual-response mitochondria-targeted fluorescent probe for Hypochlorous acid and viscosity: Applications in liver injury diagnosis and environmental monitoring.,PENDING,,,PubMed_Central,,,
v3.1h-069,Diagnosis of drug induced hepatotoxicity,Medication_Safety,R3,PARAPHRASE,42679829,chunk-42679829-001,"Adolescent health across Asia Pacific, 2000-23: a systematic analysis for the Global Burden of Disease Study 2023.","Adolescent health across Asia Pacific, 2000-23: a systematic analysis for the Global Burden of Disease Study 2023.",PENDING,,,PubMed_Central,,,
v3.1h-069,Diagnosis of drug induced hepatotoxicity,Medication_Safety,R3,PARAPHRASE,42680287,chunk-42680287-001,Lipid-lowering and hepatoprotective effects of Ocimum sanctum L. (Thai holy basil) flower against MASLD and liver inflammation in rats.,Lipid-lowering and hepatoprotective effects of Ocimum sanctum L. (Thai holy basil) flower against MASLD and liver inflammation in rats.,PENDING,,,PubMed_Central,,,
v3.1h-069,Diagnosis of drug induced hepatotoxicity,Medication_Safety,R3,PARAPHRASE,42681676,chunk-42681676-001,Targeting breast cancer stem cells by restoring RBM38 function: mechanism and protein delivery therapy.,Targeting breast cancer stem cells by restoring RBM38 function: mechanism and protein delivery therapy.,PENDING,,,PubMed_Central,,,
v3.1h-069,Diagnosis of drug induced hepatotoxicity,Medication_Safety,R3,PARAPHRASE,42682722,chunk-42682722-001,"PRO/CON debate: nonsteroidal versus steroidal mineralocorticoid receptor antagonists in chronic kidney disease: progress, pragmatism, and remaining uncertainties.","PRO/CON debate: nonsteroidal versus steroidal mineralocorticoid receptor antagonists in chronic kidney disease: progress, pragmatism, and remaining uncertainties.",PENDING,,,PubMed_Central,,,
