case_id,document_id,query,document_title,document_text,human_final_label,human_evidence_span,human_annotation_reason,human_confidence,human_annotator_id,human_review_timestamp
v3.1h-001,42628776,How does metformin inhibit hepatic gluconeogenesis?,Differentiating hepatic and renal toxicity reveals CYP-independent mechanisms of acetaminophen-induced acute kidney injury.,Differentiating hepatic and renal toxicity reveals CYP-independent mechanisms of acetaminophen-induced acute kidney injury.,,,,,,
v3.1h-001,42192153,How does metformin inhibit hepatic gluconeogenesis?,Folic acid attenuates maternal sertraline-induced hepatic injury in rat offspring.,Folic acid attenuates maternal sertraline-induced hepatic injury in rat offspring.,,,,,,
v3.1h-001,42671218,How does metformin inhibit hepatic gluconeogenesis?,Protective Effects of Luteolin Against Cisplatin-Induced Hepatic and Renal Toxicity: Biochemical and Cellular Evidence.,Protective Effects of Luteolin Against Cisplatin-Induced Hepatic and Renal Toxicity: Biochemical and Cellular Evidence.,,,,,,
v3.1h-001,42573610,How does metformin inhibit hepatic gluconeogenesis?,Paracetamol-induced hepatic injury following intentional self-poisoning: a case report and therapeutic considerations.,Paracetamol-induced hepatic injury following intentional self-poisoning: a case report and therapeutic considerations.,,,,,,
v3.1h-001,29262813,How does metformin inhibit hepatic gluconeogenesis?,Renoprotective RAAS inhibition does not affect the association between worse renal function and higher plasma aldosterone levels.,Renoprotective RAAS inhibition does not affect the association between worse renal function and higher plasma aldosterone levels.,,,,,,
v3.1h-001,42670801,How does metformin inhibit hepatic gluconeogenesis?,Therapeutic Potential of Nanocurcumin in Mitigating Duloxetine-Induced Hepatic Damage: Biochemical and Histopathological Insights.,Therapeutic Potential of Nanocurcumin in Mitigating Duloxetine-Induced Hepatic Damage: Biochemical and Histopathological Insights.,,,,,,
v3.1h-001,42371403,How does metformin inhibit hepatic gluconeogenesis?,Does gabapentin add value to multimodal analgesia in thoracic surgery? A procedure-specific meta-analysis.,Does gabapentin add value to multimodal analgesia in thoracic surgery? A procedure-specific meta-analysis.,,,,,,
v3.1h-001,42675227,How does metformin inhibit hepatic gluconeogenesis?,Stevioside promotes hepatocyte proliferation via YAP signaling in cholestatic disease.,Stevioside promotes hepatocyte proliferation via YAP signaling in cholestatic disease.,,,,,,
v3.1h-001,42662112,How does metformin inhibit hepatic gluconeogenesis?,A Comparative Study to Evaluate the Renoprotective Effect of Antidiabetic Drugs in Patients With Type 2 Diabetes Mellitus.,A Comparative Study to Evaluate the Renoprotective Effect of Antidiabetic Drugs in Patients With Type 2 Diabetes Mellitus.,,,,,,
v3.1h-001,42587752,How does metformin inhibit hepatic gluconeogenesis?,Rapid Volumetric Bioprinting Coupled with Dynamic Perfusion Enhances Human Hepatic Organoid Toxicity Testing.,Rapid Volumetric Bioprinting Coupled with Dynamic Perfusion Enhances Human Hepatic Organoid Toxicity Testing.,,,,,,
v3.1h-001,42667464,How does metformin inhibit hepatic gluconeogenesis?,Schisandra chinensis polysaccharide attenuates diabetic islet cell injury by promoting autophagy via suppression of the PI3K/AKT/mTOR signaling cascade.,Schisandra chinensis polysaccharide attenuates diabetic islet cell injury by promoting autophagy via suppression of the PI3K/AKT/mTOR signaling cascade.,,,,,,
v3.1h-001,41077316,How does metformin inhibit hepatic gluconeogenesis?,Metabolic enzyme-mediated pharmacokinetic and pharmacodynamic interactions between Danshen Yin and clopidogrel in normal and acute myocardial infarction rats.,Metabolic enzyme-mediated pharmacokinetic and pharmacodynamic interactions between Danshen Yin and clopidogrel in normal and acute myocardial infarction rats.,,,,,,
v3.1h-001,42677606,How does metformin inhibit hepatic gluconeogenesis?,Mitochondrial Unfolded Protein Response Regulates Copper-Induced Oxidative Stress via a Sirt3/FOXO3a Signaling Pathway in Chicken Hepatocytes.,Mitochondrial Unfolded Protein Response Regulates Copper-Induced Oxidative Stress via a Sirt3/FOXO3a Signaling Pathway in Chicken Hepatocytes.,,,,,,
v3.1h-001,42128899,How does metformin inhibit hepatic gluconeogenesis?,Cilostazol mitigates amiodarone-induced pulmonary toxicity and fibrosis by regulating the cAMP/TGF-β1 pathway-mediated epithelial-to-mesenchymal transition in rats.,Cilostazol mitigates amiodarone-induced pulmonary toxicity and fibrosis by regulating the cAMP/TGF-β1 pathway-mediated epithelial-to-mesenchymal transition in rats.,,,,,,
v3.1h-001,41278442,How does metformin inhibit hepatic gluconeogenesis?,Pharmacological management of major complications following left ventricular assist device implantation in type 2 diabetes mellitus.,Pharmacological management of major complications following left ventricular assist device implantation in type 2 diabetes mellitus.,,,,,,
v3.1h-001,42678242,How does metformin inhibit hepatic gluconeogenesis?,Hepatoprotective effects of resolvin D1 in mice exposed to ethanol and galactosamine.,Hepatoprotective effects of resolvin D1 in mice exposed to ethanol and galactosamine.,,,,,,
v3.1h-001,42676526,How does metformin inhibit hepatic gluconeogenesis?,Tricholoma matsutake polypeptide modulates cardiac metabolism and restores autophagic flux to mitigate doxorubicin-induced senescence.,Tricholoma matsutake polypeptide modulates cardiac metabolism and restores autophagic flux to mitigate doxorubicin-induced senescence.,,,,,,
v3.1h-001,36300543,How does metformin inhibit hepatic gluconeogenesis?,"The effect of diminazene, an angiotensin-converting enzyme 2 activator, on adenine-induced chronic kidney disease in rats.","The effect of diminazene, an angiotensin-converting enzyme 2 activator, on adenine-induced chronic kidney disease in rats.",,,,,,
v3.1h-001,42571795,How does metformin inhibit hepatic gluconeogenesis?,Mechanistic insights into cytochrome P450 inhibition by progesterone and its impact on fluoxetine pharmacokinetics.,Mechanistic insights into cytochrome P450 inhibition by progesterone and its impact on fluoxetine pharmacokinetics.,,,,,,
v3.1h-001,42667784,How does metformin inhibit hepatic gluconeogenesis?,Mechanism of Gegen Qinlian Decoction in the treatment of diabetic cataract based on network pharmacology and experimental validation.,Mechanism of Gegen Qinlian Decoction in the treatment of diabetic cataract based on network pharmacology and experimental validation.,,,,,,
v3.1h-001,42653173,How does metformin inhibit hepatic gluconeogenesis?,Molecular Mechanisms of Acute Drug Toxicity in Polypharmacy: Analgesic-Psychotropic Interactions.,Molecular Mechanisms of Acute Drug Toxicity in Polypharmacy: Analgesic-Psychotropic Interactions.,,,,,,
v3.1h-001,42546121,How does metformin inhibit hepatic gluconeogenesis?,Direct Oral Anticoagulants for Atrial Fibrillation in Patients Receiving Hemodialysis: A Review and Discussion of Evidence.,Direct Oral Anticoagulants for Atrial Fibrillation in Patients Receiving Hemodialysis: A Review and Discussion of Evidence.,,,,,,
v3.1h-001,42499456,How does metformin inhibit hepatic gluconeogenesis?,"Association of Proximal Tubule Secretion With Hyperkalemia Risk, Treatment Response, and Outcomes in Heart Failure With Preserved Ejection Fraction.","Association of Proximal Tubule Secretion With Hyperkalemia Risk, Treatment Response, and Outcomes in Heart Failure With Preserved Ejection Fraction.",,,,,,
v3.1h-001,42667336,How does metformin inhibit hepatic gluconeogenesis?,Atorvastatin Exerts Context-Dependent Metabolic and Beneficial Effects on Behavior and Apoptotic Signaling in a Cafeteria Diet-Induced Metabolic Dysfunction Model.,Atorvastatin Exerts Context-Dependent Metabolic and Beneficial Effects on Behavior and Apoptotic Signaling in a Cafeteria Diet-Induced Metabolic Dysfunction Model.,,,,,,
v3.1h-001,42653071,How does metformin inhibit hepatic gluconeogenesis?,Safety and Efficacy Assessment of Cannabis Plant Compared to Atorvastatin for Lipid Lowering in Diabetic and Obese Wistar Male Rats.,Safety and Efficacy Assessment of Cannabis Plant Compared to Atorvastatin for Lipid Lowering in Diabetic and Obese Wistar Male Rats.,,,,,,
v3.1h-001,42678094,How does metformin inhibit hepatic gluconeogenesis?,Deciphering the Mechanisms of Statin-Ezetimibe Drug Combinations Using Boolean Logical Modeling and Transcriptomic Data.,Deciphering the Mechanisms of Statin-Ezetimibe Drug Combinations Using Boolean Logical Modeling and Transcriptomic Data.,,,,,,
v3.1h-001,42654146,How does metformin inhibit hepatic gluconeogenesis?,Moxifloxacin-Mediated Downregulation of Intestinal P-Glycoprotein Alters the Pharmacokinetics of Dabigatran Etexilate: Mechanistic Insights in Rats and PBPK Model-Informed Dose Optimization.,Moxifloxacin-Mediated Downregulation of Intestinal P-Glycoprotein Alters the Pharmacokinetics of Dabigatran Etexilate: Mechanistic Insights in Rats and PBPK Model-Informed Dose Optimization.,,,,,,
v3.1h-001,42662351,How does metformin inhibit hepatic gluconeogenesis?,Sertraline-induced fetotoxicity in mice: Protective effects of vitamin E on foetal growth and organ histology.,Sertraline-induced fetotoxicity in mice: Protective effects of vitamin E on foetal growth and organ histology.,,,,,,
v3.1h-001,41109285,How does metformin inhibit hepatic gluconeogenesis?,Challenges in the treatment of hypothyroidism: malabsorption and pseudo-malabsorption of levothyroxine.,Challenges in the treatment of hypothyroidism: malabsorption and pseudo-malabsorption of levothyroxine.,,,,,,
v3.1h-001,42475421,How does metformin inhibit hepatic gluconeogenesis?,"Vascular Endothelial Growth Factor Receptor 1-Blocking Antibody Improves Endothelial Structure, Kidney Function, and GFR in Diabetic Mice.","Vascular Endothelial Growth Factor Receptor 1-Blocking Antibody Improves Endothelial Structure, Kidney Function, and GFR in Diabetic Mice.",,,,,,
v3.1h-001,41347947,How does metformin inhibit hepatic gluconeogenesis?,"Navigating complementary and alternative medicine use, medication adherence, and herb-drug interaction risks among gout patients: a multicenter cross-sectional study in indonesia.","Navigating complementary and alternative medicine use, medication adherence, and herb-drug interaction risks among gout patients: a multicenter cross-sectional study in indonesia.",,,,,,
v3.1h-001,42660303,How does metformin inhibit hepatic gluconeogenesis?,Cardioprotective effects of natural phytochemicals from traditional medicinal plants against doxorubicin-induced cardiotoxicity: A meta-analysis of preclinical studies.,Cardioprotective effects of natural phytochemicals from traditional medicinal plants against doxorubicin-induced cardiotoxicity: A meta-analysis of preclinical studies.,,,,,,
v3.1h-001,42670540,How does metformin inhibit hepatic gluconeogenesis?,Mechanisms and the Role of p38 MAPK Signaling in Doxorubicin-Induced Cardiotoxicity: A Review.,Mechanisms and the Role of p38 MAPK Signaling in Doxorubicin-Induced Cardiotoxicity: A Review.,,,,,,
v3.1h-001,42359186,How does metformin inhibit hepatic gluconeogenesis?,Early-Onset Amiodarone Pulmonary Toxicity at a Standard Maintenance Dose Masquerading as Decompensated Heart Failure: A Case Report and Literature Review.,Early-Onset Amiodarone Pulmonary Toxicity at a Standard Maintenance Dose Masquerading as Decompensated Heart Failure: A Case Report and Literature Review.,,,,,,
v3.1h-001,42364820,How does metformin inhibit hepatic gluconeogenesis?,Finerenone: a next-generation nonsteroidal mineralocorticoid receptor antagonist reshaping the management of cardiovascular and metabolic diseases.,Finerenone: a next-generation nonsteroidal mineralocorticoid receptor antagonist reshaping the management of cardiovascular and metabolic diseases.,,,,,,
v3.1h-001,42306636,How does metformin inhibit hepatic gluconeogenesis?,Unexpected Improvement of Obsessive-Compulsive Disorder Symptoms Following the Mistaken Prescription of Clomiphene: A Novel Perspective on Hormonal Influences in OCD.,Unexpected Improvement of Obsessive-Compulsive Disorder Symptoms Following the Mistaken Prescription of Clomiphene: A Novel Perspective on Hormonal Influences in OCD.,,,,,,
v3.1h-001,40149400,How does metformin inhibit hepatic gluconeogenesis?,The Association Between Statin Drugs and Rhabdomyolysis: An Analysis of FDA Adverse Event Reporting System (FAERS) Data and Transcriptomic Profiles.,The Association Between Statin Drugs and Rhabdomyolysis: An Analysis of FDA Adverse Event Reporting System (FAERS) Data and Transcriptomic Profiles.,,,,,,
v3.1h-001,41791695,How does metformin inhibit hepatic gluconeogenesis?,"Harnessing the gut-heart axis for cardiovascular drug innovation: microbiome, metabolites, and personalized treatment strategies.","Harnessing the gut-heart axis for cardiovascular drug innovation: microbiome, metabolites, and personalized treatment strategies.",,,,,,
v3.1h-001,41100334,How does metformin inhibit hepatic gluconeogenesis?,Review of Safety and Efficacy of Polmacoxib: A Novel Dual Inhibitor of Cyclo-oxygenase 2 and Carbonic Anhydrase in Osteoarthritis and Acute Painful Conditions.,Review of Safety and Efficacy of Polmacoxib: A Novel Dual Inhibitor of Cyclo-oxygenase 2 and Carbonic Anhydrase in Osteoarthritis and Acute Painful Conditions.,,,,,,
v3.1h-001,42318218,How does metformin inhibit hepatic gluconeogenesis?,A case report and literature review of proton pump inhibitors inducing insulin autoimmune syndrome.,A case report and literature review of proton pump inhibitors inducing insulin autoimmune syndrome.,,,,,,
v3.1h-001,42584699,How does metformin inhibit hepatic gluconeogenesis?,"The ""obesity paradox"" in dosing: a comprehensive analytical review of cockcroft-gault versus CKD-EPI for predicting clearance of narrow-therapeutic-index drugs in patients with BMI > 40 kg/m².","The ""obesity paradox"" in dosing: a comprehensive analytical review of cockcroft-gault versus CKD-EPI for predicting clearance of narrow-therapeutic-index drugs in patients with BMI > 40 kg/m².",,,,,,
v3.1h-001,40978465,How does metformin inhibit hepatic gluconeogenesis?,Abnormal Ca(2+) handling and reduced I(to) contribute to citalopram-induced QT prolongation and cardiac arrhythmias.,Abnormal Ca(2+) handling and reduced I(to) contribute to citalopram-induced QT prolongation and cardiac arrhythmias.,,,,,,
v3.1h-001,38710058,How does metformin inhibit hepatic gluconeogenesis?,"The Salutary Effects of Diminazene, Lisinopril or Valsartan on Cisplatin - Induced Acute Kidney Injury in Rats: A Comparative Study.","The Salutary Effects of Diminazene, Lisinopril or Valsartan on Cisplatin - Induced Acute Kidney Injury in Rats: A Comparative Study.",,,,,,
v3.1h-001,42637515,How does metformin inhibit hepatic gluconeogenesis?,An uncommon side effect of statins: perioral neuropathic symptoms.,An uncommon side effect of statins: perioral neuropathic symptoms.,,,,,,
v3.1h-001,42591558,How does metformin inhibit hepatic gluconeogenesis?,Physiologically based pharmacokinetic modeling of fluconazole: interpretation of gender-dependent pharmacokinetics and cytochrome P450 inhibition.,Physiologically based pharmacokinetic modeling of fluconazole: interpretation of gender-dependent pharmacokinetics and cytochrome P450 inhibition.,,,,,,
v3.1h-001,40771914,How does metformin inhibit hepatic gluconeogenesis?,"Pharmacodynamics, pharmacokinetics, interactions with other drugs, toxicity and clinical effectiveness of proton pump inhibitors.","Pharmacodynamics, pharmacokinetics, interactions with other drugs, toxicity and clinical effectiveness of proton pump inhibitors.",,,,,,
v3.1h-001,42677064,How does metformin inhibit hepatic gluconeogenesis?,Targeting Novel Pathways in Pulmonary Arterial Hypertension: A Systematic Review and Meta-Analysis of New Therapeutic Agents.,Targeting Novel Pathways in Pulmonary Arterial Hypertension: A Systematic Review and Meta-Analysis of New Therapeutic Agents.,,,,,,
v3.1h-001,42332214,How does metformin inhibit hepatic gluconeogenesis?,Optimizing Amiodarone Maintenance Dose to Minimize N-Desethylamiodarone Accumulation and Pulmonary Toxicity: Insights from Machine Learning and Pharmacokinetic Simulation.,Optimizing Amiodarone Maintenance Dose to Minimize N-Desethylamiodarone Accumulation and Pulmonary Toxicity: Insights from Machine Learning and Pharmacokinetic Simulation.,,,,,,
v3.1h-001,28520381,How does metformin inhibit hepatic gluconeogenesis?,Metoprolol Therapy and CYP2D6 Genotype.,Metoprolol Therapy and CYP2D6 Genotype.,,,,,,
v3.1h-001,42677663,How does metformin inhibit hepatic gluconeogenesis?,Chronic BDE-47 Exposure Induces DNA Damage in Hepatocytes: Involvement of Oxidative Stress and CYP1A1/2 Upregulation.,Chronic BDE-47 Exposure Induces DNA Damage in Hepatocytes: Involvement of Oxidative Stress and CYP1A1/2 Upregulation.,,,,,,
v3.1h-002,42128899,Clearance pathway for lisinopril,Cilostazol mitigates amiodarone-induced pulmonary toxicity and fibrosis by regulating the cAMP/TGF-β1 pathway-mediated epithelial-to-mesenchymal transition in rats.,Cilostazol mitigates amiodarone-induced pulmonary toxicity and fibrosis by regulating the cAMP/TGF-β1 pathway-mediated epithelial-to-mesenchymal transition in rats.,,,,,,
v3.1h-002,42638417,Clearance pathway for lisinopril,The Bacterial Metabolite Lndole-3-Propionic Acid Alleviates Acetaminophen-Induced Acute Liver Injury Partly through the Aryl Hydrocarbon Receptor Pathway.,The Bacterial Metabolite Lndole-3-Propionic Acid Alleviates Acetaminophen-Induced Acute Liver Injury Partly through the Aryl Hydrocarbon Receptor Pathway.,,,,,,
v3.1h-002,42429832,Clearance pathway for lisinopril,Current perspectives on natural and pharmacological interventions for combating drug-induced pulmonary toxicity.,Current perspectives on natural and pharmacological interventions for combating drug-induced pulmonary toxicity.,,,,,,
v3.1h-002,42527260,Clearance pathway for lisinopril,Gabapentin for Postoperative Analgesia in Cardiac Surgery via Sternotomy: A Systematic Review and Meta-Analysis of Randomized Controlled Trials.,Gabapentin for Postoperative Analgesia in Cardiac Surgery via Sternotomy: A Systematic Review and Meta-Analysis of Randomized Controlled Trials.,,,,,,
v3.1h-002,42584699,Clearance pathway for lisinopril,"The ""obesity paradox"" in dosing: a comprehensive analytical review of cockcroft-gault versus CKD-EPI for predicting clearance of narrow-therapeutic-index drugs in patients with BMI > 40 kg/m².","The ""obesity paradox"" in dosing: a comprehensive analytical review of cockcroft-gault versus CKD-EPI for predicting clearance of narrow-therapeutic-index drugs in patients with BMI > 40 kg/m².",,,,,,
v3.1h-002,42677606,Clearance pathway for lisinopril,Mitochondrial Unfolded Protein Response Regulates Copper-Induced Oxidative Stress via a Sirt3/FOXO3a Signaling Pathway in Chicken Hepatocytes.,Mitochondrial Unfolded Protein Response Regulates Copper-Induced Oxidative Stress via a Sirt3/FOXO3a Signaling Pathway in Chicken Hepatocytes.,,,,,,
v3.1h-002,39817374,Clearance pathway for lisinopril,Delineating CYP2C19-mediated Interactions: Network Pharmacology Investigation of Ilaprazole and Clopidogrel versus Conventional Proton Pump Inhibitors.,Delineating CYP2C19-mediated Interactions: Network Pharmacology Investigation of Ilaprazole and Clopidogrel versus Conventional Proton Pump Inhibitors.,,,,,,
v3.1h-002,42677064,Clearance pathway for lisinopril,Targeting Novel Pathways in Pulmonary Arterial Hypertension: A Systematic Review and Meta-Analysis of New Therapeutic Agents.,Targeting Novel Pathways in Pulmonary Arterial Hypertension: A Systematic Review and Meta-Analysis of New Therapeutic Agents.,,,,,,
v3.1h-002,42671218,Clearance pathway for lisinopril,Protective Effects of Luteolin Against Cisplatin-Induced Hepatic and Renal Toxicity: Biochemical and Cellular Evidence.,Protective Effects of Luteolin Against Cisplatin-Induced Hepatic and Renal Toxicity: Biochemical and Cellular Evidence.,,,,,,
v3.1h-002,42269153,Clearance pathway for lisinopril,Antidotes for Anticoagulation Reversal.,Antidotes for Anticoagulation Reversal.,,,,,,
v3.1h-002,42674100,Clearance pathway for lisinopril,Drug Repurposing Signals for Abdominal Aortic Aneurysms.,Drug Repurposing Signals for Abdominal Aortic Aneurysms.,,,,,,
v3.1h-002,40406172,Clearance pathway for lisinopril,Digoxin for Fetal Tachyarrhythmia: Toxicity in an Underweight Mother.,Digoxin for Fetal Tachyarrhythmia: Toxicity in an Underweight Mother.,,,,,,
v3.1h-002,42349978,Clearance pathway for lisinopril,New Agents for Acne Treatment and Updates to Isotretinoin Guidelines.,New Agents for Acne Treatment and Updates to Isotretinoin Guidelines.,,,,,,
v3.1h-002,42663925,Clearance pathway for lisinopril,Selective and Time-Dependent Alterations in Cytochrome P450 (CYP) Enzyme Activity and Expression by Major Phytocannabinoids.,Selective and Time-Dependent Alterations in Cytochrome P450 (CYP) Enzyme Activity and Expression by Major Phytocannabinoids.,,,,,,
v3.1h-002,37539955,Clearance pathway for lisinopril,Interventions for chronic kidney disease in people with sickle cell disease.,Interventions for chronic kidney disease in people with sickle cell disease.,,,,,,
v3.1h-002,42489609,Clearance pathway for lisinopril,Cilostazol-Induced Digoxin Toxicity Presenting as Accelerated Idioventricular Rhythm and Recurrent Syncope.,Cilostazol-Induced Digoxin Toxicity Presenting as Accelerated Idioventricular Rhythm and Recurrent Syncope.,,,,,,
v3.1h-002,41141842,Clearance pathway for lisinopril,Andexanet alfa for the reversal of the low-molecular-weight heparin enoxaparin.,Andexanet alfa for the reversal of the low-molecular-weight heparin enoxaparin.,,,,,,
v3.1h-002,42448258,Clearance pathway for lisinopril,Anticoagulant Regimen for Nonvalvular Atrial Fibrillation in the Elderly and Frail Population.,Anticoagulant Regimen for Nonvalvular Atrial Fibrillation in the Elderly and Frail Population.,,,,,,
v3.1h-002,42622073,Clearance pathway for lisinopril,Assessment of Pharmacokinetic Interaction and Clinical Efficacy of Clopidogrel Co-administered with Ilaprazole.,Assessment of Pharmacokinetic Interaction and Clinical Efficacy of Clopidogrel Co-administered with Ilaprazole.,,,,,,
v3.1h-002,42595037,Clearance pathway for lisinopril,Evidence for the Use of Steroidal Aldosterone Antagonists in Patients With Kidney Failure.,Evidence for the Use of Steroidal Aldosterone Antagonists in Patients With Kidney Failure.,,,,,,
v3.1h-002,42618000,Clearance pathway for lisinopril,Pipamperone metabolism by various recombinant cytochrome preparations.,Pipamperone metabolism by various recombinant cytochrome preparations.,,,,,,
v3.1h-002,42586461,Clearance pathway for lisinopril,Pharmacogenomic and drug interactions risk in cardio-oncology: A precision medicine perspective for India.,Pharmacogenomic and drug interactions risk in cardio-oncology: A precision medicine perspective for India.,,,,,,
v3.1h-002,42628776,Clearance pathway for lisinopril,Differentiating hepatic and renal toxicity reveals CYP-independent mechanisms of acetaminophen-induced acute kidney injury.,Differentiating hepatic and renal toxicity reveals CYP-independent mechanisms of acetaminophen-induced acute kidney injury.,,,,,,
v3.1h-002,42662744,Clearance pathway for lisinopril,Perfluoroether Peptide-Modified Artificial Viral Capsid for Enhanced Doxorubicin Delivery to Liver Cancer Cells.,Perfluoroether Peptide-Modified Artificial Viral Capsid for Enhanced Doxorubicin Delivery to Liver Cancer Cells.,,,,,,
v3.1h-002,42653173,Clearance pathway for lisinopril,Molecular Mechanisms of Acute Drug Toxicity in Polypharmacy: Analgesic-Psychotropic Interactions.,Molecular Mechanisms of Acute Drug Toxicity in Polypharmacy: Analgesic-Psychotropic Interactions.,,,,,,
v3.1h-002,41833262,Clearance pathway for lisinopril,Pearls and Pitfalls for the Emergency Clinician: Beta Blocker and Calcium Channel Blocker Toxicity.,Pearls and Pitfalls for the Emergency Clinician: Beta Blocker and Calcium Channel Blocker Toxicity.,,,,,,
v3.1h-002,42483729,Clearance pathway for lisinopril,"Once-Nightly Pregabalin for Co-Occurring Nightmares, Poor Sleep, and Headaches: A Case Series.","Once-Nightly Pregabalin for Co-Occurring Nightmares, Poor Sleep, and Headaches: A Case Series.",,,,,,
v3.1h-002,41077316,Clearance pathway for lisinopril,Metabolic enzyme-mediated pharmacokinetic and pharmacodynamic interactions between Danshen Yin and clopidogrel in normal and acute myocardial infarction rats.,Metabolic enzyme-mediated pharmacokinetic and pharmacodynamic interactions between Danshen Yin and clopidogrel in normal and acute myocardial infarction rats.,,,,,,
v3.1h-002,41158891,Clearance pathway for lisinopril,Seizures Following Single-Dose Intravenous Tramadol for Postsurgical Pain: A Report of Two Cases.,Seizures Following Single-Dose Intravenous Tramadol for Postsurgical Pain: A Report of Two Cases.,,,,,,
v3.1h-002,41748094,Clearance pathway for lisinopril,Heart Rate-Corrected QT Interval Dynamics Following Antidepressant Switching from Escitalopram to High-Dose Venlafaxine: Cardiac Safety Insights from the Early Medication Change Cohort.,Heart Rate-Corrected QT Interval Dynamics Following Antidepressant Switching from Escitalopram to High-Dose Venlafaxine: Cardiac Safety Insights from the Early Medication Change Cohort.,,,,,,
v3.1h-002,41791695,Clearance pathway for lisinopril,"Harnessing the gut-heart axis for cardiovascular drug innovation: microbiome, metabolites, and personalized treatment strategies.","Harnessing the gut-heart axis for cardiovascular drug innovation: microbiome, metabolites, and personalized treatment strategies.",,,,,,
v3.1h-002,42653808,Clearance pathway for lisinopril,"Berberine-Drug Interactions: Mechanisms, Clinical Relevance and Risk Stratification-A Narrative Review.","Berberine-Drug Interactions: Mechanisms, Clinical Relevance and Risk Stratification-A Narrative Review.",,,,,,
v3.1h-002,42666103,Clearance pathway for lisinopril,Clinical relevance of pharmacogenomic information for improving prescribing practices in acutely admitted older medical patients.,Clinical relevance of pharmacogenomic information for improving prescribing practices in acutely admitted older medical patients.,,,,,,
v3.1h-002,41278442,Clearance pathway for lisinopril,Pharmacological management of major complications following left ventricular assist device implantation in type 2 diabetes mellitus.,Pharmacological management of major complications following left ventricular assist device implantation in type 2 diabetes mellitus.,,,,,,
v3.1h-002,42497636,Clearance pathway for lisinopril,Macrophage membrane camouflaged biomimetic nanomedicine for normalizing electrical dysfunction and inflammation pathology in atrial fibrillation.,Macrophage membrane camouflaged biomimetic nanomedicine for normalizing electrical dysfunction and inflammation pathology in atrial fibrillation.,,,,,,
v3.1h-002,42662112,Clearance pathway for lisinopril,A Comparative Study to Evaluate the Renoprotective Effect of Antidiabetic Drugs in Patients With Type 2 Diabetes Mellitus.,A Comparative Study to Evaluate the Renoprotective Effect of Antidiabetic Drugs in Patients With Type 2 Diabetes Mellitus.,,,,,,
v3.1h-002,42254302,Clearance pathway for lisinopril,Current Trends in NSAID Prescribing for Osteoarthritis and Axial Spondyloarthritis: Insights From Moroccan Rheumatologists Practices.,Current Trends in NSAID Prescribing for Osteoarthritis and Axial Spondyloarthritis: Insights From Moroccan Rheumatologists Practices.,,,,,,
v3.1h-002,42670540,Clearance pathway for lisinopril,Mechanisms and the Role of p38 MAPK Signaling in Doxorubicin-Induced Cardiotoxicity: A Review.,Mechanisms and the Role of p38 MAPK Signaling in Doxorubicin-Induced Cardiotoxicity: A Review.,,,,,,
v3.1h-002,42674049,Clearance pathway for lisinopril,A Near-Infrared Fluorescent Probe for Imaging Nitroxyl Dynamics in Ferroptosis-Associated Drug-Induced Liver Injury.,A Near-Infrared Fluorescent Probe for Imaging Nitroxyl Dynamics in Ferroptosis-Associated Drug-Induced Liver Injury.,,,,,,
v3.1h-002,38053572,Clearance pathway for lisinopril,Nephroprotective effects of diminazene on doxorubicin-induced acute kidney injury in rats.,Nephroprotective effects of diminazene on doxorubicin-induced acute kidney injury in rats.,,,,,,
v3.1h-002,38758406,Clearance pathway for lisinopril,Screening for ferroptosis genes related to endometrial carcinoma and predicting of targeted drugs based on bioinformatics.,Screening for ferroptosis genes related to endometrial carcinoma and predicting of targeted drugs based on bioinformatics.,,,,,,
v3.1h-002,40978465,Clearance pathway for lisinopril,Abnormal Ca(2+) handling and reduced I(to) contribute to citalopram-induced QT prolongation and cardiac arrhythmias.,Abnormal Ca(2+) handling and reduced I(to) contribute to citalopram-induced QT prolongation and cardiac arrhythmias.,,,,,,
v3.1h-002,42662904,Clearance pathway for lisinopril,Early cardiac proteomic profiling in a long-latency doxorubicin cardiomyopathy model exhibits sexual dimorphism for cardioprotection.,Early cardiac proteomic profiling in a long-latency doxorubicin cardiomyopathy model exhibits sexual dimorphism for cardioprotection.,,,,,,
v3.1h-002,42359186,Clearance pathway for lisinopril,Early-Onset Amiodarone Pulmonary Toxicity at a Standard Maintenance Dose Masquerading as Decompensated Heart Failure: A Case Report and Literature Review.,Early-Onset Amiodarone Pulmonary Toxicity at a Standard Maintenance Dose Masquerading as Decompensated Heart Failure: A Case Report and Literature Review.,,,,,,
v3.1h-002,42647165,Clearance pathway for lisinopril,Pharmacotherapeutic considerations for the treatment of post-traumatic stress disorder during and after pregnancy: an update.,Pharmacotherapeutic considerations for the treatment of post-traumatic stress disorder during and after pregnancy: an update.,,,,,,
v3.1h-002,42546121,Clearance pathway for lisinopril,Direct Oral Anticoagulants for Atrial Fibrillation in Patients Receiving Hemodialysis: A Review and Discussion of Evidence.,Direct Oral Anticoagulants for Atrial Fibrillation in Patients Receiving Hemodialysis: A Review and Discussion of Evidence.,,,,,,
v3.1h-002,40825054,Clearance pathway for lisinopril,"Analysis of hemorrhagic transformation and intracerebral hemorrhage under combination therapy with alteplase and antiplatelets or anticoagulants, using the Japanese Adverse Drug Event Report database.","Analysis of hemorrhagic transformation and intracerebral hemorrhage under combination therapy with alteplase and antiplatelets or anticoagulants, using the Japanese Adverse Drug Event Report database.",,,,,,
v3.1h-002,42675994,Clearance pathway for lisinopril,"An Adaptive, Time-Informed, Phenotype-Guided Pharmacological Framework for Severe Traumatic Brain Injury : A Hypothesis-Driven Narrative Review.","An Adaptive, Time-Informed, Phenotype-Guided Pharmacological Framework for Severe Traumatic Brain Injury : A Hypothesis-Driven Narrative Review.",,,,,,
v3.1h-002,31583609,Clearance pathway for lisinopril,Physiologically Based Pharmacokinetic Modelling to Identify Pharmacokinetic Parameters Driving Drug Exposure Changes in the Elderly.,Physiologically Based Pharmacokinetic Modelling to Identify Pharmacokinetic Parameters Driving Drug Exposure Changes in the Elderly.,,,,,,
v3.1h-002,42679829,Clearance pathway for lisinopril,"Adolescent health across Asia Pacific, 2000-23: a systematic analysis for the Global Burden of Disease Study 2023.","Adolescent health across Asia Pacific, 2000-23: a systematic analysis for the Global Burden of Disease Study 2023.",,,,,,
v3.1h-002,42515713,Clearance pathway for lisinopril,CYP2D6 Metabolizer Phenotype Is Associated with Early Antidepressant Discontinuation in the UK Biobank.,CYP2D6 Metabolizer Phenotype Is Associated with Early Antidepressant Discontinuation in the UK Biobank.,,,,,,
v3.1h-002,42484991,Clearance pathway for lisinopril,Budget Impact of Eplerenone for Heart Failure with Reduced Ejection Fraction: National Perspective and Regional Implications in Italy.,Budget Impact of Eplerenone for Heart Failure with Reduced Ejection Fraction: National Perspective and Regional Implications in Italy.,,,,,,
v3.1h-021,41061201,Concomitant use of warfarin and aspirin bleeding risk,Risk of Seizure Associated With Concomitant Use of Tramadol and Antidepressants in Older Nursing Home Residents.,Risk of Seizure Associated With Concomitant Use of Tramadol and Antidepressants in Older Nursing Home Residents.,,,,,,
v3.1h-021,41766537,Concomitant use of warfarin and aspirin bleeding risk,Increased Risk of Ischemic Events in Patients With Stroke Treated With Clopidogrel and a P-CAB or PPI.,Increased Risk of Ischemic Events in Patients With Stroke Treated With Clopidogrel and a P-CAB or PPI.,,,,,,
v3.1h-021,42622073,Concomitant use of warfarin and aspirin bleeding risk,Assessment of Pharmacokinetic Interaction and Clinical Efficacy of Clopidogrel Co-administered with Ilaprazole.,Assessment of Pharmacokinetic Interaction and Clinical Efficacy of Clopidogrel Co-administered with Ilaprazole.,,,,,,
v3.1h-021,42413824,Concomitant use of warfarin and aspirin bleeding risk,Direct oral anticoagulant use and drug-drug interactions in transplant recipients receiving calcineurin inhibitors.,Direct oral anticoagulant use and drug-drug interactions in transplant recipients receiving calcineurin inhibitors.,,,,,,
v3.1h-021,42580545,Concomitant use of warfarin and aspirin bleeding risk,Non-steroidal anti-inflammatory drugs and CYP2C9 - Impacts of genetics and phenoconversion on the risk of adverse effects.,Non-steroidal anti-inflammatory drugs and CYP2C9 - Impacts of genetics and phenoconversion on the risk of adverse effects.,,,,,,
v3.1h-021,42327596,Concomitant use of warfarin and aspirin bleeding risk,Thrombosis and Survival after Prothrombin Complex Concentrate Use to treat Oral Anticoagulant Associated Haemorrhage.,Thrombosis and Survival after Prothrombin Complex Concentrate Use to treat Oral Anticoagulant Associated Haemorrhage.,,,,,,
v3.1h-021,40242084,Concomitant use of warfarin and aspirin bleeding risk,Tramadol use and risk of seizure: A report of two cases and a review of recent literature.,Tramadol use and risk of seizure: A report of two cases and a review of recent literature.,,,,,,
v3.1h-021,41406988,Concomitant use of warfarin and aspirin bleeding risk,Trends and variation in the use of andexanet alfa for the reversal of direct oral anticoagulants in NHS trusts in England.,Trends and variation in the use of andexanet alfa for the reversal of direct oral anticoagulants in NHS trusts in England.,,,,,,
v3.1h-021,42653808,Concomitant use of warfarin and aspirin bleeding risk,"Berberine-Drug Interactions: Mechanisms, Clinical Relevance and Risk Stratification-A Narrative Review.","Berberine-Drug Interactions: Mechanisms, Clinical Relevance and Risk Stratification-A Narrative Review.",,,,,,
v3.1h-021,40685887,Concomitant use of warfarin and aspirin bleeding risk,Efficacy and Safety of Clopidogrel With and Without a Proton Pump Inhibitor: A Systematic Review and Meta-Analysis.,Efficacy and Safety of Clopidogrel With and Without a Proton Pump Inhibitor: A Systematic Review and Meta-Analysis.,,,,,,
v3.1h-021,42293737,Concomitant use of warfarin and aspirin bleeding risk,A UK-wide analysis of the use of reversal agents in 198 patients on direct oral anticoagulants prior to urgent procedures.,A UK-wide analysis of the use of reversal agents in 198 patients on direct oral anticoagulants prior to urgent procedures.,,,,,,
v3.1h-021,42595037,Concomitant use of warfarin and aspirin bleeding risk,Evidence for the Use of Steroidal Aldosterone Antagonists in Patients With Kidney Failure.,Evidence for the Use of Steroidal Aldosterone Antagonists in Patients With Kidney Failure.,,,,,,
v3.1h-021,41347947,Concomitant use of warfarin and aspirin bleeding risk,"Navigating complementary and alternative medicine use, medication adherence, and herb-drug interaction risks among gout patients: a multicenter cross-sectional study in indonesia.","Navigating complementary and alternative medicine use, medication adherence, and herb-drug interaction risks among gout patients: a multicenter cross-sectional study in indonesia.",,,,,,
v3.1h-021,33777146,Concomitant use of warfarin and aspirin bleeding risk,Severe Oral Mucosal Ulceration Associated with Oral Bisphosphonate Use: The Importance of Imparting Proper Instructions on Medication Administration and Intake.,Severe Oral Mucosal Ulceration Associated with Oral Bisphosphonate Use: The Importance of Imparting Proper Instructions on Medication Administration and Intake.,,,,,,
v3.1h-021,41754906,Concomitant use of warfarin and aspirin bleeding risk,"An Overview of Anticoagulant Drugs Pharmacology, Therapeutic Approaches, Limitations and Perspectives.","An Overview of Anticoagulant Drugs Pharmacology, Therapeutic Approaches, Limitations and Perspectives.",,,,,,
v3.1h-021,41397500,Concomitant use of warfarin and aspirin bleeding risk,Exploring the link between antipsychotic and antidepressant use and severe QT prolongation: Impacts on ventricular arrhythmias and sudden cardiac death.,Exploring the link between antipsychotic and antidepressant use and severe QT prolongation: Impacts on ventricular arrhythmias and sudden cardiac death.,,,,,,
v3.1h-021,41100334,Concomitant use of warfarin and aspirin bleeding risk,Review of Safety and Efficacy of Polmacoxib: A Novel Dual Inhibitor of Cyclo-oxygenase 2 and Carbonic Anhydrase in Osteoarthritis and Acute Painful Conditions.,Review of Safety and Efficacy of Polmacoxib: A Novel Dual Inhibitor of Cyclo-oxygenase 2 and Carbonic Anhydrase in Osteoarthritis and Acute Painful Conditions.,,,,,,
v3.1h-021,42437608,Concomitant use of warfarin and aspirin bleeding risk,"Influence of prior administration of gabapentin and integrative practices on sedation scores, physiological parameters, and propofol requirement in cats sedated with dexmedetomidine.","Influence of prior administration of gabapentin and integrative practices on sedation scores, physiological parameters, and propofol requirement in cats sedated with dexmedetomidine.",,,,,,
v3.1h-021,41323006,Concomitant use of warfarin and aspirin bleeding risk,"Randomized, Double-Blind, Placebo-Controlled, Dose-Ranging Comparison of the Analgesic Efficacy and Safety of Intravenous Ketoprofen, Tramadol, and Morphine After Bony Impacted Mandibular Third Molar Surgery.","Randomized, Double-Blind, Placebo-Controlled, Dose-Ranging Comparison of the Analgesic Efficacy and Safety of Intravenous Ketoprofen, Tramadol, and Morphine After Bony Impacted Mandibular Third Molar Surgery.",,,,,,
v3.1h-021,42598366,Concomitant use of warfarin and aspirin bleeding risk,"A 76-Year-Old Man With Hemorrhagic Stroke, Recurrent Thromboembolic Events, and Atrial Fibrillation Under Optimal Medical Treatment: When Anticoagulants Fail.","A 76-Year-Old Man With Hemorrhagic Stroke, Recurrent Thromboembolic Events, and Atrial Fibrillation Under Optimal Medical Treatment: When Anticoagulants Fail.",,,,,,
v3.1h-021,42448258,Concomitant use of warfarin and aspirin bleeding risk,Anticoagulant Regimen for Nonvalvular Atrial Fibrillation in the Elderly and Frail Population.,Anticoagulant Regimen for Nonvalvular Atrial Fibrillation in the Elderly and Frail Population.,,,,,,
v3.1h-021,42458467,Concomitant use of warfarin and aspirin bleeding risk,"Use of prescription medications potentially harmful during pregnancy among women of reproductive age by pregnancy status and contraceptive use in the United States, 2009-2020.","Use of prescription medications potentially harmful during pregnancy among women of reproductive age by pregnancy status and contraceptive use in the United States, 2009-2020.",,,,,,
v3.1h-021,42546121,Concomitant use of warfarin and aspirin bleeding risk,Direct Oral Anticoagulants for Atrial Fibrillation in Patients Receiving Hemodialysis: A Review and Discussion of Evidence.,Direct Oral Anticoagulants for Atrial Fibrillation in Patients Receiving Hemodialysis: A Review and Discussion of Evidence.,,,,,,
v3.1h-021,38374855,Concomitant use of warfarin and aspirin bleeding risk,An Unusual Presentation of Cobblestone Esophagus From Bisphosphonate Use.,An Unusual Presentation of Cobblestone Esophagus From Bisphosphonate Use.,,,,,,
v3.1h-021,27956102,Concomitant use of warfarin and aspirin bleeding risk,Pharyngolaryngeal ulcers associated with the improper use of alendronate.,Pharyngolaryngeal ulcers associated with the improper use of alendronate.,,,,,,
v3.1h-021,41017291,Concomitant use of warfarin and aspirin bleeding risk,Use of Drugs With Actionable Pharmacogenetic Biomarkers and Possible Prescribing Changes Among Older People.,Use of Drugs With Actionable Pharmacogenetic Biomarkers and Possible Prescribing Changes Among Older People.,,,,,,
v3.1h-021,42431357,Concomitant use of warfarin and aspirin bleeding risk,"Oral use of anxiolytic, sedative, and anaesthetic medications in domestic cats (Felis catus): A scoping review.","Oral use of anxiolytic, sedative, and anaesthetic medications in domestic cats (Felis catus): A scoping review.",,,,,,
v3.1h-021,42499456,Concomitant use of warfarin and aspirin bleeding risk,"Association of Proximal Tubule Secretion With Hyperkalemia Risk, Treatment Response, and Outcomes in Heart Failure With Preserved Ejection Fraction.","Association of Proximal Tubule Secretion With Hyperkalemia Risk, Treatment Response, and Outcomes in Heart Failure With Preserved Ejection Fraction.",,,,,,
v3.1h-021,39114562,Concomitant use of warfarin and aspirin bleeding risk,A network meta-analysis: evaluating the efficacy and safety of concurrent proton pump inhibitors and clopidogrel therapy in post-PCI patients.,A network meta-analysis: evaluating the efficacy and safety of concurrent proton pump inhibitors and clopidogrel therapy in post-PCI patients.,,,,,,
v3.1h-021,42121128,Concomitant use of warfarin and aspirin bleeding risk,Evaluation of drugs and risk factors requiring therapeutic drug monitoring in the Neonatal Intensive Care Unit: a retrospective study.,Evaluation of drugs and risk factors requiring therapeutic drug monitoring in the Neonatal Intensive Care Unit: a retrospective study.,,,,,,
v3.1h-021,40357791,Concomitant use of warfarin and aspirin bleeding risk,Antiplatelet-Proton Pump Inhibitor Interactions and Arterial Thrombotic Events: A Pharmacovigilance Assessment using Disproportionality and Interaction Analysis.,Antiplatelet-Proton Pump Inhibitor Interactions and Arterial Thrombotic Events: A Pharmacovigilance Assessment using Disproportionality and Interaction Analysis.,,,,,,
v3.1h-021,42462752,Concomitant use of warfarin and aspirin bleeding risk,Risk of fracture with gabapentinoid treatment in older adults: a multinational population-based study.,Risk of fracture with gabapentinoid treatment in older adults: a multinational population-based study.,,,,,,
v3.1h-021,42216360,Concomitant use of warfarin and aspirin bleeding risk,Real-world off-label apixaban dosing and clinical outcomes in patients with heart failure and end-stage kidney disease.,Real-world off-label apixaban dosing and clinical outcomes in patients with heart failure and end-stage kidney disease.,,,,,,
v3.1h-021,40910969,Concomitant use of warfarin and aspirin bleeding risk,The Risk of Breakthrough Cardiac Events Associated With Psychiatric Medications in Patients With Diagnosed and Clinically Treated Long QT Syndrome.,The Risk of Breakthrough Cardiac Events Associated With Psychiatric Medications in Patients With Diagnosed and Clinically Treated Long QT Syndrome.,,,,,,
v3.1h-021,42586461,Concomitant use of warfarin and aspirin bleeding risk,Pharmacogenomic and drug interactions risk in cardio-oncology: A precision medicine perspective for India.,Pharmacogenomic and drug interactions risk in cardio-oncology: A precision medicine perspective for India.,,,,,,
v3.1h-021,41733550,Concomitant use of warfarin and aspirin bleeding risk,Cyclooxygenase-2 Inhibition and Anti-Platelet Aggregation Activity of Astaxanthin-Hydrogel in Comparison to Celecoxib Against Rheumatoid Arthritis in Wistar Rat Model.,Cyclooxygenase-2 Inhibition and Anti-Platelet Aggregation Activity of Astaxanthin-Hydrogel in Comparison to Celecoxib Against Rheumatoid Arthritis in Wistar Rat Model.,,,,,,
v3.1h-021,41452043,Concomitant use of warfarin and aspirin bleeding risk,Rising Escitalopram Use in British Columbia: Is it Rational and Evidence-Informed?,Rising Escitalopram Use in British Columbia: Is it Rational and Evidence-Informed?,,,,,,
v3.1h-021,41077316,Concomitant use of warfarin and aspirin bleeding risk,Metabolic enzyme-mediated pharmacokinetic and pharmacodynamic interactions between Danshen Yin and clopidogrel in normal and acute myocardial infarction rats.,Metabolic enzyme-mediated pharmacokinetic and pharmacodynamic interactions between Danshen Yin and clopidogrel in normal and acute myocardial infarction rats.,,,,,,
v3.1h-021,42596979,Concomitant use of warfarin and aspirin bleeding risk,Sertraline use in pregnancy and placental transfer: A pharmacokinetic prospective cohort study.,Sertraline use in pregnancy and placental transfer: A pharmacokinetic prospective cohort study.,,,,,,
v3.1h-021,41818114,Concomitant use of warfarin and aspirin bleeding risk,Dabigatran-induced Gastrointestinal Bleed Treated by 4-factor Prothrombin Complex Concentrate in a Tertiary Care Hospital in Sikkim.,Dabigatran-induced Gastrointestinal Bleed Treated by 4-factor Prothrombin Complex Concentrate in a Tertiary Care Hospital in Sikkim.,,,,,,
v3.1h-021,28520369,Concomitant use of warfarin and aspirin bleeding risk,Celecoxib Therapy and CYP2C9 Genotype.,Celecoxib Therapy and CYP2C9 Genotype.,,,,,,
v3.1h-021,41840835,Concomitant use of warfarin and aspirin bleeding risk,Signal detection of drug-induced esophageal ulcer across 20 years of real-world study: Focus on 49 high-risk medicines.,Signal detection of drug-induced esophageal ulcer across 20 years of real-world study: Focus on 49 high-risk medicines.,,,,,,
v3.1h-021,39817374,Concomitant use of warfarin and aspirin bleeding risk,Delineating CYP2C19-mediated Interactions: Network Pharmacology Investigation of Ilaprazole and Clopidogrel versus Conventional Proton Pump Inhibitors.,Delineating CYP2C19-mediated Interactions: Network Pharmacology Investigation of Ilaprazole and Clopidogrel versus Conventional Proton Pump Inhibitors.,,,,,,
v3.1h-021,40272900,Concomitant use of warfarin and aspirin bleeding risk,In vitro seizure risk assessment using a microelectrode array and comparison with an in vivo rat study.,In vitro seizure risk assessment using a microelectrode array and comparison with an in vivo rat study.,,,,,,
v3.1h-021,42483729,Concomitant use of warfarin and aspirin bleeding risk,"Once-Nightly Pregabalin for Co-Occurring Nightmares, Poor Sleep, and Headaches: A Case Series.","Once-Nightly Pregabalin for Co-Occurring Nightmares, Poor Sleep, and Headaches: A Case Series.",,,,,,
v3.1h-021,42374912,Concomitant use of warfarin and aspirin bleeding risk,Risk of Hyperkalemia in Patients with Heart Failure Treated with Spironolactone in Combination with Sacubitril/Valsartan vs. Renin-Angiotensin System Inhibitors.,Risk of Hyperkalemia in Patients with Heart Failure Treated with Spironolactone in Combination with Sacubitril/Valsartan vs. Renin-Angiotensin System Inhibitors.,,,,,,
v3.1h-021,41489241,Concomitant use of warfarin and aspirin bleeding risk,The role of a fixed combination of ibuprofen/paracetamol in the management of acute pain: an Italian expert narrative review.,The role of a fixed combination of ibuprofen/paracetamol in the management of acute pain: an Italian expert narrative review.,,,,,,
v3.1h-021,42398817,Concomitant use of warfarin and aspirin bleeding risk,Rediscovering digitalis in heart failure with reduced ejection fraction: Current evidence and expert survey on contemporary use.,Rediscovering digitalis in heart failure with reduced ejection fraction: Current evidence and expert survey on contemporary use.,,,,,,
v3.1h-021,42238941,Concomitant use of warfarin and aspirin bleeding risk,"A Cross-Sectional Study on Oral Anticoagulant Utilization and Adverse Drug Reactions at Teaching Hospital, Iran.","A Cross-Sectional Study on Oral Anticoagulant Utilization and Adverse Drug Reactions at Teaching Hospital, Iran.",,,,,,
v3.1h-021,42647942,Concomitant use of warfarin and aspirin bleeding risk,Use of Corrected QT Cutoffs Derived from Biological Variation to Predict Adverse Events Due to Antipsychotic Drugs: Case Report.,Use of Corrected QT Cutoffs Derived from Biological Variation to Predict Adverse Events Due to Antipsychotic Drugs: Case Report.,,,,,,
v3.1h-021,42481856,Concomitant use of warfarin and aspirin bleeding risk,Integrating Clinical Evidence with PBPK Modeling to Assess PPI-Clopidogrel-CYP2C19 Interactions in Chinese ACS Patients.,Integrating Clinical Evidence with PBPK Modeling to Assess PPI-Clopidogrel-CYP2C19 Interactions in Chinese ACS Patients.,,,,,,
v3.1h-022,42622073,CYP2C9 interaction between fluconazole and warfarin,Assessment of Pharmacokinetic Interaction and Clinical Efficacy of Clopidogrel Co-administered with Ilaprazole.,Assessment of Pharmacokinetic Interaction and Clinical Efficacy of Clopidogrel Co-administered with Ilaprazole.,,,,,,
v3.1h-022,41077316,CYP2C9 interaction between fluconazole and warfarin,Metabolic enzyme-mediated pharmacokinetic and pharmacodynamic interactions between Danshen Yin and clopidogrel in normal and acute myocardial infarction rats.,Metabolic enzyme-mediated pharmacokinetic and pharmacodynamic interactions between Danshen Yin and clopidogrel in normal and acute myocardial infarction rats.,,,,,,
v3.1h-022,41004670,CYP2C9 interaction between fluconazole and warfarin,"Correlation Between Escitalopram, Sertraline, and Fluoxetine Serum Levels and QTc Interval Prolongation in Children and Adolescents.","Correlation Between Escitalopram, Sertraline, and Fluoxetine Serum Levels and QTc Interval Prolongation in Children and Adolescents.",,,,,,
v3.1h-022,38676494,CYP2C9 interaction between fluconazole and warfarin,"A Review of the Association between Infections, Seizures, and Drugs.","A Review of the Association between Infections, Seizures, and Drugs.",,,,,,
v3.1h-022,40149400,CYP2C9 interaction between fluconazole and warfarin,The Association Between Statin Drugs and Rhabdomyolysis: An Analysis of FDA Adverse Event Reporting System (FAERS) Data and Transcriptomic Profiles.,The Association Between Statin Drugs and Rhabdomyolysis: An Analysis of FDA Adverse Event Reporting System (FAERS) Data and Transcriptomic Profiles.,,,,,,
v3.1h-022,40685887,CYP2C9 interaction between fluconazole and warfarin,Efficacy and Safety of Clopidogrel With and Without a Proton Pump Inhibitor: A Systematic Review and Meta-Analysis.,Efficacy and Safety of Clopidogrel With and Without a Proton Pump Inhibitor: A Systematic Review and Meta-Analysis.,,,,,,
v3.1h-022,41397500,CYP2C9 interaction between fluconazole and warfarin,Exploring the link between antipsychotic and antidepressant use and severe QT prolongation: Impacts on ventricular arrhythmias and sudden cardiac death.,Exploring the link between antipsychotic and antidepressant use and severe QT prolongation: Impacts on ventricular arrhythmias and sudden cardiac death.,,,,,,
v3.1h-022,42294746,CYP2C9 interaction between fluconazole and warfarin,[Which aldosterone antagonist? Choosing between sprionolactone and the novel drug finerenone].,[Which aldosterone antagonist? Choosing between sprionolactone and the novel drug finerenone].,,,,,,
v3.1h-022,40357791,CYP2C9 interaction between fluconazole and warfarin,Antiplatelet-Proton Pump Inhibitor Interactions and Arterial Thrombotic Events: A Pharmacovigilance Assessment using Disproportionality and Interaction Analysis.,Antiplatelet-Proton Pump Inhibitor Interactions and Arterial Thrombotic Events: A Pharmacovigilance Assessment using Disproportionality and Interaction Analysis.,,,,,,
v3.1h-022,42663925,CYP2C9 interaction between fluconazole and warfarin,Selective and Time-Dependent Alterations in Cytochrome P450 (CYP) Enzyme Activity and Expression by Major Phytocannabinoids.,Selective and Time-Dependent Alterations in Cytochrome P450 (CYP) Enzyme Activity and Expression by Major Phytocannabinoids.,,,,,,
v3.1h-022,40825054,CYP2C9 interaction between fluconazole and warfarin,"Analysis of hemorrhagic transformation and intracerebral hemorrhage under combination therapy with alteplase and antiplatelets or anticoagulants, using the Japanese Adverse Drug Event Report database.","Analysis of hemorrhagic transformation and intracerebral hemorrhage under combination therapy with alteplase and antiplatelets or anticoagulants, using the Japanese Adverse Drug Event Report database.",,,,,,
v3.1h-022,42670022,CYP2C9 interaction between fluconazole and warfarin,Apixaban Dose Selection in Kidney Failure: Reconciling Pharmacokinetics and Clinical Outcomes.,Apixaban Dose Selection in Kidney Failure: Reconciling Pharmacokinetics and Clinical Outcomes.,,,,,,
v3.1h-022,41347947,CYP2C9 interaction between fluconazole and warfarin,"Navigating complementary and alternative medicine use, medication adherence, and herb-drug interaction risks among gout patients: a multicenter cross-sectional study in indonesia.","Navigating complementary and alternative medicine use, medication adherence, and herb-drug interaction risks among gout patients: a multicenter cross-sectional study in indonesia.",,,,,,
v3.1h-022,42216360,CYP2C9 interaction between fluconazole and warfarin,Real-world off-label apixaban dosing and clinical outcomes in patients with heart failure and end-stage kidney disease.,Real-world off-label apixaban dosing and clinical outcomes in patients with heart failure and end-stage kidney disease.,,,,,,
v3.1h-022,42662739,CYP2C9 interaction between fluconazole and warfarin,Transporter Interactions of Methoxyflavones and Their In Vivo Pharmacokinetic Implications.,Transporter Interactions of Methoxyflavones and Their In Vivo Pharmacokinetic Implications.,,,,,,
v3.1h-022,40242084,CYP2C9 interaction between fluconazole and warfarin,Tramadol use and risk of seizure: A report of two cases and a review of recent literature.,Tramadol use and risk of seizure: A report of two cases and a review of recent literature.,,,,,,
v3.1h-022,40978465,CYP2C9 interaction between fluconazole and warfarin,Abnormal Ca(2+) handling and reduced I(to) contribute to citalopram-induced QT prolongation and cardiac arrhythmias.,Abnormal Ca(2+) handling and reduced I(to) contribute to citalopram-induced QT prolongation and cardiac arrhythmias.,,,,,,
v3.1h-022,42636576,CYP2C9 interaction between fluconazole and warfarin,"Real-world variability and factors associated with individual low-density-lipoprotein cholesterol response to different doses of atorvastatin, rosuvastatin, and simvastatin in 28,647 Chinese patients.","Real-world variability and factors associated with individual low-density-lipoprotein cholesterol response to different doses of atorvastatin, rosuvastatin, and simvastatin in 28,647 Chinese patients.",,,,,,
v3.1h-022,39114562,CYP2C9 interaction between fluconazole and warfarin,A network meta-analysis: evaluating the efficacy and safety of concurrent proton pump inhibitors and clopidogrel therapy in post-PCI patients.,A network meta-analysis: evaluating the efficacy and safety of concurrent proton pump inhibitors and clopidogrel therapy in post-PCI patients.,,,,,,
v3.1h-022,41754906,CYP2C9 interaction between fluconazole and warfarin,"An Overview of Anticoagulant Drugs Pharmacology, Therapeutic Approaches, Limitations and Perspectives.","An Overview of Anticoagulant Drugs Pharmacology, Therapeutic Approaches, Limitations and Perspectives.",,,,,,
v3.1h-022,42571795,CYP2C9 interaction between fluconazole and warfarin,Mechanistic insights into cytochrome P450 inhibition by progesterone and its impact on fluoxetine pharmacokinetics.,Mechanistic insights into cytochrome P450 inhibition by progesterone and its impact on fluoxetine pharmacokinetics.,,,,,,
v3.1h-022,39817374,CYP2C9 interaction between fluconazole and warfarin,Delineating CYP2C19-mediated Interactions: Network Pharmacology Investigation of Ilaprazole and Clopidogrel versus Conventional Proton Pump Inhibitors.,Delineating CYP2C19-mediated Interactions: Network Pharmacology Investigation of Ilaprazole and Clopidogrel versus Conventional Proton Pump Inhibitors.,,,,,,
v3.1h-022,42413824,CYP2C9 interaction between fluconazole and warfarin,Direct oral anticoagulant use and drug-drug interactions in transplant recipients receiving calcineurin inhibitors.,Direct oral anticoagulant use and drug-drug interactions in transplant recipients receiving calcineurin inhibitors.,,,,,,
v3.1h-022,42481856,CYP2C9 interaction between fluconazole and warfarin,Integrating Clinical Evidence with PBPK Modeling to Assess PPI-Clopidogrel-CYP2C19 Interactions in Chinese ACS Patients.,Integrating Clinical Evidence with PBPK Modeling to Assess PPI-Clopidogrel-CYP2C19 Interactions in Chinese ACS Patients.,,,,,,
v3.1h-022,42063765,CYP2C9 interaction between fluconazole and warfarin,Evaluation of community pharmacists' knowledge and real-world practices in drug interaction management: a cross-sectional study.,Evaluation of community pharmacists' knowledge and real-world practices in drug interaction management: a cross-sectional study.,,,,,,
v3.1h-022,29262813,CYP2C9 interaction between fluconazole and warfarin,Renoprotective RAAS inhibition does not affect the association between worse renal function and higher plasma aldosterone levels.,Renoprotective RAAS inhibition does not affect the association between worse renal function and higher plasma aldosterone levels.,,,,,,
v3.1h-022,42654146,CYP2C9 interaction between fluconazole and warfarin,Moxifloxacin-Mediated Downregulation of Intestinal P-Glycoprotein Alters the Pharmacokinetics of Dabigatran Etexilate: Mechanistic Insights in Rats and PBPK Model-Informed Dose Optimization.,Moxifloxacin-Mediated Downregulation of Intestinal P-Glycoprotein Alters the Pharmacokinetics of Dabigatran Etexilate: Mechanistic Insights in Rats and PBPK Model-Informed Dose Optimization.,,,,,,
v3.1h-022,42678094,CYP2C9 interaction between fluconazole and warfarin,Deciphering the Mechanisms of Statin-Ezetimibe Drug Combinations Using Boolean Logical Modeling and Transcriptomic Data.,Deciphering the Mechanisms of Statin-Ezetimibe Drug Combinations Using Boolean Logical Modeling and Transcriptomic Data.,,,,,,
v3.1h-022,41075377,CYP2C9 interaction between fluconazole and warfarin,Interpretation of the association between thyroid peroxidase antibodies and thyroid function during pregnancy: An individual participant data meta-analysis.,Interpretation of the association between thyroid peroxidase antibodies and thyroid function during pregnancy: An individual participant data meta-analysis.,,,,,,
v3.1h-022,40988289,CYP2C9 interaction between fluconazole and warfarin,Drug-drug interactions: A descriptive analysis of FDA adverse event reporting system.,Drug-drug interactions: A descriptive analysis of FDA adverse event reporting system.,,,,,,
v3.1h-022,41833262,CYP2C9 interaction between fluconazole and warfarin,Pearls and Pitfalls for the Emergency Clinician: Beta Blocker and Calcium Channel Blocker Toxicity.,Pearls and Pitfalls for the Emergency Clinician: Beta Blocker and Calcium Channel Blocker Toxicity.,,,,,,
v3.1h-022,41100334,CYP2C9 interaction between fluconazole and warfarin,Review of Safety and Efficacy of Polmacoxib: A Novel Dual Inhibitor of Cyclo-oxygenase 2 and Carbonic Anhydrase in Osteoarthritis and Acute Painful Conditions.,Review of Safety and Efficacy of Polmacoxib: A Novel Dual Inhibitor of Cyclo-oxygenase 2 and Carbonic Anhydrase in Osteoarthritis and Acute Painful Conditions.,,,,,,
v3.1h-022,42546121,CYP2C9 interaction between fluconazole and warfarin,Direct Oral Anticoagulants for Atrial Fibrillation in Patients Receiving Hemodialysis: A Review and Discussion of Evidence.,Direct Oral Anticoagulants for Atrial Fibrillation in Patients Receiving Hemodialysis: A Review and Discussion of Evidence.,,,,,,
v3.1h-022,40881144,CYP2C9 interaction between fluconazole and warfarin,A Description of QT-Interval Prolonging Drug Interactions with Fluoroquinolones in Older Women with Uncomplicated Urinary Tract Infections.,A Description of QT-Interval Prolonging Drug Interactions with Fluoroquinolones in Older Women with Uncomplicated Urinary Tract Infections.,,,,,,
v3.1h-022,42671218,CYP2C9 interaction between fluconazole and warfarin,Protective Effects of Luteolin Against Cisplatin-Induced Hepatic and Renal Toxicity: Biochemical and Cellular Evidence.,Protective Effects of Luteolin Against Cisplatin-Induced Hepatic and Renal Toxicity: Biochemical and Cellular Evidence.,,,,,,
v3.1h-022,40915652,CYP2C9 interaction between fluconazole and warfarin,Nonsteroidal Anti-Inflammatory Drugs and Risk of Gastrointestinal Bleeding: A Systematic Review and Meta-Analysis.,Nonsteroidal Anti-Inflammatory Drugs and Risk of Gastrointestinal Bleeding: A Systematic Review and Meta-Analysis.,,,,,,
v3.1h-022,42326111,CYP2C9 interaction between fluconazole and warfarin,Lascufloxacin-Induced QT Prolongation in an Elderly Patient Treated With Escitalopram: A Case Report.,Lascufloxacin-Induced QT Prolongation in an Elderly Patient Treated With Escitalopram: A Case Report.,,,,,,
v3.1h-022,28520381,CYP2C9 interaction between fluconazole and warfarin,Metoprolol Therapy and CYP2D6 Genotype.,Metoprolol Therapy and CYP2D6 Genotype.,,,,,,
v3.1h-022,41061201,CYP2C9 interaction between fluconazole and warfarin,Risk of Seizure Associated With Concomitant Use of Tramadol and Antidepressants in Older Nursing Home Residents.,Risk of Seizure Associated With Concomitant Use of Tramadol and Antidepressants in Older Nursing Home Residents.,,,,,,
v3.1h-022,38006536,CYP2C9 interaction between fluconazole and warfarin,Clinical and Laboratory Factors Related to Seizure and Serotonin Toxicity in Tramadol Intoxication: An Egyptian Study.,Clinical and Laboratory Factors Related to Seizure and Serotonin Toxicity in Tramadol Intoxication: An Egyptian Study.,,,,,,
v3.1h-022,42632694,CYP2C9 interaction between fluconazole and warfarin,Oral co-delivery of quercetin and anthocyanins via dual-ligand nanoparticles alleviate obesity and associated metabolic disorders.,Oral co-delivery of quercetin and anthocyanins via dual-ligand nanoparticles alleviate obesity and associated metabolic disorders.,,,,,,
v3.1h-022,42628776,CYP2C9 interaction between fluconazole and warfarin,Differentiating hepatic and renal toxicity reveals CYP-independent mechanisms of acetaminophen-induced acute kidney injury.,Differentiating hepatic and renal toxicity reveals CYP-independent mechanisms of acetaminophen-induced acute kidney injury.,,,,,,
v3.1h-022,42603144,CYP2C9 interaction between fluconazole and warfarin,Differential Quantification of Cutibacterium acnes Phylotypes IA and IB/II on Healthy and Acne-Prone Human Skin.,Differential Quantification of Cutibacterium acnes Phylotypes IA and IB/II on Healthy and Acne-Prone Human Skin.,,,,,,
v3.1h-022,40198642,CYP2C9 interaction between fluconazole and warfarin,Impact of Ginkgo biloba drug interactions on bleeding risk and coagulation profiles: A comprehensive analysis.,Impact of Ginkgo biloba drug interactions on bleeding risk and coagulation profiles: A comprehensive analysis.,,,,,,
v3.1h-022,42679743,CYP2C9 interaction between fluconazole and warfarin,Dual-response mitochondria-targeted fluorescent probe for Hypochlorous acid and viscosity: Applications in liver injury diagnosis and environmental monitoring.,Dual-response mitochondria-targeted fluorescent probe for Hypochlorous acid and viscosity: Applications in liver injury diagnosis and environmental monitoring.,,,,,,
v3.1h-022,41112691,CYP2C9 interaction between fluconazole and warfarin,"Risk Factors Associated with Thrombus Development Following Pharmacologic Anticoagulation Reversal with Coagulation Factor Xa [Recombinant], Inactivated-zhzo.","Risk Factors Associated with Thrombus Development Following Pharmacologic Anticoagulation Reversal with Coagulation Factor Xa [Recombinant], Inactivated-zhzo.",,,,,,
v3.1h-022,42332214,CYP2C9 interaction between fluconazole and warfarin,Optimizing Amiodarone Maintenance Dose to Minimize N-Desethylamiodarone Accumulation and Pulmonary Toxicity: Insights from Machine Learning and Pharmacokinetic Simulation.,Optimizing Amiodarone Maintenance Dose to Minimize N-Desethylamiodarone Accumulation and Pulmonary Toxicity: Insights from Machine Learning and Pharmacokinetic Simulation.,,,,,,
v3.1h-022,40771914,CYP2C9 interaction between fluconazole and warfarin,"Pharmacodynamics, pharmacokinetics, interactions with other drugs, toxicity and clinical effectiveness of proton pump inhibitors.","Pharmacodynamics, pharmacokinetics, interactions with other drugs, toxicity and clinical effectiveness of proton pump inhibitors.",,,,,,
v3.1h-022,41748094,CYP2C9 interaction between fluconazole and warfarin,Heart Rate-Corrected QT Interval Dynamics Following Antidepressant Switching from Escitalopram to High-Dose Venlafaxine: Cardiac Safety Insights from the Early Medication Change Cohort.,Heart Rate-Corrected QT Interval Dynamics Following Antidepressant Switching from Escitalopram to High-Dose Venlafaxine: Cardiac Safety Insights from the Early Medication Change Cohort.,,,,,,
v3.1h-022,42366486,CYP2C9 interaction between fluconazole and warfarin,Finerenone and Cardiorenal Outcomes: A Narrative Review.,Finerenone and Cardiorenal Outcomes: A Narrative Review.,,,,,,
v3.1h-022,42680287,CYP2C9 interaction between fluconazole and warfarin,Lipid-lowering and hepatoprotective effects of Ocimum sanctum L. (Thai holy basil) flower against MASLD and liver inflammation in rats.,Lipid-lowering and hepatoprotective effects of Ocimum sanctum L. (Thai holy basil) flower against MASLD and liver inflammation in rats.,,,,,,
v3.1h-022,42653071,CYP2C9 interaction between fluconazole and warfarin,Safety and Efficacy Assessment of Cannabis Plant Compared to Atorvastatin for Lipid Lowering in Diabetic and Obese Wistar Male Rats.,Safety and Efficacy Assessment of Cannabis Plant Compared to Atorvastatin for Lipid Lowering in Diabetic and Obese Wistar Male Rats.,,,,,,
v3.1h-022,42662351,CYP2C9 interaction between fluconazole and warfarin,Sertraline-induced fetotoxicity in mice: Protective effects of vitamin E on foetal growth and organ histology.,Sertraline-induced fetotoxicity in mice: Protective effects of vitamin E on foetal growth and organ histology.,,,,,,
v3.1h-023,42622073,Lisinopril and spironolactone interaction hyperkalemia risk,Assessment of Pharmacokinetic Interaction and Clinical Efficacy of Clopidogrel Co-administered with Ilaprazole.,Assessment of Pharmacokinetic Interaction and Clinical Efficacy of Clopidogrel Co-administered with Ilaprazole.,,,,,,
v3.1h-023,42653808,Lisinopril and spironolactone interaction hyperkalemia risk,"Berberine-Drug Interactions: Mechanisms, Clinical Relevance and Risk Stratification-A Narrative Review.","Berberine-Drug Interactions: Mechanisms, Clinical Relevance and Risk Stratification-A Narrative Review.",,,,,,
v3.1h-023,41766537,Lisinopril and spironolactone interaction hyperkalemia risk,Increased Risk of Ischemic Events in Patients With Stroke Treated With Clopidogrel and a P-CAB or PPI.,Increased Risk of Ischemic Events in Patients With Stroke Treated With Clopidogrel and a P-CAB or PPI.,,,,,,
v3.1h-023,42438581,Lisinopril and spironolactone interaction hyperkalemia risk,Unmasking Refractory Hypothyroidism: Persistent Iron-Levothyroxine Interaction Despite Appropriate Dose Separation.,Unmasking Refractory Hypothyroidism: Persistent Iron-Levothyroxine Interaction Despite Appropriate Dose Separation.,,,,,,
v3.1h-023,41347947,Lisinopril and spironolactone interaction hyperkalemia risk,"Navigating complementary and alternative medicine use, medication adherence, and herb-drug interaction risks among gout patients: a multicenter cross-sectional study in indonesia.","Navigating complementary and alternative medicine use, medication adherence, and herb-drug interaction risks among gout patients: a multicenter cross-sectional study in indonesia.",,,,,,
v3.1h-023,40198642,Lisinopril and spironolactone interaction hyperkalemia risk,Impact of Ginkgo biloba drug interactions on bleeding risk and coagulation profiles: A comprehensive analysis.,Impact of Ginkgo biloba drug interactions on bleeding risk and coagulation profiles: A comprehensive analysis.,,,,,,
v3.1h-023,41061201,Lisinopril and spironolactone interaction hyperkalemia risk,Risk of Seizure Associated With Concomitant Use of Tramadol and Antidepressants in Older Nursing Home Residents.,Risk of Seizure Associated With Concomitant Use of Tramadol and Antidepressants in Older Nursing Home Residents.,,,,,,
v3.1h-023,40357791,Lisinopril and spironolactone interaction hyperkalemia risk,Antiplatelet-Proton Pump Inhibitor Interactions and Arterial Thrombotic Events: A Pharmacovigilance Assessment using Disproportionality and Interaction Analysis.,Antiplatelet-Proton Pump Inhibitor Interactions and Arterial Thrombotic Events: A Pharmacovigilance Assessment using Disproportionality and Interaction Analysis.,,,,,,
v3.1h-023,40149400,Lisinopril and spironolactone interaction hyperkalemia risk,The Association Between Statin Drugs and Rhabdomyolysis: An Analysis of FDA Adverse Event Reporting System (FAERS) Data and Transcriptomic Profiles.,The Association Between Statin Drugs and Rhabdomyolysis: An Analysis of FDA Adverse Event Reporting System (FAERS) Data and Transcriptomic Profiles.,,,,,,
v3.1h-023,40978465,Lisinopril and spironolactone interaction hyperkalemia risk,Abnormal Ca(2+) handling and reduced I(to) contribute to citalopram-induced QT prolongation and cardiac arrhythmias.,Abnormal Ca(2+) handling and reduced I(to) contribute to citalopram-induced QT prolongation and cardiac arrhythmias.,,,,,,
v3.1h-023,41397500,Lisinopril and spironolactone interaction hyperkalemia risk,Exploring the link between antipsychotic and antidepressant use and severe QT prolongation: Impacts on ventricular arrhythmias and sudden cardiac death.,Exploring the link between antipsychotic and antidepressant use and severe QT prolongation: Impacts on ventricular arrhythmias and sudden cardiac death.,,,,,,
v3.1h-023,40915652,Lisinopril and spironolactone interaction hyperkalemia risk,Nonsteroidal Anti-Inflammatory Drugs and Risk of Gastrointestinal Bleeding: A Systematic Review and Meta-Analysis.,Nonsteroidal Anti-Inflammatory Drugs and Risk of Gastrointestinal Bleeding: A Systematic Review and Meta-Analysis.,,,,,,
v3.1h-023,42216360,Lisinopril and spironolactone interaction hyperkalemia risk,Real-world off-label apixaban dosing and clinical outcomes in patients with heart failure and end-stage kidney disease.,Real-world off-label apixaban dosing and clinical outcomes in patients with heart failure and end-stage kidney disease.,,,,,,
v3.1h-023,42128628,Lisinopril and spironolactone interaction hyperkalemia risk,Comparative efficacy and safety of apixaban and rivaroxaban versus warfarin in atrial fibrillation patients with end-stage renal disease: a systematic review and meta-analysis.,Comparative efficacy and safety of apixaban and rivaroxaban versus warfarin in atrial fibrillation patients with end-stage renal disease: a systematic review and meta-analysis.,,,,,,
v3.1h-023,41077316,Lisinopril and spironolactone interaction hyperkalemia risk,Metabolic enzyme-mediated pharmacokinetic and pharmacodynamic interactions between Danshen Yin and clopidogrel in normal and acute myocardial infarction rats.,Metabolic enzyme-mediated pharmacokinetic and pharmacodynamic interactions between Danshen Yin and clopidogrel in normal and acute myocardial infarction rats.,,,,,,
v3.1h-023,41004670,Lisinopril and spironolactone interaction hyperkalemia risk,"Correlation Between Escitalopram, Sertraline, and Fluoxetine Serum Levels and QTc Interval Prolongation in Children and Adolescents.","Correlation Between Escitalopram, Sertraline, and Fluoxetine Serum Levels and QTc Interval Prolongation in Children and Adolescents.",,,,,,
v3.1h-023,40685887,Lisinopril and spironolactone interaction hyperkalemia risk,Efficacy and Safety of Clopidogrel With and Without a Proton Pump Inhibitor: A Systematic Review and Meta-Analysis.,Efficacy and Safety of Clopidogrel With and Without a Proton Pump Inhibitor: A Systematic Review and Meta-Analysis.,,,,,,
v3.1h-023,42632694,Lisinopril and spironolactone interaction hyperkalemia risk,Oral co-delivery of quercetin and anthocyanins via dual-ligand nanoparticles alleviate obesity and associated metabolic disorders.,Oral co-delivery of quercetin and anthocyanins via dual-ligand nanoparticles alleviate obesity and associated metabolic disorders.,,,,,,
v3.1h-023,39114562,Lisinopril and spironolactone interaction hyperkalemia risk,A network meta-analysis: evaluating the efficacy and safety of concurrent proton pump inhibitors and clopidogrel therapy in post-PCI patients.,A network meta-analysis: evaluating the efficacy and safety of concurrent proton pump inhibitors and clopidogrel therapy in post-PCI patients.,,,,,,
v3.1h-023,29262813,Lisinopril and spironolactone interaction hyperkalemia risk,Renoprotective RAAS inhibition does not affect the association between worse renal function and higher plasma aldosterone levels.,Renoprotective RAAS inhibition does not affect the association between worse renal function and higher plasma aldosterone levels.,,,,,,
v3.1h-023,42489609,Lisinopril and spironolactone interaction hyperkalemia risk,Cilostazol-Induced Digoxin Toxicity Presenting as Accelerated Idioventricular Rhythm and Recurrent Syncope.,Cilostazol-Induced Digoxin Toxicity Presenting as Accelerated Idioventricular Rhythm and Recurrent Syncope.,,,,,,
v3.1h-023,42063765,Lisinopril and spironolactone interaction hyperkalemia risk,Evaluation of community pharmacists' knowledge and real-world practices in drug interaction management: a cross-sectional study.,Evaluation of community pharmacists' knowledge and real-world practices in drug interaction management: a cross-sectional study.,,,,,,
v3.1h-023,42128899,Lisinopril and spironolactone interaction hyperkalemia risk,Cilostazol mitigates amiodarone-induced pulmonary toxicity and fibrosis by regulating the cAMP/TGF-β1 pathway-mediated epithelial-to-mesenchymal transition in rats.,Cilostazol mitigates amiodarone-induced pulmonary toxicity and fibrosis by regulating the cAMP/TGF-β1 pathway-mediated epithelial-to-mesenchymal transition in rats.,,,,,,
v3.1h-023,42159622,Lisinopril and spironolactone interaction hyperkalemia risk,The hidden impact of renal impairment on ribociclib exposure and co-medications: a case report.,The hidden impact of renal impairment on ribociclib exposure and co-medications: a case report.,,,,,,
v3.1h-023,42586461,Lisinopril and spironolactone interaction hyperkalemia risk,Pharmacogenomic and drug interactions risk in cardio-oncology: A precision medicine perspective for India.,Pharmacogenomic and drug interactions risk in cardio-oncology: A precision medicine perspective for India.,,,,,,
v3.1h-023,39817374,Lisinopril and spironolactone interaction hyperkalemia risk,Delineating CYP2C19-mediated Interactions: Network Pharmacology Investigation of Ilaprazole and Clopidogrel versus Conventional Proton Pump Inhibitors.,Delineating CYP2C19-mediated Interactions: Network Pharmacology Investigation of Ilaprazole and Clopidogrel versus Conventional Proton Pump Inhibitors.,,,,,,
v3.1h-023,40242084,Lisinopril and spironolactone interaction hyperkalemia risk,Tramadol use and risk of seizure: A report of two cases and a review of recent literature.,Tramadol use and risk of seizure: A report of two cases and a review of recent literature.,,,,,,
v3.1h-023,42670022,Lisinopril and spironolactone interaction hyperkalemia risk,Apixaban Dose Selection in Kidney Failure: Reconciling Pharmacokinetics and Clinical Outcomes.,Apixaban Dose Selection in Kidney Failure: Reconciling Pharmacokinetics and Clinical Outcomes.,,,,,,
v3.1h-023,42580545,Lisinopril and spironolactone interaction hyperkalemia risk,Non-steroidal anti-inflammatory drugs and CYP2C9 - Impacts of genetics and phenoconversion on the risk of adverse effects.,Non-steroidal anti-inflammatory drugs and CYP2C9 - Impacts of genetics and phenoconversion on the risk of adverse effects.,,,,,,
v3.1h-023,42678094,Lisinopril and spironolactone interaction hyperkalemia risk,Deciphering the Mechanisms of Statin-Ezetimibe Drug Combinations Using Boolean Logical Modeling and Transcriptomic Data.,Deciphering the Mechanisms of Statin-Ezetimibe Drug Combinations Using Boolean Logical Modeling and Transcriptomic Data.,,,,,,
v3.1h-023,40272900,Lisinopril and spironolactone interaction hyperkalemia risk,In vitro seizure risk assessment using a microelectrode array and comparison with an in vivo rat study.,In vitro seizure risk assessment using a microelectrode array and comparison with an in vivo rat study.,,,,,,
v3.1h-023,42595037,Lisinopril and spironolactone interaction hyperkalemia risk,Evidence for the Use of Steroidal Aldosterone Antagonists in Patients With Kidney Failure.,Evidence for the Use of Steroidal Aldosterone Antagonists in Patients With Kidney Failure.,,,,,,
v3.1h-023,42121128,Lisinopril and spironolactone interaction hyperkalemia risk,Evaluation of drugs and risk factors requiring therapeutic drug monitoring in the Neonatal Intensive Care Unit: a retrospective study.,Evaluation of drugs and risk factors requiring therapeutic drug monitoring in the Neonatal Intensive Care Unit: a retrospective study.,,,,,,
v3.1h-023,40881144,Lisinopril and spironolactone interaction hyperkalemia risk,A Description of QT-Interval Prolonging Drug Interactions with Fluoroquinolones in Older Women with Uncomplicated Urinary Tract Infections.,A Description of QT-Interval Prolonging Drug Interactions with Fluoroquinolones in Older Women with Uncomplicated Urinary Tract Infections.,,,,,,
v3.1h-023,40910969,Lisinopril and spironolactone interaction hyperkalemia risk,The Risk of Breakthrough Cardiac Events Associated With Psychiatric Medications in Patients With Diagnosed and Clinically Treated Long QT Syndrome.,The Risk of Breakthrough Cardiac Events Associated With Psychiatric Medications in Patients With Diagnosed and Clinically Treated Long QT Syndrome.,,,,,,
v3.1h-023,42462752,Lisinopril and spironolactone interaction hyperkalemia risk,Risk of fracture with gabapentinoid treatment in older adults: a multinational population-based study.,Risk of fracture with gabapentinoid treatment in older adults: a multinational population-based study.,,,,,,
v3.1h-023,42590087,Lisinopril and spironolactone interaction hyperkalemia risk,"Digoxin Dosing Errors, Drug Interactions and Off-Label Risks: Insights from an EudraVigilance Disproportionality Analysis.","Digoxin Dosing Errors, Drug Interactions and Off-Label Risks: Insights from an EudraVigilance Disproportionality Analysis.",,,,,,
v3.1h-023,41112691,Lisinopril and spironolactone interaction hyperkalemia risk,"Risk Factors Associated with Thrombus Development Following Pharmacologic Anticoagulation Reversal with Coagulation Factor Xa [Recombinant], Inactivated-zhzo.","Risk Factors Associated with Thrombus Development Following Pharmacologic Anticoagulation Reversal with Coagulation Factor Xa [Recombinant], Inactivated-zhzo.",,,,,,
v3.1h-023,41278442,Lisinopril and spironolactone interaction hyperkalemia risk,Pharmacological management of major complications following left ventricular assist device implantation in type 2 diabetes mellitus.,Pharmacological management of major complications following left ventricular assist device implantation in type 2 diabetes mellitus.,,,,,,
v3.1h-023,41840835,Lisinopril and spironolactone interaction hyperkalemia risk,Signal detection of drug-induced esophageal ulcer across 20 years of real-world study: Focus on 49 high-risk medicines.,Signal detection of drug-induced esophageal ulcer across 20 years of real-world study: Focus on 49 high-risk medicines.,,,,,,
v3.1h-023,42483729,Lisinopril and spironolactone interaction hyperkalemia risk,"Once-Nightly Pregabalin for Co-Occurring Nightmares, Poor Sleep, and Headaches: A Case Series.","Once-Nightly Pregabalin for Co-Occurring Nightmares, Poor Sleep, and Headaches: A Case Series.",,,,,,
v3.1h-023,42682722,Lisinopril and spironolactone interaction hyperkalemia risk,"PRO/CON debate: nonsteroidal versus steroidal mineralocorticoid receptor antagonists in chronic kidney disease: progress, pragmatism, and remaining uncertainties.","PRO/CON debate: nonsteroidal versus steroidal mineralocorticoid receptor antagonists in chronic kidney disease: progress, pragmatism, and remaining uncertainties.",,,,,,
v3.1h-023,41833262,Lisinopril and spironolactone interaction hyperkalemia risk,Pearls and Pitfalls for the Emergency Clinician: Beta Blocker and Calcium Channel Blocker Toxicity.,Pearls and Pitfalls for the Emergency Clinician: Beta Blocker and Calcium Channel Blocker Toxicity.,,,,,,
v3.1h-023,42662112,Lisinopril and spironolactone interaction hyperkalemia risk,A Comparative Study to Evaluate the Renoprotective Effect of Antidiabetic Drugs in Patients With Type 2 Diabetes Mellitus.,A Comparative Study to Evaluate the Renoprotective Effect of Antidiabetic Drugs in Patients With Type 2 Diabetes Mellitus.,,,,,,
v3.1h-023,41100334,Lisinopril and spironolactone interaction hyperkalemia risk,Review of Safety and Efficacy of Polmacoxib: A Novel Dual Inhibitor of Cyclo-oxygenase 2 and Carbonic Anhydrase in Osteoarthritis and Acute Painful Conditions.,Review of Safety and Efficacy of Polmacoxib: A Novel Dual Inhibitor of Cyclo-oxygenase 2 and Carbonic Anhydrase in Osteoarthritis and Acute Painful Conditions.,,,,,,
v3.1h-023,42055120,Lisinopril and spironolactone interaction hyperkalemia risk,"Impact of Fluoxetine Brain Concentrations, Plasma Exposure, and Neurometabolism on Depressive and Anxiety Symptoms in Adolescents: A Multimodal Fluorine and Proton Magnetic Resonance Spectroscopy Study.","Impact of Fluoxetine Brain Concentrations, Plasma Exposure, and Neurometabolism on Depressive and Anxiety Symptoms in Adolescents: A Multimodal Fluorine and Proton Magnetic Resonance Spectroscopy Study.",,,,,,
v3.1h-023,42481856,Lisinopril and spironolactone interaction hyperkalemia risk,Integrating Clinical Evidence with PBPK Modeling to Assess PPI-Clopidogrel-CYP2C19 Interactions in Chinese ACS Patients.,Integrating Clinical Evidence with PBPK Modeling to Assess PPI-Clopidogrel-CYP2C19 Interactions in Chinese ACS Patients.,,,,,,
v3.1h-023,42413824,Lisinopril and spironolactone interaction hyperkalemia risk,Direct oral anticoagulant use and drug-drug interactions in transplant recipients receiving calcineurin inhibitors.,Direct oral anticoagulant use and drug-drug interactions in transplant recipients receiving calcineurin inhibitors.,,,,,,
v3.1h-023,42671218,Lisinopril and spironolactone interaction hyperkalemia risk,Protective Effects of Luteolin Against Cisplatin-Induced Hepatic and Renal Toxicity: Biochemical and Cellular Evidence.,Protective Effects of Luteolin Against Cisplatin-Induced Hepatic and Renal Toxicity: Biochemical and Cellular Evidence.,,,,,,
v3.1h-023,42364820,Lisinopril and spironolactone interaction hyperkalemia risk,Finerenone: a next-generation nonsteroidal mineralocorticoid receptor antagonist reshaping the management of cardiovascular and metabolic diseases.,Finerenone: a next-generation nonsteroidal mineralocorticoid receptor antagonist reshaping the management of cardiovascular and metabolic diseases.,,,,,,
v3.1h-023,28520381,Lisinopril and spironolactone interaction hyperkalemia risk,Metoprolol Therapy and CYP2D6 Genotype.,Metoprolol Therapy and CYP2D6 Genotype.,,,,,,
v3.1h-023,42294746,Lisinopril and spironolactone interaction hyperkalemia risk,[Which aldosterone antagonist? Choosing between sprionolactone and the novel drug finerenone].,[Which aldosterone antagonist? Choosing between sprionolactone and the novel drug finerenone].,,,,,,
v3.1h-023,28520369,Lisinopril and spironolactone interaction hyperkalemia risk,Celecoxib Therapy and CYP2C9 Genotype.,Celecoxib Therapy and CYP2C9 Genotype.,,,,,,
v3.1h-046,42595240,Idiosyncratic drug induced liver injury mechanisms,Xenobiotic-Induced Liver Injury in the United States: A 25-Year Retrospective Analysis of National Poison Data System.,Xenobiotic-Induced Liver Injury in the United States: A 25-Year Retrospective Analysis of National Poison Data System.,,,,,,
v3.1h-046,42631638,Idiosyncratic drug induced liver injury mechanisms,Diallyl trisulfide ameliorates acetaminophen-induced acute liver injury through the oxidative modification of CYP2E1 cysteine residues.,Diallyl trisulfide ameliorates acetaminophen-induced acute liver injury through the oxidative modification of CYP2E1 cysteine residues.,,,,,,
v3.1h-046,42573610,Idiosyncratic drug induced liver injury mechanisms,Paracetamol-induced hepatic injury following intentional self-poisoning: a case report and therapeutic considerations.,Paracetamol-induced hepatic injury following intentional self-poisoning: a case report and therapeutic considerations.,,,,,,
v3.1h-046,42638417,Idiosyncratic drug induced liver injury mechanisms,The Bacterial Metabolite Lndole-3-Propionic Acid Alleviates Acetaminophen-Induced Acute Liver Injury Partly through the Aryl Hydrocarbon Receptor Pathway.,The Bacterial Metabolite Lndole-3-Propionic Acid Alleviates Acetaminophen-Induced Acute Liver Injury Partly through the Aryl Hydrocarbon Receptor Pathway.,,,,,,
v3.1h-046,40988289,Idiosyncratic drug induced liver injury mechanisms,Drug-drug interactions: A descriptive analysis of FDA adverse event reporting system.,Drug-drug interactions: A descriptive analysis of FDA adverse event reporting system.,,,,,,
v3.1h-046,42528583,Idiosyncratic drug induced liver injury mechanisms,Amiodarone-induced granulomatous lung injury mimicking organizing pneumonia: a case report.,Amiodarone-induced granulomatous lung injury mimicking organizing pneumonia: a case report.,,,,,,
v3.1h-046,42678243,Idiosyncratic drug induced liver injury mechanisms,MSCs overexpressing FGF21 alleviate acetaminophen-induced acute liver injury by eliciting macrophage-mediated phagocytosis.,MSCs overexpressing FGF21 alleviate acetaminophen-induced acute liver injury by eliciting macrophage-mediated phagocytosis.,,,,,,
v3.1h-046,42192153,Idiosyncratic drug induced liver injury mechanisms,Folic acid attenuates maternal sertraline-induced hepatic injury in rat offspring.,Folic acid attenuates maternal sertraline-induced hepatic injury in rat offspring.,,,,,,
v3.1h-046,42413824,Idiosyncratic drug induced liver injury mechanisms,Direct oral anticoagulant use and drug-drug interactions in transplant recipients receiving calcineurin inhibitors.,Direct oral anticoagulant use and drug-drug interactions in transplant recipients receiving calcineurin inhibitors.,,,,,,
v3.1h-046,42466914,Idiosyncratic drug induced liver injury mechanisms,Amiodarone-induced pulmonary toxicity: case series and review of clinical-radiological correlations.,Amiodarone-induced pulmonary toxicity: case series and review of clinical-radiological correlations.,,,,,,
v3.1h-046,38832136,Idiosyncratic drug induced liver injury mechanisms,From pill to pain: Alendronate-induced esophageal injury-A case report and review.,From pill to pain: Alendronate-induced esophageal injury-A case report and review.,,,,,,
v3.1h-046,42429832,Idiosyncratic drug induced liver injury mechanisms,Current perspectives on natural and pharmacological interventions for combating drug-induced pulmonary toxicity.,Current perspectives on natural and pharmacological interventions for combating drug-induced pulmonary toxicity.,,,,,,
v3.1h-046,38053572,Idiosyncratic drug induced liver injury mechanisms,Nephroprotective effects of diminazene on doxorubicin-induced acute kidney injury in rats.,Nephroprotective effects of diminazene on doxorubicin-induced acute kidney injury in rats.,,,,,,
v3.1h-046,41808861,Idiosyncratic drug induced liver injury mechanisms,Network toxicology reveals key genes of amiodarone induced pulmonary fibrosis: based on machine learning and SHAP analysis.,Network toxicology reveals key genes of amiodarone induced pulmonary fibrosis: based on machine learning and SHAP analysis.,,,,,,
v3.1h-046,42665174,Idiosyncratic drug induced liver injury mechanisms,Acetaminophen-induced developmental neurobehavioral and sensory organ toxicity in zebrafish.,Acetaminophen-induced developmental neurobehavioral and sensory organ toxicity in zebrafish.,,,,,,
v3.1h-046,42590087,Idiosyncratic drug induced liver injury mechanisms,"Digoxin Dosing Errors, Drug Interactions and Off-Label Risks: Insights from an EudraVigilance Disproportionality Analysis.","Digoxin Dosing Errors, Drug Interactions and Off-Label Risks: Insights from an EudraVigilance Disproportionality Analysis.",,,,,,
v3.1h-046,42652369,Idiosyncratic drug induced liver injury mechanisms,"Shifting Public Interest in Liver Health, Hepatotoxic Medications, and Dietary Supplements in Kazakhstan: A Five-Year Google Trends Infodemiology Study.","Shifting Public Interest in Liver Health, Hepatotoxic Medications, and Dietary Supplements in Kazakhstan: A Five-Year Google Trends Infodemiology Study.",,,,,,
v3.1h-046,38710058,Idiosyncratic drug induced liver injury mechanisms,"The Salutary Effects of Diminazene, Lisinopril or Valsartan on Cisplatin - Induced Acute Kidney Injury in Rats: A Comparative Study.","The Salutary Effects of Diminazene, Lisinopril or Valsartan on Cisplatin - Induced Acute Kidney Injury in Rats: A Comparative Study.",,,,,,
v3.1h-046,41840835,Idiosyncratic drug induced liver injury mechanisms,Signal detection of drug-induced esophageal ulcer across 20 years of real-world study: Focus on 49 high-risk medicines.,Signal detection of drug-induced esophageal ulcer across 20 years of real-world study: Focus on 49 high-risk medicines.,,,,,,
v3.1h-046,42586461,Idiosyncratic drug induced liver injury mechanisms,Pharmacogenomic and drug interactions risk in cardio-oncology: A precision medicine perspective for India.,Pharmacogenomic and drug interactions risk in cardio-oncology: A precision medicine perspective for India.,,,,,,
v3.1h-046,42662351,Idiosyncratic drug induced liver injury mechanisms,Sertraline-induced fetotoxicity in mice: Protective effects of vitamin E on foetal growth and organ histology.,Sertraline-induced fetotoxicity in mice: Protective effects of vitamin E on foetal growth and organ histology.,,,,,,
v3.1h-046,31583609,Idiosyncratic drug induced liver injury mechanisms,Physiologically Based Pharmacokinetic Modelling to Identify Pharmacokinetic Parameters Driving Drug Exposure Changes in the Elderly.,Physiologically Based Pharmacokinetic Modelling to Identify Pharmacokinetic Parameters Driving Drug Exposure Changes in the Elderly.,,,,,,
v3.1h-046,42489609,Idiosyncratic drug induced liver injury mechanisms,Cilostazol-Induced Digoxin Toxicity Presenting as Accelerated Idioventricular Rhythm and Recurrent Syncope.,Cilostazol-Induced Digoxin Toxicity Presenting as Accelerated Idioventricular Rhythm and Recurrent Syncope.,,,,,,
v3.1h-046,42670801,Idiosyncratic drug induced liver injury mechanisms,Therapeutic Potential of Nanocurcumin in Mitigating Duloxetine-Induced Hepatic Damage: Biochemical and Histopathological Insights.,Therapeutic Potential of Nanocurcumin in Mitigating Duloxetine-Induced Hepatic Damage: Biochemical and Histopathological Insights.,,,,,,
v3.1h-046,40825054,Idiosyncratic drug induced liver injury mechanisms,"Analysis of hemorrhagic transformation and intracerebral hemorrhage under combination therapy with alteplase and antiplatelets or anticoagulants, using the Japanese Adverse Drug Event Report database.","Analysis of hemorrhagic transformation and intracerebral hemorrhage under combination therapy with alteplase and antiplatelets or anticoagulants, using the Japanese Adverse Drug Event Report database.",,,,,,
v3.1h-046,42671218,Idiosyncratic drug induced liver injury mechanisms,Protective Effects of Luteolin Against Cisplatin-Induced Hepatic and Renal Toxicity: Biochemical and Cellular Evidence.,Protective Effects of Luteolin Against Cisplatin-Induced Hepatic and Renal Toxicity: Biochemical and Cellular Evidence.,,,,,,
v3.1h-046,42665114,Idiosyncratic drug induced liver injury mechanisms,Doxorubicin-induced Cardiotoxicity is Propagated by Paracrine Signaling through Small Extracellular Vesicles.,Doxorubicin-induced Cardiotoxicity is Propagated by Paracrine Signaling through Small Extracellular Vesicles.,,,,,,
v3.1h-046,40978465,Idiosyncratic drug induced liver injury mechanisms,Abnormal Ca(2+) handling and reduced I(to) contribute to citalopram-induced QT prolongation and cardiac arrhythmias.,Abnormal Ca(2+) handling and reduced I(to) contribute to citalopram-induced QT prolongation and cardiac arrhythmias.,,,,,,
v3.1h-046,42663925,Idiosyncratic drug induced liver injury mechanisms,Selective and Time-Dependent Alterations in Cytochrome P450 (CYP) Enzyme Activity and Expression by Major Phytocannabinoids.,Selective and Time-Dependent Alterations in Cytochrome P450 (CYP) Enzyme Activity and Expression by Major Phytocannabinoids.,,,,,,
v3.1h-046,42128899,Idiosyncratic drug induced liver injury mechanisms,Cilostazol mitigates amiodarone-induced pulmonary toxicity and fibrosis by regulating the cAMP/TGF-β1 pathway-mediated epithelial-to-mesenchymal transition in rats.,Cilostazol mitigates amiodarone-induced pulmonary toxicity and fibrosis by regulating the cAMP/TGF-β1 pathway-mediated epithelial-to-mesenchymal transition in rats.,,,,,,
v3.1h-046,42679743,Idiosyncratic drug induced liver injury mechanisms,Dual-response mitochondria-targeted fluorescent probe for Hypochlorous acid and viscosity: Applications in liver injury diagnosis and environmental monitoring.,Dual-response mitochondria-targeted fluorescent probe for Hypochlorous acid and viscosity: Applications in liver injury diagnosis and environmental monitoring.,,,,,,
v3.1h-046,42359186,Idiosyncratic drug induced liver injury mechanisms,Early-Onset Amiodarone Pulmonary Toxicity at a Standard Maintenance Dose Masquerading as Decompensated Heart Failure: A Case Report and Literature Review.,Early-Onset Amiodarone Pulmonary Toxicity at a Standard Maintenance Dose Masquerading as Decompensated Heart Failure: A Case Report and Literature Review.,,,,,,
v3.1h-046,42678242,Idiosyncratic drug induced liver injury mechanisms,Hepatoprotective effects of resolvin D1 in mice exposed to ethanol and galactosamine.,Hepatoprotective effects of resolvin D1 in mice exposed to ethanol and galactosamine.,,,,,,
v3.1h-046,42654146,Idiosyncratic drug induced liver injury mechanisms,Moxifloxacin-Mediated Downregulation of Intestinal P-Glycoprotein Alters the Pharmacokinetics of Dabigatran Etexilate: Mechanistic Insights in Rats and PBPK Model-Informed Dose Optimization.,Moxifloxacin-Mediated Downregulation of Intestinal P-Glycoprotein Alters the Pharmacokinetics of Dabigatran Etexilate: Mechanistic Insights in Rats and PBPK Model-Informed Dose Optimization.,,,,,,
v3.1h-046,42045358,Idiosyncratic drug induced liver injury mechanisms,Prevalence of drug-induced interstitial lung disease in Saudi Arabia: a real-world data study.,Prevalence of drug-induced interstitial lung disease in Saudi Arabia: a real-world data study.,,,,,,
v3.1h-046,41828566,Idiosyncratic drug induced liver injury mechanisms,"Integrating Network Toxicology, Machine Learning, and Molecular Dynamics to Explore the Molecular Network of Triclosan-Induced Acute Myocardial Infarction.","Integrating Network Toxicology, Machine Learning, and Molecular Dynamics to Explore the Molecular Network of Triclosan-Induced Acute Myocardial Infarction.",,,,,,
v3.1h-046,40149400,Idiosyncratic drug induced liver injury mechanisms,The Association Between Statin Drugs and Rhabdomyolysis: An Analysis of FDA Adverse Event Reporting System (FAERS) Data and Transcriptomic Profiles.,The Association Between Statin Drugs and Rhabdomyolysis: An Analysis of FDA Adverse Event Reporting System (FAERS) Data and Transcriptomic Profiles.,,,,,,
v3.1h-046,42662744,Idiosyncratic drug induced liver injury mechanisms,Perfluoroether Peptide-Modified Artificial Viral Capsid for Enhanced Doxorubicin Delivery to Liver Cancer Cells.,Perfluoroether Peptide-Modified Artificial Viral Capsid for Enhanced Doxorubicin Delivery to Liver Cancer Cells.,,,,,,
v3.1h-046,42580545,Idiosyncratic drug induced liver injury mechanisms,Non-steroidal anti-inflammatory drugs and CYP2C9 - Impacts of genetics and phenoconversion on the risk of adverse effects.,Non-steroidal anti-inflammatory drugs and CYP2C9 - Impacts of genetics and phenoconversion on the risk of adverse effects.,,,,,,
v3.1h-046,40771914,Idiosyncratic drug induced liver injury mechanisms,"Pharmacodynamics, pharmacokinetics, interactions with other drugs, toxicity and clinical effectiveness of proton pump inhibitors.","Pharmacodynamics, pharmacokinetics, interactions with other drugs, toxicity and clinical effectiveness of proton pump inhibitors.",,,,,,
v3.1h-046,42674100,Idiosyncratic drug induced liver injury mechanisms,Drug Repurposing Signals for Abdominal Aortic Aneurysms.,Drug Repurposing Signals for Abdominal Aortic Aneurysms.,,,,,,
v3.1h-046,42680287,Idiosyncratic drug induced liver injury mechanisms,Lipid-lowering and hepatoprotective effects of Ocimum sanctum L. (Thai holy basil) flower against MASLD and liver inflammation in rats.,Lipid-lowering and hepatoprotective effects of Ocimum sanctum L. (Thai holy basil) flower against MASLD and liver inflammation in rats.,,,,,,
v3.1h-046,42633086,Idiosyncratic drug induced liver injury mechanisms,Nivolumab after recurrent pembrolizumab-associated hepatotoxicity in PD-L1-high metastatic squamous non-small cell lung cancer: a case report.,Nivolumab after recurrent pembrolizumab-associated hepatotoxicity in PD-L1-high metastatic squamous non-small cell lung cancer: a case report.,,,,,,
v3.1h-046,42294746,Idiosyncratic drug induced liver injury mechanisms,[Which aldosterone antagonist? Choosing between sprionolactone and the novel drug finerenone].,[Which aldosterone antagonist? Choosing between sprionolactone and the novel drug finerenone].,,,,,,
v3.1h-046,42675227,Idiosyncratic drug induced liver injury mechanisms,Stevioside promotes hepatocyte proliferation via YAP signaling in cholestatic disease.,Stevioside promotes hepatocyte proliferation via YAP signaling in cholestatic disease.,,,,,,
v3.1h-046,42558881,Idiosyncratic drug induced liver injury mechanisms,Drug-associated psoriasis: a pharmacovigilance study based on the FAERS database.,Drug-associated psoriasis: a pharmacovigilance study based on the FAERS database.,,,,,,
v3.1h-046,42591558,Idiosyncratic drug induced liver injury mechanisms,Physiologically based pharmacokinetic modeling of fluconazole: interpretation of gender-dependent pharmacokinetics and cytochrome P450 inhibition.,Physiologically based pharmacokinetic modeling of fluconazole: interpretation of gender-dependent pharmacokinetics and cytochrome P450 inhibition.,,,,,,
v3.1h-046,42366387,Idiosyncratic drug induced liver injury mechanisms,Cannabidiol as an adjunct in refractory paroxysmal sympathetic hyperactivity following severe traumatic brain injury: a case report.,Cannabidiol as an adjunct in refractory paroxysmal sympathetic hyperactivity following severe traumatic brain injury: a case report.,,,,,,
v3.1h-046,42675994,Idiosyncratic drug induced liver injury mechanisms,"An Adaptive, Time-Informed, Phenotype-Guided Pharmacological Framework for Severe Traumatic Brain Injury : A Hypothesis-Driven Narrative Review.","An Adaptive, Time-Informed, Phenotype-Guided Pharmacological Framework for Severe Traumatic Brain Injury : A Hypothesis-Driven Narrative Review.",,,,,,
v3.1h-046,41077316,Idiosyncratic drug induced liver injury mechanisms,Metabolic enzyme-mediated pharmacokinetic and pharmacodynamic interactions between Danshen Yin and clopidogrel in normal and acute myocardial infarction rats.,Metabolic enzyme-mediated pharmacokinetic and pharmacodynamic interactions between Danshen Yin and clopidogrel in normal and acute myocardial infarction rats.,,,,,,
v3.1h-046,41839242,Idiosyncratic drug induced liver injury mechanisms,ABI3BP protects against cerebral ischemia-reperfusion injury by preserving blood-brain barrier integrity and activating PI3K/Akt signaling.,ABI3BP protects against cerebral ischemia-reperfusion injury by preserving blood-brain barrier integrity and activating PI3K/Akt signaling.,,,,,,
v3.1h-047,41766537,Risk of hyperkalemia in patients treated with spironolactone,Increased Risk of Ischemic Events in Patients With Stroke Treated With Clopidogrel and a P-CAB or PPI.,Increased Risk of Ischemic Events in Patients With Stroke Treated With Clopidogrel and a P-CAB or PPI.,,,,,,
v3.1h-047,42595037,Risk of hyperkalemia in patients treated with spironolactone,Evidence for the Use of Steroidal Aldosterone Antagonists in Patients With Kidney Failure.,Evidence for the Use of Steroidal Aldosterone Antagonists in Patients With Kidney Failure.,,,,,,
v3.1h-047,40910969,Risk of hyperkalemia in patients treated with spironolactone,The Risk of Breakthrough Cardiac Events Associated With Psychiatric Medications in Patients With Diagnosed and Clinically Treated Long QT Syndrome.,The Risk of Breakthrough Cardiac Events Associated With Psychiatric Medications in Patients With Diagnosed and Clinically Treated Long QT Syndrome.,,,,,,
v3.1h-047,42326111,Risk of hyperkalemia in patients treated with spironolactone,Lascufloxacin-Induced QT Prolongation in an Elderly Patient Treated With Escitalopram: A Case Report.,Lascufloxacin-Induced QT Prolongation in an Elderly Patient Treated With Escitalopram: A Case Report.,,,,,,
v3.1h-047,42462752,Risk of hyperkalemia in patients treated with spironolactone,Risk of fracture with gabapentinoid treatment in older adults: a multinational population-based study.,Risk of fracture with gabapentinoid treatment in older adults: a multinational population-based study.,,,,,,
v3.1h-047,32666144,Risk of hyperkalemia in patients treated with spironolactone,Upper gastrointestinal safety of oral bisphosphonate in hospitalized patients.,Upper gastrointestinal safety of oral bisphosphonate in hospitalized patients.,,,,,,
v3.1h-047,41061201,Risk of hyperkalemia in patients treated with spironolactone,Risk of Seizure Associated With Concomitant Use of Tramadol and Antidepressants in Older Nursing Home Residents.,Risk of Seizure Associated With Concomitant Use of Tramadol and Antidepressants in Older Nursing Home Residents.,,,,,,
v3.1h-047,42636576,Risk of hyperkalemia in patients treated with spironolactone,"Real-world variability and factors associated with individual low-density-lipoprotein cholesterol response to different doses of atorvastatin, rosuvastatin, and simvastatin in 28,647 Chinese patients.","Real-world variability and factors associated with individual low-density-lipoprotein cholesterol response to different doses of atorvastatin, rosuvastatin, and simvastatin in 28,647 Chinese patients.",,,,,,
v3.1h-047,42128628,Risk of hyperkalemia in patients treated with spironolactone,Comparative efficacy and safety of apixaban and rivaroxaban versus warfarin in atrial fibrillation patients with end-stage renal disease: a systematic review and meta-analysis.,Comparative efficacy and safety of apixaban and rivaroxaban versus warfarin in atrial fibrillation patients with end-stage renal disease: a systematic review and meta-analysis.,,,,,,
v3.1h-047,42662112,Risk of hyperkalemia in patients treated with spironolactone,A Comparative Study to Evaluate the Renoprotective Effect of Antidiabetic Drugs in Patients With Type 2 Diabetes Mellitus.,A Comparative Study to Evaluate the Renoprotective Effect of Antidiabetic Drugs in Patients With Type 2 Diabetes Mellitus.,,,,,,
v3.1h-047,42670520,Risk of hyperkalemia in patients treated with spironolactone,Younger Age is Associated with Treatment and Complication Outcomes Among Type 2 Diabetes Mellitus Patients in Kigali University Teaching Hospital.,Younger Age is Associated with Treatment and Complication Outcomes Among Type 2 Diabetes Mellitus Patients in Kigali University Teaching Hospital.,,,,,,
v3.1h-047,42546121,Risk of hyperkalemia in patients treated with spironolactone,Direct Oral Anticoagulants for Atrial Fibrillation in Patients Receiving Hemodialysis: A Review and Discussion of Evidence.,Direct Oral Anticoagulants for Atrial Fibrillation in Patients Receiving Hemodialysis: A Review and Discussion of Evidence.,,,,,,
v3.1h-047,27956102,Risk of hyperkalemia in patients treated with spironolactone,Pharyngolaryngeal ulcers associated with the improper use of alendronate.,Pharyngolaryngeal ulcers associated with the improper use of alendronate.,,,,,,
v3.1h-047,41818114,Risk of hyperkalemia in patients treated with spironolactone,Dabigatran-induced Gastrointestinal Bleed Treated by 4-factor Prothrombin Complex Concentrate in a Tertiary Care Hospital in Sikkim.,Dabigatran-induced Gastrointestinal Bleed Treated by 4-factor Prothrombin Complex Concentrate in a Tertiary Care Hospital in Sikkim.,,,,,,
v3.1h-047,37539955,Risk of hyperkalemia in patients treated with spironolactone,Interventions for chronic kidney disease in people with sickle cell disease.,Interventions for chronic kidney disease in people with sickle cell disease.,,,,,,
v3.1h-047,40915652,Risk of hyperkalemia in patients treated with spironolactone,Nonsteroidal Anti-Inflammatory Drugs and Risk of Gastrointestinal Bleeding: A Systematic Review and Meta-Analysis.,Nonsteroidal Anti-Inflammatory Drugs and Risk of Gastrointestinal Bleeding: A Systematic Review and Meta-Analysis.,,,,,,
v3.1h-047,42658230,Risk of hyperkalemia in patients treated with spironolactone,Supratherapeutic Digoxin Levels in Children with Cardiac Disease.,Supratherapeutic Digoxin Levels in Children with Cardiac Disease.,,,,,,
v3.1h-047,41347947,Risk of hyperkalemia in patients treated with spironolactone,"Navigating complementary and alternative medicine use, medication adherence, and herb-drug interaction risks among gout patients: a multicenter cross-sectional study in indonesia.","Navigating complementary and alternative medicine use, medication adherence, and herb-drug interaction risks among gout patients: a multicenter cross-sectional study in indonesia.",,,,,,
v3.1h-047,41225655,Risk of hyperkalemia in patients treated with spironolactone,TNF-α inhibitor etanercept improves cerebrovascular function in elderly RA patients: findings from a randomized controlled trial.,TNF-α inhibitor etanercept improves cerebrovascular function in elderly RA patients: findings from a randomized controlled trial.,,,,,,
v3.1h-047,40618353,Risk of hyperkalemia in patients treated with spironolactone,[Management of emergencies in direct oral anticoagulant-treated patients: practice pearls].,[Management of emergencies in direct oral anticoagulant-treated patients: practice pearls].,,,,,,
v3.1h-047,42128899,Risk of hyperkalemia in patients treated with spironolactone,Cilostazol mitigates amiodarone-induced pulmonary toxicity and fibrosis by regulating the cAMP/TGF-β1 pathway-mediated epithelial-to-mesenchymal transition in rats.,Cilostazol mitigates amiodarone-induced pulmonary toxicity and fibrosis by regulating the cAMP/TGF-β1 pathway-mediated epithelial-to-mesenchymal transition in rats.,,,,,,
v3.1h-047,42663261,Risk of hyperkalemia in patients treated with spironolactone,"Clinical outcomes of ""massive"" acetaminophen overdose treated with standard vs. augmented dose acetylcysteine.","Clinical outcomes of ""massive"" acetaminophen overdose treated with standard vs. augmented dose acetylcysteine.",,,,,,
v3.1h-047,42087312,Risk of hyperkalemia in patients treated with spironolactone,Anticoagulation in Patients With Gastrointestinal Disease.,Anticoagulation in Patients With Gastrointestinal Disease.,,,,,,
v3.1h-047,41278442,Risk of hyperkalemia in patients treated with spironolactone,Pharmacological management of major complications following left ventricular assist device implantation in type 2 diabetes mellitus.,Pharmacological management of major complications following left ventricular assist device implantation in type 2 diabetes mellitus.,,,,,,
v3.1h-047,42637515,Risk of hyperkalemia in patients treated with spironolactone,An uncommon side effect of statins: perioral neuropathic symptoms.,An uncommon side effect of statins: perioral neuropathic symptoms.,,,,,,
v3.1h-047,42682722,Risk of hyperkalemia in patients treated with spironolactone,"PRO/CON debate: nonsteroidal versus steroidal mineralocorticoid receptor antagonists in chronic kidney disease: progress, pragmatism, and remaining uncertainties.","PRO/CON debate: nonsteroidal versus steroidal mineralocorticoid receptor antagonists in chronic kidney disease: progress, pragmatism, and remaining uncertainties.",,,,,,
v3.1h-047,30626809,Risk of hyperkalemia in patients treated with spironolactone,Symptoms and Upper Gastrointestinal Mucosal Injury Associated with Bisphosphonate Therapy.,Symptoms and Upper Gastrointestinal Mucosal Injury Associated with Bisphosphonate Therapy.,,,,,,
v3.1h-047,40272900,Risk of hyperkalemia in patients treated with spironolactone,In vitro seizure risk assessment using a microelectrode array and comparison with an in vivo rat study.,In vitro seizure risk assessment using a microelectrode array and comparison with an in vivo rat study.,,,,,,
v3.1h-047,42489609,Risk of hyperkalemia in patients treated with spironolactone,Cilostazol-Induced Digoxin Toxicity Presenting as Accelerated Idioventricular Rhythm and Recurrent Syncope.,Cilostazol-Induced Digoxin Toxicity Presenting as Accelerated Idioventricular Rhythm and Recurrent Syncope.,,,,,,
v3.1h-047,40289797,Risk of hyperkalemia in patients treated with spironolactone,Association of Biomarkers With Intracerebral Hematoma Expansion and Arterial Thromboembolic Events in Patients With Acute Intracranial Hemorrhage: The ANNEXA-I Biomarker Substudy.,Association of Biomarkers With Intracerebral Hematoma Expansion and Arterial Thromboembolic Events in Patients With Acute Intracranial Hemorrhage: The ANNEXA-I Biomarker Substudy.,,,,,,
v3.1h-047,41112691,Risk of hyperkalemia in patients treated with spironolactone,"Risk Factors Associated with Thrombus Development Following Pharmacologic Anticoagulation Reversal with Coagulation Factor Xa [Recombinant], Inactivated-zhzo.","Risk Factors Associated with Thrombus Development Following Pharmacologic Anticoagulation Reversal with Coagulation Factor Xa [Recombinant], Inactivated-zhzo.",,,,,,
v3.1h-047,42481856,Risk of hyperkalemia in patients treated with spironolactone,Integrating Clinical Evidence with PBPK Modeling to Assess PPI-Clopidogrel-CYP2C19 Interactions in Chinese ACS Patients.,Integrating Clinical Evidence with PBPK Modeling to Assess PPI-Clopidogrel-CYP2C19 Interactions in Chinese ACS Patients.,,,,,,
v3.1h-047,40978465,Risk of hyperkalemia in patients treated with spironolactone,Abnormal Ca(2+) handling and reduced I(to) contribute to citalopram-induced QT prolongation and cardiac arrhythmias.,Abnormal Ca(2+) handling and reduced I(to) contribute to citalopram-induced QT prolongation and cardiac arrhythmias.,,,,,,
v3.1h-047,42436620,Risk of hyperkalemia in patients treated with spironolactone,Research on drug interactions and efficacy optimization of combined medication for elderly patients with ischemic cerebrovascular disease in Guangxi Zhuang Autonomous Region.,Research on drug interactions and efficacy optimization of combined medication for elderly patients with ischemic cerebrovascular disease in Guangxi Zhuang Autonomous Region.,,,,,,
v3.1h-047,42670022,Risk of hyperkalemia in patients treated with spironolactone,Apixaban Dose Selection in Kidney Failure: Reconciling Pharmacokinetics and Clinical Outcomes.,Apixaban Dose Selection in Kidney Failure: Reconciling Pharmacokinetics and Clinical Outcomes.,,,,,,
v3.1h-047,39430173,Risk of hyperkalemia in patients treated with spironolactone,Prospective Trial on the Pharmacokinetics of Clopidogrel in Hemodialysis Patients.,Prospective Trial on the Pharmacokinetics of Clopidogrel in Hemodialysis Patients.,,,,,,
v3.1h-047,40149400,Risk of hyperkalemia in patients treated with spironolactone,The Association Between Statin Drugs and Rhabdomyolysis: An Analysis of FDA Adverse Event Reporting System (FAERS) Data and Transcriptomic Profiles.,The Association Between Statin Drugs and Rhabdomyolysis: An Analysis of FDA Adverse Event Reporting System (FAERS) Data and Transcriptomic Profiles.,,,,,,
v3.1h-047,41004670,Risk of hyperkalemia in patients treated with spironolactone,"Correlation Between Escitalopram, Sertraline, and Fluoxetine Serum Levels and QTc Interval Prolongation in Children and Adolescents.","Correlation Between Escitalopram, Sertraline, and Fluoxetine Serum Levels and QTc Interval Prolongation in Children and Adolescents.",,,,,,
v3.1h-047,42584699,Risk of hyperkalemia in patients treated with spironolactone,"The ""obesity paradox"" in dosing: a comprehensive analytical review of cockcroft-gault versus CKD-EPI for predicting clearance of narrow-therapeutic-index drugs in patients with BMI > 40 kg/m².","The ""obesity paradox"" in dosing: a comprehensive analytical review of cockcroft-gault versus CKD-EPI for predicting clearance of narrow-therapeutic-index drugs in patients with BMI > 40 kg/m².",,,,,,
v3.1h-047,42364820,Risk of hyperkalemia in patients treated with spironolactone,Finerenone: a next-generation nonsteroidal mineralocorticoid receptor antagonist reshaping the management of cardiovascular and metabolic diseases.,Finerenone: a next-generation nonsteroidal mineralocorticoid receptor antagonist reshaping the management of cardiovascular and metabolic diseases.,,,,,,
v3.1h-047,38710058,Risk of hyperkalemia in patients treated with spironolactone,"The Salutary Effects of Diminazene, Lisinopril or Valsartan on Cisplatin - Induced Acute Kidney Injury in Rats: A Comparative Study.","The Salutary Effects of Diminazene, Lisinopril or Valsartan on Cisplatin - Induced Acute Kidney Injury in Rats: A Comparative Study.",,,,,,
v3.1h-047,40242084,Risk of hyperkalemia in patients treated with spironolactone,Tramadol use and risk of seizure: A report of two cases and a review of recent literature.,Tramadol use and risk of seizure: A report of two cases and a review of recent literature.,,,,,,
v3.1h-047,42121128,Risk of hyperkalemia in patients treated with spironolactone,Evaluation of drugs and risk factors requiring therapeutic drug monitoring in the Neonatal Intensive Care Unit: a retrospective study.,Evaluation of drugs and risk factors requiring therapeutic drug monitoring in the Neonatal Intensive Care Unit: a retrospective study.,,,,,,
v3.1h-047,42666103,Risk of hyperkalemia in patients treated with spironolactone,Clinical relevance of pharmacogenomic information for improving prescribing practices in acutely admitted older medical patients.,Clinical relevance of pharmacogenomic information for improving prescribing practices in acutely admitted older medical patients.,,,,,,
v3.1h-047,42647942,Risk of hyperkalemia in patients treated with spironolactone,Use of Corrected QT Cutoffs Derived from Biological Variation to Predict Adverse Events Due to Antipsychotic Drugs: Case Report.,Use of Corrected QT Cutoffs Derived from Biological Variation to Predict Adverse Events Due to Antipsychotic Drugs: Case Report.,,,,,,
v3.1h-047,42586461,Risk of hyperkalemia in patients treated with spironolactone,Pharmacogenomic and drug interactions risk in cardio-oncology: A precision medicine perspective for India.,Pharmacogenomic and drug interactions risk in cardio-oncology: A precision medicine perspective for India.,,,,,,
v3.1h-047,40198642,Risk of hyperkalemia in patients treated with spironolactone,Impact of Ginkgo biloba drug interactions on bleeding risk and coagulation profiles: A comprehensive analysis.,Impact of Ginkgo biloba drug interactions on bleeding risk and coagulation profiles: A comprehensive analysis.,,,,,,
v3.1h-047,42458467,Risk of hyperkalemia in patients treated with spironolactone,"Use of prescription medications potentially harmful during pregnancy among women of reproductive age by pregnancy status and contraceptive use in the United States, 2009-2020.","Use of prescription medications potentially harmful during pregnancy among women of reproductive age by pregnancy status and contraceptive use in the United States, 2009-2020.",,,,,,
v3.1h-047,42483729,Risk of hyperkalemia in patients treated with spironolactone,"Once-Nightly Pregabalin for Co-Occurring Nightmares, Poor Sleep, and Headaches: A Case Series.","Once-Nightly Pregabalin for Co-Occurring Nightmares, Poor Sleep, and Headaches: A Case Series.",,,,,,
v3.1h-047,42580545,Risk of hyperkalemia in patients treated with spironolactone,Non-steroidal anti-inflammatory drugs and CYP2C9 - Impacts of genetics and phenoconversion on the risk of adverse effects.,Non-steroidal anti-inflammatory drugs and CYP2C9 - Impacts of genetics and phenoconversion on the risk of adverse effects.,,,,,,
v3.1h-047,33777146,Risk of hyperkalemia in patients treated with spironolactone,Severe Oral Mucosal Ulceration Associated with Oral Bisphosphonate Use: The Importance of Imparting Proper Instructions on Medication Administration and Intake.,Severe Oral Mucosal Ulceration Associated with Oral Bisphosphonate Use: The Importance of Imparting Proper Instructions on Medication Administration and Intake.,,,,,,
v3.1h-047,42522519,Risk of hyperkalemia in patients treated with spironolactone,Examining the safety of dermatological and surgical procedures in patients undergoing systemic isotretinoin therapy: An updated review.,Examining the safety of dermatological and surgical procedures in patients undergoing systemic isotretinoin therapy: An updated review.,,,,,,
v3.1h-047,41397500,Risk of hyperkalemia in patients treated with spironolactone,Exploring the link between antipsychotic and antidepressant use and severe QT prolongation: Impacts on ventricular arrhythmias and sudden cardiac death.,Exploring the link between antipsychotic and antidepressant use and severe QT prolongation: Impacts on ventricular arrhythmias and sudden cardiac death.,,,,,,
v3.1h-066,37539955,Metformin contraindication in severe renal disease,Interventions for chronic kidney disease in people with sickle cell disease.,Interventions for chronic kidney disease in people with sickle cell disease.,,,,,,
v3.1h-066,42128628,Metformin contraindication in severe renal disease,Comparative efficacy and safety of apixaban and rivaroxaban versus warfarin in atrial fibrillation patients with end-stage renal disease: a systematic review and meta-analysis.,Comparative efficacy and safety of apixaban and rivaroxaban versus warfarin in atrial fibrillation patients with end-stage renal disease: a systematic review and meta-analysis.,,,,,,
v3.1h-066,42159622,Metformin contraindication in severe renal disease,The hidden impact of renal impairment on ribociclib exposure and co-medications: a case report.,The hidden impact of renal impairment on ribociclib exposure and co-medications: a case report.,,,,,,
v3.1h-066,29262813,Metformin contraindication in severe renal disease,Renoprotective RAAS inhibition does not affect the association between worse renal function and higher plasma aldosterone levels.,Renoprotective RAAS inhibition does not affect the association between worse renal function and higher plasma aldosterone levels.,,,,,,
v3.1h-066,42216360,Metformin contraindication in severe renal disease,Real-world off-label apixaban dosing and clinical outcomes in patients with heart failure and end-stage kidney disease.,Real-world off-label apixaban dosing and clinical outcomes in patients with heart failure and end-stage kidney disease.,,,,,,
v3.1h-066,36300543,Metformin contraindication in severe renal disease,"The effect of diminazene, an angiotensin-converting enzyme 2 activator, on adenine-induced chronic kidney disease in rats.","The effect of diminazene, an angiotensin-converting enzyme 2 activator, on adenine-induced chronic kidney disease in rats.",,,,,,
v3.1h-066,42682722,Metformin contraindication in severe renal disease,"PRO/CON debate: nonsteroidal versus steroidal mineralocorticoid receptor antagonists in chronic kidney disease: progress, pragmatism, and remaining uncertainties.","PRO/CON debate: nonsteroidal versus steroidal mineralocorticoid receptor antagonists in chronic kidney disease: progress, pragmatism, and remaining uncertainties.",,,,,,
v3.1h-066,42087312,Metformin contraindication in severe renal disease,Anticoagulation in Patients With Gastrointestinal Disease.,Anticoagulation in Patients With Gastrointestinal Disease.,,,,,,
v3.1h-066,42628776,Metformin contraindication in severe renal disease,Differentiating hepatic and renal toxicity reveals CYP-independent mechanisms of acetaminophen-induced acute kidney injury.,Differentiating hepatic and renal toxicity reveals CYP-independent mechanisms of acetaminophen-induced acute kidney injury.,,,,,,
v3.1h-066,42671218,Metformin contraindication in severe renal disease,Protective Effects of Luteolin Against Cisplatin-Induced Hepatic and Renal Toxicity: Biochemical and Cellular Evidence.,Protective Effects of Luteolin Against Cisplatin-Induced Hepatic and Renal Toxicity: Biochemical and Cellular Evidence.,,,,,,
v3.1h-066,42374912,Metformin contraindication in severe renal disease,Risk of Hyperkalemia in Patients with Heart Failure Treated with Spironolactone in Combination with Sacubitril/Valsartan vs. Renin-Angiotensin System Inhibitors.,Risk of Hyperkalemia in Patients with Heart Failure Treated with Spironolactone in Combination with Sacubitril/Valsartan vs. Renin-Angiotensin System Inhibitors.,,,,,,
v3.1h-066,33777146,Metformin contraindication in severe renal disease,Severe Oral Mucosal Ulceration Associated with Oral Bisphosphonate Use: The Importance of Imparting Proper Instructions on Medication Administration and Intake.,Severe Oral Mucosal Ulceration Associated with Oral Bisphosphonate Use: The Importance of Imparting Proper Instructions on Medication Administration and Intake.,,,,,,
v3.1h-066,41846702,Metformin contraindication in severe renal disease,Acute Myocardial Infarction Secondary to Triple Vessel Coronary Artery Disease in a 31-year-old Female with Systemic Lupus Erythematosus: Case Report and Review of Literature.,Acute Myocardial Infarction Secondary to Triple Vessel Coronary Artery Disease in a 31-year-old Female with Systemic Lupus Erythematosus: Case Report and Review of Literature.,,,,,,
v3.1h-066,42045358,Metformin contraindication in severe renal disease,Prevalence of drug-induced interstitial lung disease in Saudi Arabia: a real-world data study.,Prevalence of drug-induced interstitial lung disease in Saudi Arabia: a real-world data study.,,,,,,
v3.1h-066,42595037,Metformin contraindication in severe renal disease,Evidence for the Use of Steroidal Aldosterone Antagonists in Patients With Kidney Failure.,Evidence for the Use of Steroidal Aldosterone Antagonists in Patients With Kidney Failure.,,,,,,
v3.1h-066,42584699,Metformin contraindication in severe renal disease,"The ""obesity paradox"" in dosing: a comprehensive analytical review of cockcroft-gault versus CKD-EPI for predicting clearance of narrow-therapeutic-index drugs in patients with BMI > 40 kg/m².","The ""obesity paradox"" in dosing: a comprehensive analytical review of cockcroft-gault versus CKD-EPI for predicting clearance of narrow-therapeutic-index drugs in patients with BMI > 40 kg/m².",,,,,,
v3.1h-066,38053572,Metformin contraindication in severe renal disease,Nephroprotective effects of diminazene on doxorubicin-induced acute kidney injury in rats.,Nephroprotective effects of diminazene on doxorubicin-induced acute kidney injury in rats.,,,,,,
v3.1h-066,42125454,Metformin contraindication in severe renal disease,Milnacipran continuation during pregnancy in a patient with severe post-traumatic stress disorder and psychotic depression: a case report with 3-year pediatric follow-up.,Milnacipran continuation during pregnancy in a patient with severe post-traumatic stress disorder and psychotic depression: a case report with 3-year pediatric follow-up.,,,,,,
v3.1h-066,41397500,Metformin contraindication in severe renal disease,Exploring the link between antipsychotic and antidepressant use and severe QT prolongation: Impacts on ventricular arrhythmias and sudden cardiac death.,Exploring the link between antipsychotic and antidepressant use and severe QT prolongation: Impacts on ventricular arrhythmias and sudden cardiac death.,,,,,,
v3.1h-066,40406172,Metformin contraindication in severe renal disease,Digoxin for Fetal Tachyarrhythmia: Toxicity in an Underweight Mother.,Digoxin for Fetal Tachyarrhythmia: Toxicity in an Underweight Mother.,,,,,,
v3.1h-066,42192153,Metformin contraindication in severe renal disease,Folic acid attenuates maternal sertraline-induced hepatic injury in rat offspring.,Folic acid attenuates maternal sertraline-induced hepatic injury in rat offspring.,,,,,,
v3.1h-066,42448258,Metformin contraindication in severe renal disease,Anticoagulant Regimen for Nonvalvular Atrial Fibrillation in the Elderly and Frail Population.,Anticoagulant Regimen for Nonvalvular Atrial Fibrillation in the Elderly and Frail Population.,,,,,,
v3.1h-066,42662112,Metformin contraindication in severe renal disease,A Comparative Study to Evaluate the Renoprotective Effect of Antidiabetic Drugs in Patients With Type 2 Diabetes Mellitus.,A Comparative Study to Evaluate the Renoprotective Effect of Antidiabetic Drugs in Patients With Type 2 Diabetes Mellitus.,,,,,,
v3.1h-066,38710058,Metformin contraindication in severe renal disease,"The Salutary Effects of Diminazene, Lisinopril or Valsartan on Cisplatin - Induced Acute Kidney Injury in Rats: A Comparative Study.","The Salutary Effects of Diminazene, Lisinopril or Valsartan on Cisplatin - Induced Acute Kidney Injury in Rats: A Comparative Study.",,,,,,
v3.1h-066,42658230,Metformin contraindication in severe renal disease,Supratherapeutic Digoxin Levels in Children with Cardiac Disease.,Supratherapeutic Digoxin Levels in Children with Cardiac Disease.,,,,,,
v3.1h-066,41278442,Metformin contraindication in severe renal disease,Pharmacological management of major complications following left ventricular assist device implantation in type 2 diabetes mellitus.,Pharmacological management of major complications following left ventricular assist device implantation in type 2 diabetes mellitus.,,,,,,
v3.1h-066,42675227,Metformin contraindication in severe renal disease,Stevioside promotes hepatocyte proliferation via YAP signaling in cholestatic disease.,Stevioside promotes hepatocyte proliferation via YAP signaling in cholestatic disease.,,,,,,
v3.1h-066,42366387,Metformin contraindication in severe renal disease,Cannabidiol as an adjunct in refractory paroxysmal sympathetic hyperactivity following severe traumatic brain injury: a case report.,Cannabidiol as an adjunct in refractory paroxysmal sympathetic hyperactivity following severe traumatic brain injury: a case report.,,,,,,
v3.1h-066,42675994,Metformin contraindication in severe renal disease,"An Adaptive, Time-Informed, Phenotype-Guided Pharmacological Framework for Severe Traumatic Brain Injury : A Hypothesis-Driven Narrative Review.","An Adaptive, Time-Informed, Phenotype-Guided Pharmacological Framework for Severe Traumatic Brain Injury : A Hypothesis-Driven Narrative Review.",,,,,,
v3.1h-066,42546121,Metformin contraindication in severe renal disease,Direct Oral Anticoagulants for Atrial Fibrillation in Patients Receiving Hemodialysis: A Review and Discussion of Evidence.,Direct Oral Anticoagulants for Atrial Fibrillation in Patients Receiving Hemodialysis: A Review and Discussion of Evidence.,,,,,,
v3.1h-066,42436620,Metformin contraindication in severe renal disease,Research on drug interactions and efficacy optimization of combined medication for elderly patients with ischemic cerebrovascular disease in Guangxi Zhuang Autonomous Region.,Research on drug interactions and efficacy optimization of combined medication for elderly patients with ischemic cerebrovascular disease in Guangxi Zhuang Autonomous Region.,,,,,,
v3.1h-066,41347947,Metformin contraindication in severe renal disease,"Navigating complementary and alternative medicine use, medication adherence, and herb-drug interaction risks among gout patients: a multicenter cross-sectional study in indonesia.","Navigating complementary and alternative medicine use, medication adherence, and herb-drug interaction risks among gout patients: a multicenter cross-sectional study in indonesia.",,,,,,
v3.1h-066,42679829,Metformin contraindication in severe renal disease,"Adolescent health across Asia Pacific, 2000-23: a systematic analysis for the Global Burden of Disease Study 2023.","Adolescent health across Asia Pacific, 2000-23: a systematic analysis for the Global Burden of Disease Study 2023.",,,,,,
v3.1h-066,42653071,Metformin contraindication in severe renal disease,Safety and Efficacy Assessment of Cannabis Plant Compared to Atorvastatin for Lipid Lowering in Diabetic and Obese Wistar Male Rats.,Safety and Efficacy Assessment of Cannabis Plant Compared to Atorvastatin for Lipid Lowering in Diabetic and Obese Wistar Male Rats.,,,,,,
v3.1h-066,42637515,Metformin contraindication in severe renal disease,An uncommon side effect of statins: perioral neuropathic symptoms.,An uncommon side effect of statins: perioral neuropathic symptoms.,,,,,,
v3.1h-066,41406988,Metformin contraindication in severe renal disease,Trends and variation in the use of andexanet alfa for the reversal of direct oral anticoagulants in NHS trusts in England.,Trends and variation in the use of andexanet alfa for the reversal of direct oral anticoagulants in NHS trusts in England.,,,,,,
v3.1h-066,42633086,Metformin contraindication in severe renal disease,Nivolumab after recurrent pembrolizumab-associated hepatotoxicity in PD-L1-high metastatic squamous non-small cell lung cancer: a case report.,Nivolumab after recurrent pembrolizumab-associated hepatotoxicity in PD-L1-high metastatic squamous non-small cell lung cancer: a case report.,,,,,,
v3.1h-066,42630019,Metformin contraindication in severe renal disease,Pharmacogenomics in Dentistry: From CYP-Mediated Drug Response to Precision Prescribing in Oral Healthcare.,Pharmacogenomics in Dentistry: From CYP-Mediated Drug Response to Precision Prescribing in Oral Healthcare.,,,,,,
v3.1h-066,42645604,Metformin contraindication in severe renal disease,"Berberine-associated lipid-inflammatory regulation in atherosclerosis: an integrative transcriptomic, single-cell, and in vivo study.","Berberine-associated lipid-inflammatory regulation in atherosclerosis: an integrative transcriptomic, single-cell, and in vivo study.",,,,,,
v3.1h-066,40272900,Metformin contraindication in severe renal disease,In vitro seizure risk assessment using a microelectrode array and comparison with an in vivo rat study.,In vitro seizure risk assessment using a microelectrode array and comparison with an in vivo rat study.,,,,,,
v3.1h-066,42364820,Metformin contraindication in severe renal disease,Finerenone: a next-generation nonsteroidal mineralocorticoid receptor antagonist reshaping the management of cardiovascular and metabolic diseases.,Finerenone: a next-generation nonsteroidal mineralocorticoid receptor antagonist reshaping the management of cardiovascular and metabolic diseases.,,,,,,
v3.1h-066,41818114,Metformin contraindication in severe renal disease,Dabigatran-induced Gastrointestinal Bleed Treated by 4-factor Prothrombin Complex Concentrate in a Tertiary Care Hospital in Sikkim.,Dabigatran-induced Gastrointestinal Bleed Treated by 4-factor Prothrombin Complex Concentrate in a Tertiary Care Hospital in Sikkim.,,,,,,
v3.1h-066,42499456,Metformin contraindication in severe renal disease,"Association of Proximal Tubule Secretion With Hyperkalemia Risk, Treatment Response, and Outcomes in Heart Failure With Preserved Ejection Fraction.","Association of Proximal Tubule Secretion With Hyperkalemia Risk, Treatment Response, and Outcomes in Heart Failure With Preserved Ejection Fraction.",,,,,,
v3.1h-066,41976898,Metformin contraindication in severe renal disease,Anticoagulation Stewardship Program in the DOAC Era.,Anticoagulation Stewardship Program in the DOAC Era.,,,,,,
v3.1h-066,42653808,Metformin contraindication in severe renal disease,"Berberine-Drug Interactions: Mechanisms, Clinical Relevance and Risk Stratification-A Narrative Review.","Berberine-Drug Interactions: Mechanisms, Clinical Relevance and Risk Stratification-A Narrative Review.",,,,,,
v3.1h-066,42652369,Metformin contraindication in severe renal disease,"Shifting Public Interest in Liver Health, Hepatotoxic Medications, and Dietary Supplements in Kazakhstan: A Five-Year Google Trends Infodemiology Study.","Shifting Public Interest in Liver Health, Hepatotoxic Medications, and Dietary Supplements in Kazakhstan: A Five-Year Google Trends Infodemiology Study.",,,,,,
v3.1h-066,42128899,Metformin contraindication in severe renal disease,Cilostazol mitigates amiodarone-induced pulmonary toxicity and fibrosis by regulating the cAMP/TGF-β1 pathway-mediated epithelial-to-mesenchymal transition in rats.,Cilostazol mitigates amiodarone-induced pulmonary toxicity and fibrosis by regulating the cAMP/TGF-β1 pathway-mediated epithelial-to-mesenchymal transition in rats.,,,,,,
v3.1h-066,41733550,Metformin contraindication in severe renal disease,Cyclooxygenase-2 Inhibition and Anti-Platelet Aggregation Activity of Astaxanthin-Hydrogel in Comparison to Celecoxib Against Rheumatoid Arthritis in Wistar Rat Model.,Cyclooxygenase-2 Inhibition and Anti-Platelet Aggregation Activity of Astaxanthin-Hydrogel in Comparison to Celecoxib Against Rheumatoid Arthritis in Wistar Rat Model.,,,,,,
v3.1h-066,42398817,Metformin contraindication in severe renal disease,Rediscovering digitalis in heart failure with reduced ejection fraction: Current evidence and expert survey on contemporary use.,Rediscovering digitalis in heart failure with reduced ejection fraction: Current evidence and expert survey on contemporary use.,,,,,,
v3.1h-066,42580175,Metformin contraindication in severe renal disease,"Iodine excess in relation to decreased free thyroxine levels during pregnancy in an iodine-sufficient region, and potential interactions with iron and selenium.","Iodine excess in relation to decreased free thyroxine levels during pregnancy in an iodine-sufficient region, and potential interactions with iron and selenium.",,,,,,
v3.1h-066,42669317,Metformin contraindication in severe renal disease,Ethical considerations in suspected isotretinoin nonadherence and/or diversion.,Ethical considerations in suspected isotretinoin nonadherence and/or diversion.,,,,,,
v3.1h-066,42458467,Metformin contraindication in severe renal disease,"Use of prescription medications potentially harmful during pregnancy among women of reproductive age by pregnancy status and contraceptive use in the United States, 2009-2020.","Use of prescription medications potentially harmful during pregnancy among women of reproductive age by pregnancy status and contraceptive use in the United States, 2009-2020.",,,,,,
v3.1h-066,32666144,Metformin contraindication in severe renal disease,Upper gastrointestinal safety of oral bisphosphonate in hospitalized patients.,Upper gastrointestinal safety of oral bisphosphonate in hospitalized patients.,,,,,,
v3.1h-066,41848246,Metformin contraindication in severe renal disease,[Nausea and dystonia in a woman with psychiatric illness].,[Nausea and dystonia in a woman with psychiatric illness].,,,,,,
v3.1h-067,41098965,Warfarin target INR monitoring,Procoagulant off-target effect of the direct oral anticoagulant reversal agent Andexanet alfa.,Procoagulant off-target effect of the direct oral anticoagulant reversal agent Andexanet alfa.,,,,,,
v3.1h-067,41748094,Warfarin target INR monitoring,Heart Rate-Corrected QT Interval Dynamics Following Antidepressant Switching from Escitalopram to High-Dose Venlafaxine: Cardiac Safety Insights from the Early Medication Change Cohort.,Heart Rate-Corrected QT Interval Dynamics Following Antidepressant Switching from Escitalopram to High-Dose Venlafaxine: Cardiac Safety Insights from the Early Medication Change Cohort.,,,,,,
v3.1h-067,42598366,Warfarin target INR monitoring,"A 76-Year-Old Man With Hemorrhagic Stroke, Recurrent Thromboembolic Events, and Atrial Fibrillation Under Optimal Medical Treatment: When Anticoagulants Fail.","A 76-Year-Old Man With Hemorrhagic Stroke, Recurrent Thromboembolic Events, and Atrial Fibrillation Under Optimal Medical Treatment: When Anticoagulants Fail.",,,,,,
v3.1h-067,42448258,Warfarin target INR monitoring,Anticoagulant Regimen for Nonvalvular Atrial Fibrillation in the Elderly and Frail Population.,Anticoagulant Regimen for Nonvalvular Atrial Fibrillation in the Elderly and Frail Population.,,,,,,
v3.1h-067,42238941,Warfarin target INR monitoring,"A Cross-Sectional Study on Oral Anticoagulant Utilization and Adverse Drug Reactions at Teaching Hospital, Iran.","A Cross-Sectional Study on Oral Anticoagulant Utilization and Adverse Drug Reactions at Teaching Hospital, Iran.",,,,,,
v3.1h-067,42206096,Warfarin target INR monitoring,"Anticoagulation associated intracerebral haemorrhage trends, treatment and outcomes in a metropolitan cohort: analysed by availability of specific versus non-specific reversal agents.","Anticoagulation associated intracerebral haemorrhage trends, treatment and outcomes in a metropolitan cohort: analysed by availability of specific versus non-specific reversal agents.",,,,,,
v3.1h-067,42546121,Warfarin target INR monitoring,Direct Oral Anticoagulants for Atrial Fibrillation in Patients Receiving Hemodialysis: A Review and Discussion of Evidence.,Direct Oral Anticoagulants for Atrial Fibrillation in Patients Receiving Hemodialysis: A Review and Discussion of Evidence.,,,,,,
v3.1h-067,42216360,Warfarin target INR monitoring,Real-world off-label apixaban dosing and clinical outcomes in patients with heart failure and end-stage kidney disease.,Real-world off-label apixaban dosing and clinical outcomes in patients with heart failure and end-stage kidney disease.,,,,,,
v3.1h-067,41004670,Warfarin target INR monitoring,"Correlation Between Escitalopram, Sertraline, and Fluoxetine Serum Levels and QTc Interval Prolongation in Children and Adolescents.","Correlation Between Escitalopram, Sertraline, and Fluoxetine Serum Levels and QTc Interval Prolongation in Children and Adolescents.",,,,,,
v3.1h-067,42327596,Warfarin target INR monitoring,Thrombosis and Survival after Prothrombin Complex Concentrate Use to treat Oral Anticoagulant Associated Haemorrhage.,Thrombosis and Survival after Prothrombin Complex Concentrate Use to treat Oral Anticoagulant Associated Haemorrhage.,,,,,,
v3.1h-067,41754906,Warfarin target INR monitoring,"An Overview of Anticoagulant Drugs Pharmacology, Therapeutic Approaches, Limitations and Perspectives.","An Overview of Anticoagulant Drugs Pharmacology, Therapeutic Approaches, Limitations and Perspectives.",,,,,,
v3.1h-067,42670022,Warfarin target INR monitoring,Apixaban Dose Selection in Kidney Failure: Reconciling Pharmacokinetics and Clinical Outcomes.,Apixaban Dose Selection in Kidney Failure: Reconciling Pharmacokinetics and Clinical Outcomes.,,,,,,
v3.1h-067,41976898,Warfarin target INR monitoring,Anticoagulation Stewardship Program in the DOAC Era.,Anticoagulation Stewardship Program in the DOAC Era.,,,,,,
v3.1h-067,42413824,Warfarin target INR monitoring,Direct oral anticoagulant use and drug-drug interactions in transplant recipients receiving calcineurin inhibitors.,Direct oral anticoagulant use and drug-drug interactions in transplant recipients receiving calcineurin inhibitors.,,,,,,
v3.1h-067,41463106,Warfarin target INR monitoring,Reconsidering Digoxin in Atrial Fibrillation: From Historical Controversy to Physiologically Guided and Personalized Rate Control.,Reconsidering Digoxin in Atrial Fibrillation: From Historical Controversy to Physiologically Guided and Personalized Rate Control.,,,,,,
v3.1h-067,41112691,Warfarin target INR monitoring,"Risk Factors Associated with Thrombus Development Following Pharmacologic Anticoagulation Reversal with Coagulation Factor Xa [Recombinant], Inactivated-zhzo.","Risk Factors Associated with Thrombus Development Following Pharmacologic Anticoagulation Reversal with Coagulation Factor Xa [Recombinant], Inactivated-zhzo.",,,,,,
v3.1h-067,39430173,Warfarin target INR monitoring,Prospective Trial on the Pharmacokinetics of Clopidogrel in Hemodialysis Patients.,Prospective Trial on the Pharmacokinetics of Clopidogrel in Hemodialysis Patients.,,,,,,
v3.1h-067,42087312,Warfarin target INR monitoring,Anticoagulation in Patients With Gastrointestinal Disease.,Anticoagulation in Patients With Gastrointestinal Disease.,,,,,,
v3.1h-067,42636576,Warfarin target INR monitoring,"Real-world variability and factors associated with individual low-density-lipoprotein cholesterol response to different doses of atorvastatin, rosuvastatin, and simvastatin in 28,647 Chinese patients.","Real-world variability and factors associated with individual low-density-lipoprotein cholesterol response to different doses of atorvastatin, rosuvastatin, and simvastatin in 28,647 Chinese patients.",,,,,,
v3.1h-067,42647942,Warfarin target INR monitoring,Use of Corrected QT Cutoffs Derived from Biological Variation to Predict Adverse Events Due to Antipsychotic Drugs: Case Report.,Use of Corrected QT Cutoffs Derived from Biological Variation to Predict Adverse Events Due to Antipsychotic Drugs: Case Report.,,,,,,
v3.1h-067,42658230,Warfarin target INR monitoring,Supratherapeutic Digoxin Levels in Children with Cardiac Disease.,Supratherapeutic Digoxin Levels in Children with Cardiac Disease.,,,,,,
v3.1h-067,42438581,Warfarin target INR monitoring,Unmasking Refractory Hypothyroidism: Persistent Iron-Levothyroxine Interaction Despite Appropriate Dose Separation.,Unmasking Refractory Hypothyroidism: Persistent Iron-Levothyroxine Interaction Despite Appropriate Dose Separation.,,,,,,
v3.1h-067,42394350,Warfarin target INR monitoring,"The DOAC-FRAIL Study-Same Dose, Different Story: Prevalence of Deviant Direct Oral Anticoagulant Levels in Nursing Home Residents.","The DOAC-FRAIL Study-Same Dose, Different Story: Prevalence of Deviant Direct Oral Anticoagulant Levels in Nursing Home Residents.",,,,,,
v3.1h-067,28520369,Warfarin target INR monitoring,Celecoxib Therapy and CYP2C9 Genotype.,Celecoxib Therapy and CYP2C9 Genotype.,,,,,,
v3.1h-067,42665888,Warfarin target INR monitoring,"EXPRESS: Effect of oral gabapentin administered in-hospital on behavioral stress, compliance, and physiologic stress markers: a randomized, double-blind, placebo-controlled trial.","EXPRESS: Effect of oral gabapentin administered in-hospital on behavioral stress, compliance, and physiologic stress markers: a randomized, double-blind, placebo-controlled trial.",,,,,,
v3.1h-067,42630019,Warfarin target INR monitoring,Pharmacogenomics in Dentistry: From CYP-Mediated Drug Response to Precision Prescribing in Oral Healthcare.,Pharmacogenomics in Dentistry: From CYP-Mediated Drug Response to Precision Prescribing in Oral Healthcare.,,,,,,
v3.1h-067,42438486,Warfarin target INR monitoring,"A first-in-human study evaluating safety, PK, and PD of a novel universal anticoagulant reversal agent, OKL-1111.","A first-in-human study evaluating safety, PK, and PD of a novel universal anticoagulant reversal agent, OKL-1111.",,,,,,
v3.1h-067,41406988,Warfarin target INR monitoring,Trends and variation in the use of andexanet alfa for the reversal of direct oral anticoagulants in NHS trusts in England.,Trends and variation in the use of andexanet alfa for the reversal of direct oral anticoagulants in NHS trusts in England.,,,,,,
v3.1h-067,42269153,Warfarin target INR monitoring,Antidotes for Anticoagulation Reversal.,Antidotes for Anticoagulation Reversal.,,,,,,
v3.1h-067,41818114,Warfarin target INR monitoring,Dabigatran-induced Gastrointestinal Bleed Treated by 4-factor Prothrombin Complex Concentrate in a Tertiary Care Hospital in Sikkim.,Dabigatran-induced Gastrointestinal Bleed Treated by 4-factor Prothrombin Complex Concentrate in a Tertiary Care Hospital in Sikkim.,,,,,,
v3.1h-067,42415794,Warfarin target INR monitoring,Pharmacovigilance profiles of three generations of mineralocorticoid receptor antagonists and network toxicology analysis.,Pharmacovigilance profiles of three generations of mineralocorticoid receptor antagonists and network toxicology analysis.,,,,,,
v3.1h-067,42293737,Warfarin target INR monitoring,A UK-wide analysis of the use of reversal agents in 198 patients on direct oral anticoagulants prior to urgent procedures.,A UK-wide analysis of the use of reversal agents in 198 patients on direct oral anticoagulants prior to urgent procedures.,,,,,,
v3.1h-067,41141842,Warfarin target INR monitoring,Andexanet alfa for the reversal of the low-molecular-weight heparin enoxaparin.,Andexanet alfa for the reversal of the low-molecular-weight heparin enoxaparin.,,,,,,
v3.1h-067,40825054,Warfarin target INR monitoring,"Analysis of hemorrhagic transformation and intracerebral hemorrhage under combination therapy with alteplase and antiplatelets or anticoagulants, using the Japanese Adverse Drug Event Report database.","Analysis of hemorrhagic transformation and intracerebral hemorrhage under combination therapy with alteplase and antiplatelets or anticoagulants, using the Japanese Adverse Drug Event Report database.",,,,,,
v3.1h-067,40289797,Warfarin target INR monitoring,Association of Biomarkers With Intracerebral Hematoma Expansion and Arterial Thromboembolic Events in Patients With Acute Intracranial Hemorrhage: The ANNEXA-I Biomarker Substudy.,Association of Biomarkers With Intracerebral Hematoma Expansion and Arterial Thromboembolic Events in Patients With Acute Intracranial Hemorrhage: The ANNEXA-I Biomarker Substudy.,,,,,,
v3.1h-067,42359186,Warfarin target INR monitoring,Early-Onset Amiodarone Pulmonary Toxicity at a Standard Maintenance Dose Masquerading as Decompensated Heart Failure: A Case Report and Literature Review.,Early-Onset Amiodarone Pulmonary Toxicity at a Standard Maintenance Dose Masquerading as Decompensated Heart Failure: A Case Report and Literature Review.,,,,,,
v3.1h-067,42295720,Warfarin target INR monitoring,Continuous alternate day vs intermittent daily fixed doses of oral isotretinoin in grade 2 acne vulgaris.,Continuous alternate day vs intermittent daily fixed doses of oral isotretinoin in grade 2 acne vulgaris.,,,,,,
v3.1h-067,42181774,Warfarin target INR monitoring,Transient abnormal acylcarnitine profile in newborn screening mimicking multiple acyl-Coenzyme A dehydrogenase deficiency associated with maternal sertraline use.,Transient abnormal acylcarnitine profile in newborn screening mimicking multiple acyl-Coenzyme A dehydrogenase deficiency associated with maternal sertraline use.,,,,,,
v3.1h-067,42364820,Warfarin target INR monitoring,Finerenone: a next-generation nonsteroidal mineralocorticoid receptor antagonist reshaping the management of cardiovascular and metabolic diseases.,Finerenone: a next-generation nonsteroidal mineralocorticoid receptor antagonist reshaping the management of cardiovascular and metabolic diseases.,,,,,,
v3.1h-067,42332214,Warfarin target INR monitoring,Optimizing Amiodarone Maintenance Dose to Minimize N-Desethylamiodarone Accumulation and Pulmonary Toxicity: Insights from Machine Learning and Pharmacokinetic Simulation.,Optimizing Amiodarone Maintenance Dose to Minimize N-Desethylamiodarone Accumulation and Pulmonary Toxicity: Insights from Machine Learning and Pharmacokinetic Simulation.,,,,,,
v3.1h-067,40828441,Warfarin target INR monitoring,Oral anticoagulants-related bleeding: what happens in the emergency room? The Galeno study.,Oral anticoagulants-related bleeding: what happens in the emergency room? The Galeno study.,,,,,,
v3.1h-067,42622073,Warfarin target INR monitoring,Assessment of Pharmacokinetic Interaction and Clinical Efficacy of Clopidogrel Co-administered with Ilaprazole.,Assessment of Pharmacokinetic Interaction and Clinical Efficacy of Clopidogrel Co-administered with Ilaprazole.,,,,,,
v3.1h-067,31583609,Warfarin target INR monitoring,Physiologically Based Pharmacokinetic Modelling to Identify Pharmacokinetic Parameters Driving Drug Exposure Changes in the Elderly.,Physiologically Based Pharmacokinetic Modelling to Identify Pharmacokinetic Parameters Driving Drug Exposure Changes in the Elderly.,,,,,,
v3.1h-067,40978465,Warfarin target INR monitoring,Abnormal Ca(2+) handling and reduced I(to) contribute to citalopram-induced QT prolongation and cardiac arrhythmias.,Abnormal Ca(2+) handling and reduced I(to) contribute to citalopram-induced QT prolongation and cardiac arrhythmias.,,,,,,
v3.1h-067,41278442,Warfarin target INR monitoring,Pharmacological management of major complications following left ventricular assist device implantation in type 2 diabetes mellitus.,Pharmacological management of major complications following left ventricular assist device implantation in type 2 diabetes mellitus.,,,,,,
v3.1h-067,42034022,Warfarin target INR monitoring,Lower dosing of Loxoprofen in type two diabetics with bone fractures/surgeries; Distinction from common NSAIDs.,Lower dosing of Loxoprofen in type two diabetics with bone fractures/surgeries; Distinction from common NSAIDs.,,,,,,
v3.1h-067,41977337,Warfarin target INR monitoring,Pharmacological Management of Thrombosis: Current State and Future Strategies.,Pharmacological Management of Thrombosis: Current State and Future Strategies.,,,,,,
v3.1h-067,40618353,Warfarin target INR monitoring,[Management of emergencies in direct oral anticoagulant-treated patients: practice pearls].,[Management of emergencies in direct oral anticoagulant-treated patients: practice pearls].,,,,,,
v3.1h-067,29262813,Warfarin target INR monitoring,Renoprotective RAAS inhibition does not affect the association between worse renal function and higher plasma aldosterone levels.,Renoprotective RAAS inhibition does not affect the association between worse renal function and higher plasma aldosterone levels.,,,,,,
v3.1h-067,40198642,Warfarin target INR monitoring,Impact of Ginkgo biloba drug interactions on bleeding risk and coagulation profiles: A comprehensive analysis.,Impact of Ginkgo biloba drug interactions on bleeding risk and coagulation profiles: A comprehensive analysis.,,,,,,
v3.1h-067,42654146,Warfarin target INR monitoring,Moxifloxacin-Mediated Downregulation of Intestinal P-Glycoprotein Alters the Pharmacokinetics of Dabigatran Etexilate: Mechanistic Insights in Rats and PBPK Model-Informed Dose Optimization.,Moxifloxacin-Mediated Downregulation of Intestinal P-Glycoprotein Alters the Pharmacokinetics of Dabigatran Etexilate: Mechanistic Insights in Rats and PBPK Model-Informed Dose Optimization.,,,,,,
v3.1h-067,40915652,Warfarin target INR monitoring,Nonsteroidal Anti-Inflammatory Drugs and Risk of Gastrointestinal Bleeding: A Systematic Review and Meta-Analysis.,Nonsteroidal Anti-Inflammatory Drugs and Risk of Gastrointestinal Bleeding: A Systematic Review and Meta-Analysis.,,,,,,
v3.1h-067,42666103,Warfarin target INR monitoring,Clinical relevance of pharmacogenomic information for improving prescribing practices in acutely admitted older medical patients.,Clinical relevance of pharmacogenomic information for improving prescribing practices in acutely admitted older medical patients.,,,,,,
v3.1h-067,42590087,Warfarin target INR monitoring,"Digoxin Dosing Errors, Drug Interactions and Off-Label Risks: Insights from an EudraVigilance Disproportionality Analysis.","Digoxin Dosing Errors, Drug Interactions and Off-Label Risks: Insights from an EudraVigilance Disproportionality Analysis.",,,,,,
v3.1h-067,41846702,Warfarin target INR monitoring,Acute Myocardial Infarction Secondary to Triple Vessel Coronary Artery Disease in a 31-year-old Female with Systemic Lupus Erythematosus: Case Report and Review of Literature.,Acute Myocardial Infarction Secondary to Triple Vessel Coronary Artery Disease in a 31-year-old Female with Systemic Lupus Erythematosus: Case Report and Review of Literature.,,,,,,
v3.1h-067,41225655,Warfarin target INR monitoring,TNF-α inhibitor etanercept improves cerebrovascular function in elderly RA patients: findings from a randomized controlled trial.,TNF-α inhibitor etanercept improves cerebrovascular function in elderly RA patients: findings from a randomized controlled trial.,,,,,,
v3.1h-069,40988289,Diagnosis of drug induced hepatotoxicity,Drug-drug interactions: A descriptive analysis of FDA adverse event reporting system.,Drug-drug interactions: A descriptive analysis of FDA adverse event reporting system.,,,,,,
v3.1h-069,42466914,Diagnosis of drug induced hepatotoxicity,Amiodarone-induced pulmonary toxicity: case series and review of clinical-radiological correlations.,Amiodarone-induced pulmonary toxicity: case series and review of clinical-radiological correlations.,,,,,,
v3.1h-069,42429832,Diagnosis of drug induced hepatotoxicity,Current perspectives on natural and pharmacological interventions for combating drug-induced pulmonary toxicity.,Current perspectives on natural and pharmacological interventions for combating drug-induced pulmonary toxicity.,,,,,,
v3.1h-069,42653173,Diagnosis of drug induced hepatotoxicity,Molecular Mechanisms of Acute Drug Toxicity in Polypharmacy: Analgesic-Psychotropic Interactions.,Molecular Mechanisms of Acute Drug Toxicity in Polypharmacy: Analgesic-Psychotropic Interactions.,,,,,,
v3.1h-069,42628776,Diagnosis of drug induced hepatotoxicity,Differentiating hepatic and renal toxicity reveals CYP-independent mechanisms of acetaminophen-induced acute kidney injury.,Differentiating hepatic and renal toxicity reveals CYP-independent mechanisms of acetaminophen-induced acute kidney injury.,,,,,,
v3.1h-069,42595240,Diagnosis of drug induced hepatotoxicity,Xenobiotic-Induced Liver Injury in the United States: A 25-Year Retrospective Analysis of National Poison Data System.,Xenobiotic-Induced Liver Injury in the United States: A 25-Year Retrospective Analysis of National Poison Data System.,,,,,,
v3.1h-069,42413824,Diagnosis of drug induced hepatotoxicity,Direct oral anticoagulant use and drug-drug interactions in transplant recipients receiving calcineurin inhibitors.,Direct oral anticoagulant use and drug-drug interactions in transplant recipients receiving calcineurin inhibitors.,,,,,,
v3.1h-069,42631638,Diagnosis of drug induced hepatotoxicity,Diallyl trisulfide ameliorates acetaminophen-induced acute liver injury through the oxidative modification of CYP2E1 cysteine residues.,Diallyl trisulfide ameliorates acetaminophen-induced acute liver injury through the oxidative modification of CYP2E1 cysteine residues.,,,,,,
v3.1h-069,42045358,Diagnosis of drug induced hepatotoxicity,Prevalence of drug-induced interstitial lung disease in Saudi Arabia: a real-world data study.,Prevalence of drug-induced interstitial lung disease in Saudi Arabia: a real-world data study.,,,,,,
v3.1h-069,42573610,Diagnosis of drug induced hepatotoxicity,Paracetamol-induced hepatic injury following intentional self-poisoning: a case report and therapeutic considerations.,Paracetamol-induced hepatic injury following intentional self-poisoning: a case report and therapeutic considerations.,,,,,,
v3.1h-069,42192153,Diagnosis of drug induced hepatotoxicity,Folic acid attenuates maternal sertraline-induced hepatic injury in rat offspring.,Folic acid attenuates maternal sertraline-induced hepatic injury in rat offspring.,,,,,,
v3.1h-069,42662351,Diagnosis of drug induced hepatotoxicity,Sertraline-induced fetotoxicity in mice: Protective effects of vitamin E on foetal growth and organ histology.,Sertraline-induced fetotoxicity in mice: Protective effects of vitamin E on foetal growth and organ histology.,,,,,,
v3.1h-069,42671218,Diagnosis of drug induced hepatotoxicity,Protective Effects of Luteolin Against Cisplatin-Induced Hepatic and Renal Toxicity: Biochemical and Cellular Evidence.,Protective Effects of Luteolin Against Cisplatin-Induced Hepatic and Renal Toxicity: Biochemical and Cellular Evidence.,,,,,,
v3.1h-069,41840835,Diagnosis of drug induced hepatotoxicity,Signal detection of drug-induced esophageal ulcer across 20 years of real-world study: Focus on 49 high-risk medicines.,Signal detection of drug-induced esophageal ulcer across 20 years of real-world study: Focus on 49 high-risk medicines.,,,,,,
v3.1h-069,42528583,Diagnosis of drug induced hepatotoxicity,Amiodarone-induced granulomatous lung injury mimicking organizing pneumonia: a case report.,Amiodarone-induced granulomatous lung injury mimicking organizing pneumonia: a case report.,,,,,,
v3.1h-069,42638417,Diagnosis of drug induced hepatotoxicity,The Bacterial Metabolite Lndole-3-Propionic Acid Alleviates Acetaminophen-Induced Acute Liver Injury Partly through the Aryl Hydrocarbon Receptor Pathway.,The Bacterial Metabolite Lndole-3-Propionic Acid Alleviates Acetaminophen-Induced Acute Liver Injury Partly through the Aryl Hydrocarbon Receptor Pathway.,,,,,,
v3.1h-069,42121128,Diagnosis of drug induced hepatotoxicity,Evaluation of drugs and risk factors requiring therapeutic drug monitoring in the Neonatal Intensive Care Unit: a retrospective study.,Evaluation of drugs and risk factors requiring therapeutic drug monitoring in the Neonatal Intensive Care Unit: a retrospective study.,,,,,,
v3.1h-069,42670801,Diagnosis of drug induced hepatotoxicity,Therapeutic Potential of Nanocurcumin in Mitigating Duloxetine-Induced Hepatic Damage: Biochemical and Histopathological Insights.,Therapeutic Potential of Nanocurcumin in Mitigating Duloxetine-Induced Hepatic Damage: Biochemical and Histopathological Insights.,,,,,,
v3.1h-069,41808861,Diagnosis of drug induced hepatotoxicity,Network toxicology reveals key genes of amiodarone induced pulmonary fibrosis: based on machine learning and SHAP analysis.,Network toxicology reveals key genes of amiodarone induced pulmonary fibrosis: based on machine learning and SHAP analysis.,,,,,,
v3.1h-069,42665174,Diagnosis of drug induced hepatotoxicity,Acetaminophen-induced developmental neurobehavioral and sensory organ toxicity in zebrafish.,Acetaminophen-induced developmental neurobehavioral and sensory organ toxicity in zebrafish.,,,,,,
v3.1h-069,42558881,Diagnosis of drug induced hepatotoxicity,Drug-associated psoriasis: a pharmacovigilance study based on the FAERS database.,Drug-associated psoriasis: a pharmacovigilance study based on the FAERS database.,,,,,,
v3.1h-069,42660303,Diagnosis of drug induced hepatotoxicity,Cardioprotective effects of natural phytochemicals from traditional medicinal plants against doxorubicin-induced cardiotoxicity: A meta-analysis of preclinical studies.,Cardioprotective effects of natural phytochemicals from traditional medicinal plants against doxorubicin-induced cardiotoxicity: A meta-analysis of preclinical studies.,,,,,,
v3.1h-069,41828566,Diagnosis of drug induced hepatotoxicity,"Integrating Network Toxicology, Machine Learning, and Molecular Dynamics to Explore the Molecular Network of Triclosan-Induced Acute Myocardial Infarction.","Integrating Network Toxicology, Machine Learning, and Molecular Dynamics to Explore the Molecular Network of Triclosan-Induced Acute Myocardial Infarction.",,,,,,
v3.1h-069,42653808,Diagnosis of drug induced hepatotoxicity,"Berberine-Drug Interactions: Mechanisms, Clinical Relevance and Risk Stratification-A Narrative Review.","Berberine-Drug Interactions: Mechanisms, Clinical Relevance and Risk Stratification-A Narrative Review.",,,,,,
v3.1h-069,40825054,Diagnosis of drug induced hepatotoxicity,"Analysis of hemorrhagic transformation and intracerebral hemorrhage under combination therapy with alteplase and antiplatelets or anticoagulants, using the Japanese Adverse Drug Event Report database.","Analysis of hemorrhagic transformation and intracerebral hemorrhage under combination therapy with alteplase and antiplatelets or anticoagulants, using the Japanese Adverse Drug Event Report database.",,,,,,
v3.1h-069,42326111,Diagnosis of drug induced hepatotoxicity,Lascufloxacin-Induced QT Prolongation in an Elderly Patient Treated With Escitalopram: A Case Report.,Lascufloxacin-Induced QT Prolongation in an Elderly Patient Treated With Escitalopram: A Case Report.,,,,,,
v3.1h-069,42678243,Diagnosis of drug induced hepatotoxicity,MSCs overexpressing FGF21 alleviate acetaminophen-induced acute liver injury by eliciting macrophage-mediated phagocytosis.,MSCs overexpressing FGF21 alleviate acetaminophen-induced acute liver injury by eliciting macrophage-mediated phagocytosis.,,,,,,
v3.1h-069,42128899,Diagnosis of drug induced hepatotoxicity,Cilostazol mitigates amiodarone-induced pulmonary toxicity and fibrosis by regulating the cAMP/TGF-β1 pathway-mediated epithelial-to-mesenchymal transition in rats.,Cilostazol mitigates amiodarone-induced pulmonary toxicity and fibrosis by regulating the cAMP/TGF-β1 pathway-mediated epithelial-to-mesenchymal transition in rats.,,,,,,
v3.1h-069,42238941,Diagnosis of drug induced hepatotoxicity,"A Cross-Sectional Study on Oral Anticoagulant Utilization and Adverse Drug Reactions at Teaching Hospital, Iran.","A Cross-Sectional Study on Oral Anticoagulant Utilization and Adverse Drug Reactions at Teaching Hospital, Iran.",,,,,,
v3.1h-069,38832136,Diagnosis of drug induced hepatotoxicity,From pill to pain: Alendronate-induced esophageal injury-A case report and review.,From pill to pain: Alendronate-induced esophageal injury-A case report and review.,,,,,,
v3.1h-069,42677606,Diagnosis of drug induced hepatotoxicity,Mitochondrial Unfolded Protein Response Regulates Copper-Induced Oxidative Stress via a Sirt3/FOXO3a Signaling Pathway in Chicken Hepatocytes.,Mitochondrial Unfolded Protein Response Regulates Copper-Induced Oxidative Stress via a Sirt3/FOXO3a Signaling Pathway in Chicken Hepatocytes.,,,,,,
v3.1h-069,42677663,Diagnosis of drug induced hepatotoxicity,Chronic BDE-47 Exposure Induces DNA Damage in Hepatocytes: Involvement of Oxidative Stress and CYP1A1/2 Upregulation.,Chronic BDE-47 Exposure Induces DNA Damage in Hepatocytes: Involvement of Oxidative Stress and CYP1A1/2 Upregulation.,,,,,,
v3.1h-069,42359186,Diagnosis of drug induced hepatotoxicity,Early-Onset Amiodarone Pulmonary Toxicity at a Standard Maintenance Dose Masquerading as Decompensated Heart Failure: A Case Report and Literature Review.,Early-Onset Amiodarone Pulmonary Toxicity at a Standard Maintenance Dose Masquerading as Decompensated Heart Failure: A Case Report and Literature Review.,,,,,,
v3.1h-069,33986677,Diagnosis of drug induced hepatotoxicity,"Radiation Increases Bioavailability of Lisinopril, a Mitigator of Radiation-Induced Toxicities.","Radiation Increases Bioavailability of Lisinopril, a Mitigator of Radiation-Induced Toxicities.",,,,,,
v3.1h-069,42674100,Diagnosis of drug induced hepatotoxicity,Drug Repurposing Signals for Abdominal Aortic Aneurysms.,Drug Repurposing Signals for Abdominal Aortic Aneurysms.,,,,,,
v3.1h-069,42678094,Diagnosis of drug induced hepatotoxicity,Deciphering the Mechanisms of Statin-Ezetimibe Drug Combinations Using Boolean Logical Modeling and Transcriptomic Data.,Deciphering the Mechanisms of Statin-Ezetimibe Drug Combinations Using Boolean Logical Modeling and Transcriptomic Data.,,,,,,
v3.1h-069,42678242,Diagnosis of drug induced hepatotoxicity,Hepatoprotective effects of resolvin D1 in mice exposed to ethanol and galactosamine.,Hepatoprotective effects of resolvin D1 in mice exposed to ethanol and galactosamine.,,,,,,
v3.1h-069,40198642,Diagnosis of drug induced hepatotoxicity,Impact of Ginkgo biloba drug interactions on bleeding risk and coagulation profiles: A comprehensive analysis.,Impact of Ginkgo biloba drug interactions on bleeding risk and coagulation profiles: A comprehensive analysis.,,,,,,
v3.1h-069,38053572,Diagnosis of drug induced hepatotoxicity,Nephroprotective effects of diminazene on doxorubicin-induced acute kidney injury in rats.,Nephroprotective effects of diminazene on doxorubicin-induced acute kidney injury in rats.,,,,,,
v3.1h-069,40149400,Diagnosis of drug induced hepatotoxicity,The Association Between Statin Drugs and Rhabdomyolysis: An Analysis of FDA Adverse Event Reporting System (FAERS) Data and Transcriptomic Profiles.,The Association Between Statin Drugs and Rhabdomyolysis: An Analysis of FDA Adverse Event Reporting System (FAERS) Data and Transcriptomic Profiles.,,,,,,
v3.1h-069,42063765,Diagnosis of drug induced hepatotoxicity,Evaluation of community pharmacists' knowledge and real-world practices in drug interaction management: a cross-sectional study.,Evaluation of community pharmacists' knowledge and real-world practices in drug interaction management: a cross-sectional study.,,,,,,
v3.1h-069,42181774,Diagnosis of drug induced hepatotoxicity,Transient abnormal acylcarnitine profile in newborn screening mimicking multiple acyl-Coenzyme A dehydrogenase deficiency associated with maternal sertraline use.,Transient abnormal acylcarnitine profile in newborn screening mimicking multiple acyl-Coenzyme A dehydrogenase deficiency associated with maternal sertraline use.,,,,,,
v3.1h-069,40881144,Diagnosis of drug induced hepatotoxicity,A Description of QT-Interval Prolonging Drug Interactions with Fluoroquinolones in Older Women with Uncomplicated Urinary Tract Infections.,A Description of QT-Interval Prolonging Drug Interactions with Fluoroquinolones in Older Women with Uncomplicated Urinary Tract Infections.,,,,,,
v3.1h-069,42670540,Diagnosis of drug induced hepatotoxicity,Mechanisms and the Role of p38 MAPK Signaling in Doxorubicin-Induced Cardiotoxicity: A Review.,Mechanisms and the Role of p38 MAPK Signaling in Doxorubicin-Induced Cardiotoxicity: A Review.,,,,,,
v3.1h-069,42267072,Diagnosis of drug induced hepatotoxicity,A Case of Prolonged Serotonin Toxicity After Fluoxetine Ingestion in an Adolescent Patient.,A Case of Prolonged Serotonin Toxicity After Fluoxetine Ingestion in an Adolescent Patient.,,,,,,
v3.1h-069,42652369,Diagnosis of drug induced hepatotoxicity,"Shifting Public Interest in Liver Health, Hepatotoxic Medications, and Dietary Supplements in Kazakhstan: A Five-Year Google Trends Infodemiology Study.","Shifting Public Interest in Liver Health, Hepatotoxic Medications, and Dietary Supplements in Kazakhstan: A Five-Year Google Trends Infodemiology Study.",,,,,,
v3.1h-069,42294746,Diagnosis of drug induced hepatotoxicity,[Which aldosterone antagonist? Choosing between sprionolactone and the novel drug finerenone].,[Which aldosterone antagonist? Choosing between sprionolactone and the novel drug finerenone].,,,,,,
v3.1h-069,40771914,Diagnosis of drug induced hepatotoxicity,"Pharmacodynamics, pharmacokinetics, interactions with other drugs, toxicity and clinical effectiveness of proton pump inhibitors.","Pharmacodynamics, pharmacokinetics, interactions with other drugs, toxicity and clinical effectiveness of proton pump inhibitors.",,,,,,
v3.1h-069,42663925,Diagnosis of drug induced hepatotoxicity,Selective and Time-Dependent Alterations in Cytochrome P450 (CYP) Enzyme Activity and Expression by Major Phytocannabinoids.,Selective and Time-Dependent Alterations in Cytochrome P450 (CYP) Enzyme Activity and Expression by Major Phytocannabinoids.,,,,,,
v3.1h-069,38676494,Diagnosis of drug induced hepatotoxicity,"A Review of the Association between Infections, Seizures, and Drugs.","A Review of the Association between Infections, Seizures, and Drugs.",,,,,,
v3.1h-069,42436620,Diagnosis of drug induced hepatotoxicity,Research on drug interactions and efficacy optimization of combined medication for elderly patients with ischemic cerebrovascular disease in Guangxi Zhuang Autonomous Region.,Research on drug interactions and efficacy optimization of combined medication for elderly patients with ischemic cerebrovascular disease in Guangxi Zhuang Autonomous Region.,,,,,,
v3.1h-069,41846702,Diagnosis of drug induced hepatotoxicity,Acute Myocardial Infarction Secondary to Triple Vessel Coronary Artery Disease in a 31-year-old Female with Systemic Lupus Erythematosus: Case Report and Review of Literature.,Acute Myocardial Infarction Secondary to Triple Vessel Coronary Artery Disease in a 31-year-old Female with Systemic Lupus Erythematosus: Case Report and Review of Literature.,,,,,,
v3.1h-069,42630019,Diagnosis of drug induced hepatotoxicity,Pharmacogenomics in Dentistry: From CYP-Mediated Drug Response to Precision Prescribing in Oral Healthcare.,Pharmacogenomics in Dentistry: From CYP-Mediated Drug Response to Precision Prescribing in Oral Healthcare.,,,,,,
v3.1h-069,41158891,Diagnosis of drug induced hepatotoxicity,Seizures Following Single-Dose Intravenous Tramadol for Postsurgical Pain: A Report of Two Cases.,Seizures Following Single-Dose Intravenous Tramadol for Postsurgical Pain: A Report of Two Cases.,,,,,,
v3.1h-069,42586461,Diagnosis of drug induced hepatotoxicity,Pharmacogenomic and drug interactions risk in cardio-oncology: A precision medicine perspective for India.,Pharmacogenomic and drug interactions risk in cardio-oncology: A precision medicine perspective for India.,,,,,,
v3.1h-069,36300543,Diagnosis of drug induced hepatotoxicity,"The effect of diminazene, an angiotensin-converting enzyme 2 activator, on adenine-induced chronic kidney disease in rats.","The effect of diminazene, an angiotensin-converting enzyme 2 activator, on adenine-induced chronic kidney disease in rats.",,,,,,
v3.1h-069,38710058,Diagnosis of drug induced hepatotoxicity,"The Salutary Effects of Diminazene, Lisinopril or Valsartan on Cisplatin - Induced Acute Kidney Injury in Rats: A Comparative Study.","The Salutary Effects of Diminazene, Lisinopril or Valsartan on Cisplatin - Induced Acute Kidney Injury in Rats: A Comparative Study.",,,,,,
